model,mode,sample_index,psnr,ssim,lpips,pce
phasenet_default,easy,0,28.434981380991708,0.7739207148551941,0.20966622233390808,1.7920718734206649
phasenet_default,easy,1,29.08692841511126,0.8120875954627991,0.2167615443468094,1.6524748252218393
phasenet_default,easy,2,37.312184824657145,0.9684292078018188,0.05011151358485222,0.932773060029338
phasenet_default,easy,3,36.262640299808794,0.9543328881263733,0.08494442701339722,1.1032097429069558
phasenet_default,easy,4,31.35273105692011,0.865410327911377,0.1968085765838623,1.5105375926191504
phasenet_default,easy,5,34.756482599782174,0.9249886870384216,0.12612473964691162,1.139282825270432
phasenet_default,easy,6,28.804253525748067,0.7973701357841492,0.205051451921463,1.7139107028665344
phasenet_default,easy,7,35.170496068071124,0.9529595375061035,0.06782731413841248,0.9476213363318988
phasenet_default,easy,8,34.326186517804736,0.9549119472503662,0.05661029741168022,1.0291500500352122
phasenet_default,easy,9,36.43867365486979,0.9692559838294983,0.04337269812822342,0.9464697522625573
phasenet_default,easy,10,29.143240019253227,0.8646484613418579,0.19101354479789734,1.3526330642812967
phasenet_default,easy,11,33.94913381562857,0.9449294805526733,0.09071332216262817,1.1443932316205554
phasenet_default,easy,12,31.761279328307165,0.9244402050971985,0.13562993705272675,1.2980474133039355
phasenet_default,easy,13,32.1459591669369,0.9373032450675964,0.09336011111736298,1.0980950596611532
phasenet_default,easy,14,32.596606163713204,0.9332177639007568,0.09607025235891342,1.1615279291555465
phasenet_default,easy,15,32.58957052286465,0.9425964951515198,0.08273616433143616,1.1296343072079618
phasenet_default,easy,16,31.66005242487931,0.9515379071235657,0.0645904466509819,1.0165584685503364
phasenet_default,easy,17,32.365990354648176,0.9328251481056213,0.09446443617343903,1.1381264865521337
phasenet_default,easy,18,27.78447168742314,0.8044477105140686,0.22878079116344452,1.6590074954596177
phasenet_default,easy,19,28.773566007242678,0.8795005083084106,0.15036869049072266,1.3941125575277455
phasenet_default,easy,20,30.182513460455432,0.8191729784011841,0.2189890742301941,1.7027544612349474
phasenet_default,easy,21,31.613657165908805,0.8657336235046387,0.2023482769727707,1.627459882345868
phasenet_default,easy,22,32.36767708848758,0.886840283870697,0.2069658488035202,1.5938389611022372
phasenet_default,easy,23,34.054485724071746,0.9116091728210449,0.19798167049884796,1.575402740302919
phasenet_default,easy,24,33.37578228132965,0.909561276435852,0.1848602294921875,1.5782148587104772
phasenet_default,easy,25,35.562129047193515,0.9381089806556702,0.14166009426116943,1.4542258603709208
phasenet_default,easy,26,31.988943598516386,0.8742483854293823,0.2955295443534851,1.7107600953919584
phasenet_default,easy,27,30.944941490063375,0.8506944179534912,0.32305335998535156,1.6910827948735772
phasenet_default,easy,28,33.139760881503626,0.9100750684738159,0.19552168250083923,1.4877250372685276
phasenet_default,easy,29,32.148717497709015,0.8867156505584717,0.24627406895160675,1.6013767438511906
phasenet_default,easy,30,30.076812701090798,0.8882228136062622,0.13851378858089447,1.0840525806253316
phasenet_default,easy,31,31.023286452222237,0.9064555168151855,0.10340537130832672,0.992652439100118
phasenet_default,easy,32,33.47774252437526,0.950229823589325,0.07522783428430557,0.8026512586093716
phasenet_default,easy,33,34.1632846398841,0.9651312232017517,0.06126290187239647,0.7003164468432603
phasenet_default,easy,34,34.74082741168586,0.9690051078796387,0.053801294416189194,0.7332299540942138
phasenet_default,easy,35,35.52294058747635,0.977051317691803,0.04370095953345299,0.5986561463038244
phasenet_default,easy,36,35.417150953394376,0.976977527141571,0.048842206597328186,0.5839661158653784
phasenet_default,easy,37,34.97210011894723,0.9734254479408264,0.04966350272297859,0.7045774975972823
phasenet_default,easy,38,35.69073288857419,0.9780918955802917,0.0515647754073143,0.48669522126487563
phasenet_default,easy,39,35.39406375453188,0.9759910106658936,0.048876773566007614,0.712993018929675
phasenet_default,easy,40,31.63174062522568,0.8605644106864929,0.15743136405944824,1.530911124180526
phasenet_default,easy,41,33.94864808609075,0.9226629137992859,0.13561071455478668,1.426951043627884
phasenet_default,easy,42,28.74846358985127,0.7513977289199829,0.2908886969089508,1.7767681348327693
phasenet_default,easy,43,33.37662354906092,0.8867672085762024,0.14225377142429352,1.4396830962439968
phasenet_default,easy,44,34.63228132305071,0.9250569939613342,0.14897722005844116,1.2267788337858931
phasenet_default,easy,45,33.977836007541114,0.8991702795028687,0.19275903701782227,1.2501035561611782
phasenet_default,easy,46,29.466357974855622,0.8414702415466309,0.22103603184223175,1.5495066335801768
phasenet_default,easy,47,29.742368050414186,0.8647385835647583,0.2214968353509903,1.3974477954981785
phasenet_default,easy,48,28.617664002155692,0.8288012742996216,0.23719871044158936,1.5692077073039816
phasenet_default,easy,49,24.64779699484421,0.6261228322982788,0.35942578315734863,1.7329917617929118
phasenet_default,easy,50,26.50464391103108,0.7664022445678711,0.22172757983207703,1.7516898543948316
phasenet_default,easy,51,22.664666380569436,0.5257512331008911,0.3353484272956848,1.8245734048771984
phasenet_default,easy,52,34.943129434876795,0.9675368666648865,0.051484085619449615,0.8397353767736179
phasenet_default,easy,53,25.55650398851613,0.6811209917068481,0.3000352680683136,1.740509793438033
phasenet_default,easy,54,32.3498185347063,0.896205484867096,0.16240911185741425,1.2928205781785165
phasenet_default,easy,55,30.370632039611735,0.8706879615783691,0.17715343832969666,1.461751748715835
phasenet_default,easy,56,36.200163159268506,0.9626270532608032,0.06652433425188065,0.7702113517222169
phasenet_default,easy,57,31.936239694422706,0.8898714184761047,0.15359482169151306,1.3248951537143954
phasenet_default,easy,58,25.09129217130117,0.6844791769981384,0.26634347438812256,1.8035927831229208
phasenet_default,easy,59,25.255706124882487,0.6766147613525391,0.2620472013950348,1.7403280401756174
phasenet_default,easy,60,34.76873795313095,0.9610961675643921,0.06777169555425644,0.9891771720008107
phasenet_default,easy,61,34.99793136626752,0.9634830951690674,0.0732792317867279,0.9837680111695427
phasenet_default,easy,62,24.250230738956038,0.6571472883224487,0.32141807675361633,1.786940791004437
phasenet_default,easy,63,32.29465672882074,0.9001074433326721,0.18022499978542328,1.252683730912487
phasenet_default,easy,64,33.72654029464173,0.9393646717071533,0.12169738113880157,1.053452010088742
phasenet_default,easy,65,20.90680470291503,0.4930473268032074,0.3909950256347656,1.9082544849025025
phasenet_default,easy,66,27.524251069457293,0.8016625046730042,0.21302279829978943,1.5504671037749622
phasenet_default,easy,67,28.650437547571975,0.8274313807487488,0.1970827728509903,1.4428524647176502
phasenet_default,easy,68,25.328310717314928,0.7235268354415894,0.3018566370010376,1.5481379645445434
phasenet_default,easy,69,34.69413168701375,0.9558861255645752,0.07503309845924377,0.8761466412001109
phasenet_default,easy,70,33.72684289515804,0.9610076546669006,0.05457448959350586,1.0952661038250362
phasenet_default,easy,71,21.875995540002165,0.5575507879257202,0.34429505467414856,1.8022692100384532
phasenet_default,easy,72,25.902291644919227,0.772407054901123,0.2452898621559143,1.655410895378186
phasenet_default,easy,73,23.006749869348027,0.6668590903282166,0.25228065252304077,1.8362985920636072
phasenet_default,easy,74,23.91360840173342,0.5829724669456482,0.24236562848091125,1.7758024338701608
phasenet_default,easy,75,36.18679952161811,0.9742838740348816,0.04006695747375488,0.9086232186570415
phasenet_default,easy,76,21.774264363254332,0.48132357001304626,0.36011549830436707,1.833568558742011
phasenet_default,easy,77,29.6897932516811,0.8607644438743591,0.1756022870540619,1.5790049152608119
phasenet_default,easy,78,35.2027352089084,0.9659518599510193,0.05137498304247856,0.9633373377624577
phasenet_default,easy,79,36.10860635102035,0.970426619052887,0.05200299993157387,0.6906530053234371
phasenet_default,easy,80,37.957518734442665,0.9679936766624451,0.04616867005825043,1.0983196909135544
phasenet_default,easy,81,36.541471150665764,0.963089108467102,0.04746553301811218,0.9596634471451779
phasenet_default,easy,82,21.504826950762578,0.4160824418067932,0.35693246126174927,1.8759180585296331
phasenet_default,easy,83,22.22467989828918,0.4732944071292877,0.3464619517326355,1.866875716651791
phasenet_default,easy,84,21.20571782675794,0.4081582725048065,0.35833731293678284,1.8544289986175913
phasenet_default,easy,85,26.704317553226655,0.7086716294288635,0.2678774297237396,1.7534407428273053
phasenet_default,easy,86,32.36928683205184,0.8800095915794373,0.189408540725708,1.3436161917539882
phasenet_default,easy,87,35.10306180858721,0.9357810020446777,0.1007302850484848,1.3025775979809122
phasenet_default,easy,88,29.33430368435626,0.7879694104194641,0.26137399673461914,1.6641499001761033
phasenet_default,easy,89,27.037920303170306,0.7493384480476379,0.25269076228141785,1.657395614516952
phasenet_default,easy,90,34.69121398631518,0.9615176320075989,0.05872441828250885,1.0913507999931746
phasenet_default,easy,91,22.044290351541925,0.5721203088760376,0.3169909417629242,1.8572104480786649
phasenet_default,easy,92,22.0521140458413,0.5697782039642334,0.31439244747161865,1.8350109326346158
phasenet_default,easy,93,22.64790242386086,0.5688572525978088,0.3261241912841797,1.8609961188455943
phasenet_default,easy,94,33.70455348275489,0.920703649520874,0.14780636131763458,1.1809942322275828
phasenet_default,easy,95,29.201050544172126,0.8069026470184326,0.20330819487571716,1.5987306177282674
phasenet_default,easy,96,35.94896533175236,0.9553631544113159,0.07098233699798584,1.0266764791781844
phasenet_default,easy,97,27.3878070045275,0.7585304379463196,0.2860761880874634,1.7381779213905915
phasenet_default,easy,98,26.33893729128081,0.6939452886581421,0.31327977776527405,1.7452211850410564
phasenet_default,easy,99,32.859430900714614,0.9290744066238403,0.09989544749259949,1.129855584283599
phasenet_default,easy,100,33.63047888038749,0.9195243120193481,0.19004841148853302,1.1565527087330276
phasenet_default,easy,101,21.65476305799769,0.5975112318992615,0.4559805691242218,1.8214408578693797
phasenet_default,easy,102,38.18022821034235,0.9756504893302917,0.04631594941020012,0.9053464602381799
phasenet_default,easy,103,27.137028293213245,0.745661199092865,0.48864418268203735,1.791658799819305
phasenet_default,easy,104,39.41415519509658,0.9804244637489319,0.03716440498828888,0.7890812561072393
phasenet_default,easy,105,37.25226728481294,0.9572548866271973,0.1211402416229248,1.044404618126212
phasenet_default,easy,106,38.09493661056432,0.9704493284225464,0.08375547081232071,1.075233432737928
phasenet_default,easy,107,31.340436478983833,0.8569750189781189,0.28916022181510925,1.5492254458930648
phasenet_default,easy,108,24.991630074788333,0.6867991089820862,0.46667593717575073,1.8255241315500124
phasenet_default,easy,109,34.719411197615834,0.9274940490722656,0.20140577852725983,1.3628988678685012
phasenet_default,easy,110,24.232036121951246,0.6744638085365295,0.4552850127220154,1.794001213491618
phasenet_default,easy,111,23.896575937376923,0.6186345219612122,0.4337139129638672,1.8626801150132704
phasenet_default,easy,112,25.765615630527382,0.7441965341567993,0.4111977517604828,1.5281813097743742
phasenet_default,easy,113,26.98489943078593,0.7600180506706238,0.3823550045490265,1.6328614588857164
phasenet_default,easy,114,27.537038329178078,0.8311178088188171,0.27957451343536377,1.513328137387143
phasenet_default,easy,115,31.426908809350525,0.9041288495063782,0.16476139426231384,1.2425243683081881
phasenet_default,easy,116,32.92605688390198,0.9230709075927734,0.13081318140029907,1.2337791582962885
phasenet_default,easy,117,34.099332208839925,0.9417208433151245,0.09138986468315125,1.0695573198915445
phasenet_default,easy,118,29.55689206351106,0.8422176241874695,0.22884652018547058,1.4546935140127109
phasenet_default,easy,119,26.730838034632754,0.7415881156921387,0.3104727268218994,1.678340530393937
phasenet_default,easy,120,29.143904592748292,0.9038880467414856,0.1627073884010315,0.3045824281423554
phasenet_default,easy,121,27.924772172716104,0.9059261679649353,0.14692208170890808,0.4196913937266815
phasenet_default,easy,122,29.41292069476123,0.912902295589447,0.14753811061382294,0.38308956843206243
phasenet_default,easy,123,27.607705075954957,0.8910576105117798,0.1814422756433487,0.3471269835833388
phasenet_default,easy,124,30.10682978963288,0.9157379865646362,0.15226022899150848,0.3006979661820096
phasenet_default,easy,125,28.513167716164777,0.8954641222953796,0.1811980903148651,0.3960615673588705
phasenet_default,easy,126,28.147806667012297,0.897479236125946,0.15094886720180511,0.439010447909793
phasenet_default,easy,127,28.70800736204788,0.8985172510147095,0.150764599442482,0.5545224611769417
phasenet_default,easy,128,28.192242286706247,0.8938542604446411,0.16850407421588898,0.49162044244511954
phasenet_default,easy,129,28.684265358953986,0.9186893701553345,0.13115721940994263,0.5794309778444896
phasenet_default,easy,130,40.698789545817895,0.990643322467804,0.01350469421595335,0.3683295004829218
phasenet_default,easy,131,41.136886640506454,0.9927310347557068,0.01169840432703495,0.21319477329407088
phasenet_default,easy,132,40.53309930753403,0.9908702373504639,0.014213889837265015,0.33182613131790983
phasenet_default,easy,133,35.56457090360883,0.9679917693138123,0.04908468946814537,0.6474455142660909
phasenet_default,easy,134,35.270012648200186,0.9678972959518433,0.06256332248449326,0.5890605483694763
phasenet_default,easy,135,36.7322719065804,0.971947193145752,0.038780614733695984,0.9364395054696437
phasenet_default,easy,136,37.72453411038915,0.9825900793075562,0.015974905341863632,0.7308605944799678
phasenet_default,easy,137,40.257280409781664,0.9880593419075012,0.016200682148337364,0.464279340621107
phasenet_default,easy,138,39.111042840498975,0.9794928431510925,0.03534919023513794,0.5393449492000486
phasenet_default,easy,139,41.130163798490955,0.9919789433479309,0.009716024622321129,0.26707961707782224
phasenet_default,easy,140,29.46980087059984,0.7847965359687805,0.2363833636045456,1.8350480540165677
phasenet_default,easy,141,25.61994335126117,0.630450963973999,0.3257456123828888,1.887238060491617
phasenet_default,easy,142,25.651214626884553,0.6195492148399353,0.30701735615730286,1.8573196690649254
phasenet_default,easy,143,27.8475244883128,0.7375711798667908,0.27802354097366333,1.762680888715695
phasenet_default,easy,144,29.25028221591351,0.8062662482261658,0.23421548306941986,1.6463168823793346
phasenet_default,easy,145,28.5688787939837,0.7271918654441833,0.26442092657089233,1.72530951601239
phasenet_default,easy,146,29.51016991054932,0.8246346116065979,0.18488115072250366,1.5862637003330695
phasenet_default,easy,147,28.290928858578653,0.7161253094673157,0.26759621500968933,1.7051482857809108
phasenet_default,easy,148,30.31038377656854,0.7929926514625549,0.20690742135047913,1.5066991647560692
phasenet_default,easy,149,28.82130068582528,0.7402714490890503,0.24908457696437836,1.6358124532776472
phasenet_default,easy,150,32.013763112366874,0.9478441476821899,0.12551000714302063,0.6416895635337146
phasenet_default,easy,151,32.4412778024803,0.9504744410514832,0.12085539102554321,0.618431917962294
phasenet_default,easy,152,32.16849608271897,0.9506257772445679,0.11432959139347076,0.6174850933354756
phasenet_default,easy,153,32.71543082005901,0.9517716765403748,0.11897130310535431,0.6206834805313145
phasenet_default,easy,154,32.71201106451559,0.9532620906829834,0.12107492983341217,0.598281750598818
phasenet_default,easy,155,32.083395329767434,0.9486128091812134,0.1253558248281479,0.6076523344341911
phasenet_default,easy,156,31.348313701505802,0.9436050057411194,0.13108156621456146,0.6233485292487133
phasenet_default,easy,157,31.81269656397873,0.9473381042480469,0.12446954101324081,0.63074999159214
phasenet_default,easy,158,31.388694069594333,0.947543740272522,0.1283559948205948,0.6373770467984878
phasenet_default,easy,159,31.52597036142524,0.9423207640647888,0.1278989315032959,0.6785085347405175
phasenet_default,easy,160,32.80555957641414,0.9459702372550964,0.16439463198184967,0.6832306124926798
phasenet_default,easy,161,32.68424249382948,0.9463658928871155,0.15696309506893158,0.6782005287809673
phasenet_default,easy,162,32.44075361878747,0.9447923898696899,0.16262325644493103,0.6990560854400832
phasenet_default,easy,163,32.356222022520974,0.9442728161811829,0.1621943861246109,0.6902048649957031
phasenet_default,easy,164,32.213199139297316,0.9437984228134155,0.16029953956604004,0.7204103404544656
phasenet_default,easy,165,32.30532102780051,0.9441288113594055,0.15827493369579315,0.6960835533772233
phasenet_default,easy,166,32.06615924949145,0.9420073628425598,0.16201429069042206,0.7244354873933087
phasenet_default,easy,167,32.0576686998755,0.9411591291427612,0.16406455636024475,0.7074487437191688
phasenet_default,easy,168,31.93336287548139,0.9404050707817078,0.1662999391555786,0.7317201284814584
phasenet_default,easy,169,31.8604118435552,0.938223123550415,0.17517675459384918,0.7136595153412634
phasenet_default,easy,170,36.63858250423574,0.9746800661087036,0.03783954679965973,0.2870648135789462
phasenet_default,easy,171,34.51532588322303,0.952000617980957,0.05654759705066681,0.35565951511971056
phasenet_default,easy,172,36.76619326446794,0.9742407202720642,0.04049043729901314,0.26544495532464274
phasenet_default,easy,173,36.42500931533093,0.9657307267189026,0.051428839564323425,0.3420675466214178
phasenet_default,easy,174,32.04274405346999,0.9045412540435791,0.09105092287063599,0.6043443032202457
phasenet_default,easy,175,33.6445718374111,0.927887499332428,0.07377876341342926,0.5801883680116587
phasenet_default,easy,176,35.319869780920186,0.9499906301498413,0.06570646166801453,0.45688610015216263
phasenet_default,easy,177,34.7220145953659,0.9398375749588013,0.06686291098594666,0.5828310437259475
phasenet_default,easy,178,31.881876847674334,0.9153152704238892,0.08926022052764893,0.6991881123001341
phasenet_default,easy,179,35.15591026048633,0.95293128490448,0.06160750985145569,0.5178181090940307
phasenet_default,easy,180,44.17057387620386,0.9876086115837097,0.032344236969947815,1.042648572314192
phasenet_default,easy,181,45.46804933740645,0.9913328289985657,0.023341907188296318,0.8949585020498921
phasenet_default,easy,182,43.35369628055976,0.9841604828834534,0.04385370761156082,1.0748480989171312
phasenet_default,easy,183,44.80815094801136,0.9905623197555542,0.02411128580570221,0.7841186823389915
phasenet_default,easy,184,41.4464896300605,0.9878782033920288,0.02404138445854187,0.8735462136572588
phasenet_default,easy,185,36.84502300654768,0.9837810397148132,0.0347718745470047,0.8595729934334735
phasenet_default,easy,186,36.94425126152347,0.9826602935791016,0.043498314917087555,0.869445544506753
phasenet_default,easy,187,42.59382233808889,0.9905760884284973,0.023374738171696663,0.792184448698391
phasenet_default,easy,188,43.35506480034228,0.9903973937034607,0.02241065725684166,0.867541768251491
phasenet_default,easy,189,44.84646424325967,0.9901657104492188,0.02292405255138874,0.9870559616695256
phasenet_default,easy,190,25.044474451216217,0.6256005764007568,0.2901194095611572,1.776846292250632
phasenet_default,easy,191,24.587263413868268,0.6046304702758789,0.32349085807800293,1.7866851658587433
phasenet_default,easy,192,24.98671707099332,0.6217917203903198,0.298067569732666,1.7757795448117273
phasenet_default,easy,193,25.35020020359507,0.635537326335907,0.2773936986923218,1.7669215875544384
phasenet_default,easy,194,24.25917647161267,0.5882982611656189,0.297212690114975,1.7993135752584672
phasenet_default,easy,195,24.328656060856467,0.5902376770973206,0.30243977904319763,1.7954184487599683
phasenet_default,easy,196,24.95602679438194,0.6164186000823975,0.26737305521965027,1.768124909908639
phasenet_default,easy,197,24.715872165789815,0.6074470281600952,0.27927854657173157,1.7654776904990552
phasenet_default,easy,198,27.96579151667482,0.7576509118080139,0.22259505093097687,1.7196042023009395
phasenet_default,easy,199,31.304691723051,0.8696994781494141,0.19493283331394196,1.4726643734108769
phasenet_default,easy,200,25.109656116437247,0.610650360584259,0.26045992970466614,1.6431578511553462
phasenet_default,easy,201,24.62404245562796,0.5816421508789062,0.2990400195121765,1.7083814939432145
phasenet_default,easy,202,25.050232461687706,0.6378111839294434,0.2786746025085449,1.5859231933997022
phasenet_default,easy,203,25.745075673242795,0.6580920219421387,0.24683469533920288,1.5578120813299314
phasenet_default,easy,204,25.385666889977152,0.6390059590339661,0.2762755751609802,1.5913748796740659
phasenet_default,easy,205,24.533886536465587,0.5856079459190369,0.30287235975265503,1.7309577582574738
phasenet_default,easy,206,24.414332849985584,0.5982965230941772,0.323957622051239,1.8285570270935718
phasenet_default,easy,207,26.00317815101581,0.6806011199951172,0.22190135717391968,1.5771898441443089
phasenet_default,easy,208,25.60619583890982,0.6311967372894287,0.2664012610912323,1.7726952711236248
phasenet_default,easy,209,25.307185089682687,0.6314027905464172,0.2854591906070709,1.7821850748745538
phasenet_default,easy,210,41.684228107950844,0.9830402135848999,0.035054001957178116,0.9067369824820158
phasenet_default,easy,211,40.97450071958123,0.9810149073600769,0.035874538123607635,0.8976220413497203
phasenet_default,easy,212,41.016479881013304,0.9812789559364319,0.03803503140807152,0.9658874097697643
phasenet_default,easy,213,40.94415423828272,0.9814958572387695,0.034032873809337616,0.8866497935913988
phasenet_default,easy,214,42.26885732910791,0.9844127893447876,0.028458287939429283,0.9203019110166601
phasenet_default,easy,215,41.82215427725247,0.9835055470466614,0.033805061131715775,0.8234135584817808
phasenet_default,easy,216,42.58366586736541,0.985282301902771,0.0265811700373888,0.9017341703644906
phasenet_default,easy,217,43.0533710924236,0.9869856238365173,0.024277113378047943,0.8539443347940961
phasenet_default,easy,218,43.687740984400875,0.9876549243927002,0.02356034331023693,0.8331202462844208
phasenet_default,easy,219,42.837935023757126,0.9864250421524048,0.030719149857759476,0.7620156185708866
phasenet_default,easy,220,28.610454965726966,0.9491559863090515,0.04296063631772995,0.7405416226344307
phasenet_default,easy,221,27.170413460681196,0.9372439980506897,0.06667758524417877,0.5541436683613131
phasenet_default,easy,222,25.944276001774416,0.8755604028701782,0.09756147861480713,1.0873042637971437
phasenet_default,easy,223,30.309108088494618,0.9436774849891663,0.05929429084062576,0.5494386061187929
phasenet_default,easy,224,27.650122632054522,0.889818549156189,0.09850762784481049,0.9958128876830161
phasenet_default,easy,225,27.27216854730583,0.8821158409118652,0.1061338484287262,1.038714854272079
phasenet_default,easy,226,28.616140284803862,0.9188812375068665,0.09580081701278687,0.6256539076247459
phasenet_default,easy,227,25.742393832343087,0.8571080565452576,0.15239658951759338,1.225784811518368
phasenet_default,easy,228,31.168471881501212,0.9588804841041565,0.037861209362745285,0.6890185355346339
phasenet_default,easy,229,33.016448985372705,0.9543865919113159,0.058641597628593445,1.0033205969899046
phasenet_default,easy,230,31.5534321440908,0.8846147060394287,0.2768155038356781,1.303091608661918
phasenet_default,easy,231,30.42020410310513,0.8598685264587402,0.30672159790992737,1.347487182264536
phasenet_default,easy,232,33.3174017461424,0.9469480514526367,0.1232224777340889,0.9670289639385533
phasenet_default,easy,233,36.203803908947584,0.9682228565216064,0.06259384751319885,0.8615693269882725
phasenet_default,easy,234,36.38745051547856,0.9753983020782471,0.05407626926898956,0.7400256051659351
phasenet_default,easy,235,39.45625936023162,0.9872977137565613,0.02669963799417019,0.49797241333851794
phasenet_default,easy,236,38.15432543698751,0.9852458834648132,0.029358569532632828,0.5775001312750964
phasenet_default,easy,237,36.92075290964801,0.9750378131866455,0.04414110630750656,0.7589857484399977
phasenet_default,easy,238,34.045530857111565,0.9638214111328125,0.06999218463897705,0.7185259062448937
phasenet_default,easy,239,32.023184708287836,0.9554954171180725,0.08597458899021149,0.8345005409897875
phasenet_default,easy,240,28.44125775880682,0.8820337653160095,0.32766133546829224,1.8737169078717906
phasenet_default,easy,241,29.01531186043488,0.9155154228210449,0.30050358176231384,1.8078705849116872
phasenet_default,easy,242,31.865041708631992,0.9143445491790771,0.18343324959278107,1.7967454976899704
phasenet_default,easy,243,29.745482390941227,0.8975898623466492,0.3138402998447418,1.8405215377741246
phasenet_default,easy,244,28.143996961580665,0.9134142398834229,0.26915034651756287,1.8513294800606905
phasenet_default,easy,245,29.497379690863433,0.898607611656189,0.33187222480773926,1.8736326907855207
phasenet_default,easy,246,31.37992074871983,0.9028161764144897,0.3259785771369934,1.7893165205757016
phasenet_default,easy,247,28.799784141638586,0.9349687099456787,0.1999785155057907,1.532526124758958
phasenet_default,easy,248,39.19566536025319,0.9695775508880615,0.1058487743139267,1.4121585733088018
phasenet_default,easy,249,30.920855136081723,0.9251934885978699,0.2269638329744339,1.6266128085751692
phasenet_default,easy,250,37.2245091454027,0.9745035767555237,0.04263607785105705,0.6181955445252566
phasenet_default,easy,251,33.43286588406434,0.9696784615516663,0.03531712293624878,0.6886709452222549
phasenet_default,easy,252,32.48492914466728,0.9530842900276184,0.06912612915039062,0.8572113788639857
phasenet_default,easy,253,34.614158642209226,0.9745943546295166,0.03718259185552597,0.6166245889700414
phasenet_default,easy,254,33.72936916502382,0.9587838053703308,0.04541800171136856,0.8875292066185912
phasenet_default,easy,255,38.28632894416795,0.9867001175880432,0.018168490380048752,0.5692873397676195
phasenet_default,easy,256,37.77530662915896,0.982404887676239,0.026284927502274513,0.5488198607520024
phasenet_default,easy,257,35.64828753752768,0.9645982384681702,0.05364210158586502,0.8144176139874257
phasenet_default,easy,258,24.792577452415102,0.7470362186431885,0.23768013715744019,1.2511205017123186
phasenet_default,easy,259,21.791513509984995,0.5567284822463989,0.37479957938194275,1.6075362410541016
phasenet_default,easy,260,34.207953043707406,0.9614187479019165,0.06925147771835327,0.8331929348891665
phasenet_default,easy,261,31.493433983542456,0.937056303024292,0.09578751027584076,0.9586966345535717
phasenet_default,easy,262,31.82385731237721,0.9422992467880249,0.09075309336185455,0.9730855911799985
phasenet_default,easy,263,28.695957436218436,0.9146737456321716,0.11198535561561584,0.9978810689842168
phasenet_default,easy,264,27.356525063753878,0.9266780614852905,0.10877743363380432,0.9528351489145309
phasenet_default,easy,265,29.061027092425373,0.9134248495101929,0.1179097518324852,1.0233406850442055
phasenet_default,easy,266,32.2364338359453,0.937690258026123,0.09206929057836533,0.9258598918555825
phasenet_default,easy,267,29.46007458478709,0.911674439907074,0.11767656356096268,0.9993248278293656
phasenet_default,easy,268,31.74546657206386,0.9453474283218384,0.094016894698143,0.906344734568882
phasenet_default,easy,269,32.75966576974428,0.9536174535751343,0.08019866049289703,0.8407178390538774
phasenet_default,easy,270,32.82539564935634,0.9638969302177429,0.05545705929398537,0.6540977927311733
phasenet_default,easy,271,34.58517523661844,0.9636496901512146,0.05570215731859207,0.6432719533266489
phasenet_default,easy,272,34.735578531342,0.9700539112091064,0.046713296324014664,0.5263726930401383
phasenet_default,easy,273,31.45806455480237,0.9473147988319397,0.06155811622738838,0.49678060759684817
phasenet_default,easy,274,34.63600132882722,0.9687181115150452,0.05187699943780899,0.558999817951978
phasenet_default,easy,275,33.72258100341177,0.9607117176055908,0.05604482442140579,0.5051888863427951
phasenet_default,easy,276,32.572670819627426,0.9577319025993347,0.06093151122331619,0.4988743643661961
phasenet_default,easy,277,32.57345622518469,0.9485628008842468,0.06794325262308121,0.5500118472504008
phasenet_default,easy,278,32.319209953284684,0.943972110748291,0.07213890552520752,0.5745427452472651
phasenet_default,easy,279,34.513011020719766,0.9568397402763367,0.07081561535596848,0.57210347902101
phasenet_default,easy,280,22.031334184753682,0.5349262356758118,0.3661910891532898,1.8741664680796877
phasenet_default,easy,281,21.57372431567336,0.5277349948883057,0.37607935070991516,1.888845992992671
phasenet_default,easy,282,21.1815646806281,0.5003299117088318,0.3827589750289917,1.8910033272950022
phasenet_default,easy,283,20.888946460246768,0.4959670603275299,0.3941184878349304,1.883036717279801
phasenet_default,easy,284,21.942404766428425,0.5354023575782776,0.3465827703475952,1.8289383783686057
phasenet_default,easy,285,21.5083948846997,0.5218128561973572,0.34508249163627625,1.871124628597296
phasenet_default,easy,286,21.448604814319264,0.5013359785079956,0.35500937700271606,1.896623934276881
phasenet_default,easy,287,22.775724076347462,0.5544060468673706,0.30968189239501953,1.8573403372189783
phasenet_default,easy,288,23.18401945382513,0.5713056921958923,0.31070607900619507,1.8466014196990548
phasenet_default,easy,289,23.337487159252184,0.5632023215293884,0.31088992953300476,1.7854262671578223
phasenet_default,easy,290,21.917194256367935,0.5837516188621521,0.48921340703964233,1.8388990523294408
phasenet_default,easy,291,21.704403976865304,0.599812924861908,0.4794439971446991,1.8601666530730565
phasenet_default,easy,292,19.871910413673536,0.5073920488357544,0.5280493497848511,1.8840591931667814
phasenet_default,easy,293,20.304745565130958,0.5334694385528564,0.5256838798522949,1.8572510495752783
phasenet_default,easy,294,21.295022014107108,0.6028228998184204,0.5162823796272278,1.797663799462956
phasenet_default,easy,295,21.650715596629052,0.6448749899864197,0.5080796480178833,1.8340447600876453
phasenet_default,easy,296,22.28293055206955,0.6805674433708191,0.44173872470855713,1.848176356132711
phasenet_default,easy,297,21.916103195971385,0.6481792330741882,0.49602949619293213,1.8769743024675807
phasenet_default,easy,298,19.73378263314738,0.522005021572113,0.5759122371673584,1.872265556098727
phasenet_default,easy,299,21.05652360025538,0.5402111411094666,0.540541410446167,1.8409941009098136
phasenet_default,easy,300,40.71327045675888,0.9910199642181396,0.024617329239845276,0.7322603414738238
phasenet_default,easy,301,33.634636120038394,0.9589084386825562,0.08955544233322144,1.2038190245744749
phasenet_default,easy,302,33.14143167603013,0.9524534940719604,0.12316444516181946,1.1184011558871472
phasenet_default,easy,303,32.880066096693604,0.9548547863960266,0.10291077941656113,1.1812789347877648
phasenet_default,easy,304,32.8384340236951,0.9569371938705444,0.10841523110866547,1.034333114288524
phasenet_default,easy,305,33.03582018885558,0.954902708530426,0.11232885718345642,1.160858622802994
phasenet_default,easy,306,33.328712684376654,0.9572916626930237,0.11259108781814575,1.0618972445638046
phasenet_default,easy,307,33.284016956522564,0.9585153460502625,0.10393844544887543,1.1638045827910783
phasenet_default,easy,308,34.184873414141734,0.9646517038345337,0.0865570604801178,1.123149006649274
phasenet_default,easy,309,37.37448572937908,0.9765399098396301,0.056966304779052734,1.0265187063578007
phasenet_default,extreme,0,17.46438183825764,0.3902550935745239,0.6312474608421326,1.946359023915027
phasenet_default,extreme,1,18.325139443204762,0.4035184383392334,0.5588132739067078,1.9285417493360415
phasenet_default,extreme,2,21.697098052773548,0.49829545617103577,0.4941592812538147,1.860476029301424
phasenet_default,extreme,3,21.315376148158403,0.4333260953426361,0.5145440697669983,1.8880182650151929
phasenet_default,extreme,4,20.48470555319088,0.45650362968444824,0.48525574803352356,1.9114644434236105
phasenet_default,extreme,5,21.36699902353736,0.4827813506126404,0.5330292582511902,1.871593790536493
phasenet_default,extreme,6,18.46761224690366,0.3989884555339813,0.5979188084602356,1.9179657020835699
phasenet_default,extreme,7,20.79686682070747,0.471177339553833,0.48431190848350525,1.8673333418400118
phasenet_default,extreme,8,20.53503159938698,0.48455584049224854,0.4476311504840851,1.8610456316696418
phasenet_default,extreme,9,23.153004408881838,0.6389446258544922,0.372297078371048,1.611877434628315
phasenet_default,extreme,10,17.051959573058127,0.4311211407184601,0.5529243350028992,1.8627263753555448
phasenet_default,extreme,11,22.19147630325235,0.5966668128967285,0.44379353523254395,1.7785277911250033
phasenet_default,extreme,12,18.99194547769771,0.45531633496284485,0.5120490789413452,1.892625534783254
phasenet_default,extreme,13,20.401038256515875,0.5401214361190796,0.47452235221862793,1.8357332980343073
phasenet_default,extreme,14,19.10160839492796,0.47525128722190857,0.48263034224510193,1.8558745153922915
phasenet_default,extreme,15,22.15116079817716,0.5754924416542053,0.4571404457092285,1.799160405751922
phasenet_default,extreme,16,21.452538788900043,0.583695650100708,0.40011972188949585,1.7640265683200222
phasenet_default,extreme,17,20.364176991008954,0.5147947669029236,0.46078479290008545,1.7935477319531912
phasenet_default,extreme,18,15.621021409112716,0.2969444990158081,0.611271321773529,1.9133990696821477
phasenet_default,extreme,19,17.671305750141503,0.3812870383262634,0.5501449108123779,1.8845975945537545
phasenet_default,extreme,20,16.884731620216137,0.4168684780597687,0.5670928955078125,1.9264242868203811
phasenet_default,extreme,21,16.83166080176097,0.47134020924568176,0.5722826719284058,1.920995149850452
phasenet_default,extreme,22,18.76073531529366,0.5517318844795227,0.5398715734481812,1.9006992131484095
phasenet_default,extreme,23,19.984074676619564,0.5703337788581848,0.5561977624893188,1.9181891732215368
phasenet_default,extreme,24,19.97669338029575,0.5693628787994385,0.5399124026298523,1.939106106025973
phasenet_default,extreme,25,21.135210436894848,0.6197077035903931,0.5638879537582397,1.929717568113198
phasenet_default,extreme,26,18.720041564328874,0.5270312428474426,0.612019419670105,1.9386758012771574
phasenet_default,extreme,27,18.392747533607242,0.5522851347923279,0.6079965829849243,1.910549532739377
phasenet_default,extreme,28,17.785461034778518,0.5253004431724548,0.6014713644981384,1.913983952714427
phasenet_default,extreme,29,17.348170245219105,0.5163407921791077,0.5886964797973633,1.9070817900159658
phasenet_default,extreme,30,17.377147380862723,0.3202309310436249,0.4439391493797302,1.8466573243577953
phasenet_default,extreme,31,18.309819449858637,0.37407779693603516,0.3961108922958374,1.8013096877975476
phasenet_default,extreme,32,19.18885521630733,0.4024895429611206,0.38746094703674316,1.8174450455775584
phasenet_default,extreme,33,21.272509799948608,0.5762176513671875,0.28914621472358704,1.6263885830480562
phasenet_default,extreme,34,21.358334421373275,0.5440347194671631,0.3048461079597473,1.7061025129662237
phasenet_default,extreme,35,20.98263376772916,0.541746973991394,0.2746080756187439,1.689440602839513
phasenet_default,extreme,36,25.598117454293444,0.763931393623352,0.21193696558475494,1.3959595319026943
phasenet_default,extreme,37,20.783702133714943,0.5251783728599548,0.307605504989624,1.6409017716676864
phasenet_default,extreme,38,21.484267900865962,0.6096471548080444,0.22945573925971985,1.6528873901383427
phasenet_default,extreme,39,25.097459255996203,0.7265897393226624,0.2447107434272766,1.525085032102305
phasenet_default,extreme,40,21.94736491905281,0.5023203492164612,0.4624719023704529,1.8377251307278006
phasenet_default,extreme,41,21.030863009875034,0.45200827717781067,0.5547791123390198,1.9063400316928265
phasenet_default,extreme,42,20.197173352547587,0.42832231521606445,0.5441989898681641,1.9124340894634464
phasenet_default,extreme,43,22.718351312502435,0.5362972617149353,0.48793724179267883,1.8398906439973093
phasenet_default,extreme,44,21.189848516810855,0.4827457666397095,0.465595543384552,1.897342965650724
phasenet_default,extreme,45,20.438896078392858,0.4628594219684601,0.49520716071128845,1.8886337487340183
phasenet_default,extreme,46,18.49818909415045,0.4687529504299164,0.5844516754150391,1.8798871336739071
phasenet_default,extreme,47,18.477746062861176,0.5028356313705444,0.5393299460411072,1.866780035699223
phasenet_default,extreme,48,18.826011116378616,0.39551788568496704,0.5637974739074707,1.9115878084874307
phasenet_default,extreme,49,17.594294069551214,0.3611561954021454,0.6042751669883728,1.881779642622738
phasenet_default,extreme,50,17.216395211506462,0.3305017352104187,0.597605288028717,1.8975707943712128
phasenet_default,extreme,51,16.875771193088035,0.26966890692710876,0.5689205527305603,1.9291722183733069
phasenet_default,extreme,52,17.397514198849176,0.2572416067123413,0.5279318690299988,1.9226674789371025
phasenet_default,extreme,53,17.145891039051293,0.267608642578125,0.5722337365150452,1.9364044050613174
phasenet_default,extreme,54,18.886340138398594,0.33882078528404236,0.5551791787147522,1.900027127987479
phasenet_default,extreme,55,17.94561915720329,0.2801044285297394,0.5589743256568909,1.9203099723538892
phasenet_default,extreme,56,20.090513987110793,0.4255976974964142,0.4703131914138794,1.8963201575316786
phasenet_default,extreme,57,17.659488994165834,0.312274307012558,0.5607922673225403,1.9289434580098976
phasenet_default,extreme,58,16.266542851508575,0.26074710488319397,0.5961528420448303,1.9367185100842987
phasenet_default,extreme,59,16.286611573683892,0.29718121886253357,0.5836427211761475,1.9333231917910454
phasenet_default,extreme,60,18.445646411056074,0.3341229557991028,0.49396470189094543,1.8997422362789924
phasenet_default,extreme,61,18.479895430071995,0.3592255711555481,0.5238766670227051,1.8876162593716628
phasenet_default,extreme,62,14.388792644606331,0.22674669325351715,0.6298831105232239,1.9340772547446887
phasenet_default,extreme,63,17.057373272271718,0.24858254194259644,0.5519912242889404,1.9101573335581548
phasenet_default,extreme,64,18.145535287045224,0.31295427680015564,0.5302480459213257,1.903484550070119
phasenet_default,extreme,65,14.860707650980839,0.215865358710289,0.6057130098342896,1.9173235646902025
phasenet_default,extreme,66,16.280110800554645,0.24072375893592834,0.5340653657913208,1.913060222146881
phasenet_default,extreme,67,16.177051205432022,0.21319352090358734,0.5496018528938293,1.9103009835896243
phasenet_default,extreme,68,13.545222124286704,0.19512401521205902,0.6227771043777466,1.9390484552965441
phasenet_default,extreme,69,16.8355197570105,0.24304631352424622,0.5119895935058594,1.9169265768564157
phasenet_default,extreme,70,15.921042012049686,0.23152855038642883,0.4625505208969116,1.9248274433647121
phasenet_default,extreme,71,13.866707377076459,0.19134896993637085,0.6036092638969421,1.9361972453804182
phasenet_default,extreme,72,14.060632628785,0.21320760250091553,0.6039731502532959,1.936762139304399
phasenet_default,extreme,73,14.77421677901797,0.2561241388320923,0.5958594083786011,1.9313353439867504
phasenet_default,extreme,74,15.895012237749286,0.26976481080055237,0.5483763217926025,1.9244236552568317
phasenet_default,extreme,75,19.661146732401452,0.44527560472488403,0.46760132908821106,1.8346085081594423
phasenet_default,extreme,76,14.834022171155244,0.2654445469379425,0.6235482096672058,1.9177043338036563
phasenet_default,extreme,77,16.50059538014355,0.2924506664276123,0.5597673058509827,1.9140994281789534
phasenet_default,extreme,78,17.175865383325363,0.3247033655643463,0.4799497127532959,1.9120623805268462
phasenet_default,extreme,79,19.29255334559113,0.42000216245651245,0.5193061232566833,1.7960323311662232
phasenet_default,extreme,80,20.60841611761822,0.3486771881580353,0.45137324929237366,1.90255910175176
phasenet_default,extreme,81,21.499138512475685,0.5149322152137756,0.35051143169403076,1.8275438088045561
phasenet_default,extreme,82,16.475670900831886,0.28031453490257263,0.6211794018745422,1.936825366832638
phasenet_default,extreme,83,16.093430928811227,0.27260822057724,0.6444828510284424,1.9343243354357487
phasenet_default,extreme,84,16.431493374186616,0.28153613209724426,0.6108505129814148,1.9333832650873513
phasenet_default,extreme,85,17.278237461907818,0.28291746973991394,0.5726224184036255,1.9305080140177875
phasenet_default,extreme,86,18.914434821591012,0.337114542722702,0.5815688967704773,1.9303423950746696
phasenet_default,extreme,87,20.3579773689767,0.4711686670780182,0.5421670079231262,1.8565641356181495
phasenet_default,extreme,88,17.74190829156683,0.31701311469078064,0.6038053035736084,1.9330989810895183
phasenet_default,extreme,89,17.49275128097092,0.28658995032310486,0.5499541759490967,1.9185353361871071
phasenet_default,extreme,90,16.57108648718822,0.26831549406051636,0.46023058891296387,1.9098250519362043
phasenet_default,extreme,91,13.441630990288896,0.22411048412322998,0.6126500964164734,1.9299561772140055
phasenet_default,extreme,92,13.615196074435087,0.244912251830101,0.6459420323371887,1.9150254663268123
phasenet_default,extreme,93,14.43142044024228,0.25185152888298035,0.629984438419342,1.932029291120417
phasenet_default,extreme,94,18.321961400434954,0.36431053280830383,0.527511715888977,1.9135489569882287
phasenet_default,extreme,95,18.058768515600296,0.33005958795547485,0.5357756614685059,1.9251035530734062
phasenet_default,extreme,96,19.227925509093122,0.37215691804885864,0.5452225804328918,1.91605298192892
phasenet_default,extreme,97,15.37221423352888,0.2852706015110016,0.6191904544830322,1.9341582523615113
phasenet_default,extreme,98,16.355784052902784,0.3438379466533661,0.6151208281517029,1.9117915036989013
phasenet_default,extreme,99,16.151217186618364,0.3277089297771454,0.5103486180305481,1.9256601259468964
phasenet_default,extreme,100,16.351677889252173,0.4495256543159485,0.7063233256340027,1.8798378609031083
phasenet_default,extreme,101,15.039940011791547,0.4113961160182953,0.7082724571228027,1.8640182781530519
phasenet_default,extreme,102,21.182651639468094,0.5452054142951965,0.6012011766433716,1.832971088073398
phasenet_default,extreme,103,17.898351156544514,0.4764081537723541,0.6496502161026001,1.9219629687479105
phasenet_default,extreme,104,25.347626327328552,0.7093212604522705,0.5093482136726379,1.7473743067579042
phasenet_default,extreme,105,21.016803566936048,0.568340539932251,0.6262746453285217,1.8511273826189818
phasenet_default,extreme,106,20.17799112652964,0.5458915829658508,0.6008082032203674,1.9212472665472764
phasenet_default,extreme,107,17.73756358600589,0.49990904331207275,0.6152732968330383,1.9259171809743036
phasenet_default,extreme,108,17.634526749171776,0.49837321043014526,0.6183443665504456,1.89159195563048
phasenet_default,extreme,109,17.617339862428253,0.5250413417816162,0.6058331727981567,1.9289590841994997
phasenet_default,extreme,110,16.71640579639172,0.4618956446647644,0.6315832138061523,1.9070446113448787
phasenet_default,extreme,111,16.440610570278594,0.3737763464450836,0.6583244204521179,1.9251382026032542
phasenet_default,extreme,112,18.444915202874526,0.4573790431022644,0.6555163860321045,1.9067842834857462
phasenet_default,extreme,113,20.46749949138194,0.4736027717590332,0.5901416540145874,1.8915798734129095
phasenet_default,extreme,114,21.443174731655414,0.5436989068984985,0.549213707447052,1.9004987465811847
phasenet_default,extreme,115,22.276172582560896,0.5499116778373718,0.5030652284622192,1.8791939610256023
phasenet_default,extreme,116,22.13837369914212,0.5329349040985107,0.5018503665924072,1.865599638252194
phasenet_default,extreme,117,23.737829427167007,0.6182275414466858,0.42424726486206055,1.805725752100753
phasenet_default,extreme,118,20.28151725252469,0.48359960317611694,0.537669837474823,1.9055535964250438
phasenet_default,extreme,119,18.48857494890935,0.40050363540649414,0.5492952466011047,1.9106510603883002
phasenet_default,extreme,120,22.69532580382201,0.7860790491104126,0.254412978887558,0.965815795143288
phasenet_default,extreme,121,23.36667798064198,0.7705351114273071,0.2532983422279358,1.3016925216848603
phasenet_default,extreme,122,23.831153630911682,0.8060193061828613,0.21994468569755554,1.1490105817099043
phasenet_default,extreme,123,22.594767686384955,0.792483389377594,0.2610515058040619,0.8927991388554746
phasenet_default,extreme,124,25.96669472251847,0.837011456489563,0.20621919631958008,0.903340038702283
phasenet_default,extreme,125,23.11464373051807,0.7899706959724426,0.25753527879714966,0.8714314328176749
phasenet_default,extreme,126,21.75099271190428,0.7825056910514832,0.2630283236503601,1.1058753051339327
phasenet_default,extreme,127,22.26670417736393,0.7401410341262817,0.3074241280555725,1.1866869906128803
phasenet_default,extreme,128,21.378602857607166,0.7119498252868652,0.3208727240562439,1.3290321553322189
phasenet_default,extreme,129,25.176284859436237,0.850768506526947,0.168339803814888,1.0545290265342553
phasenet_default,extreme,130,33.800171601410895,0.9710820913314819,0.037674516439437866,0.6966211244735563
phasenet_default,extreme,131,36.62127116772591,0.9766170382499695,0.02598191611468792,0.6890588727575777
phasenet_default,extreme,132,34.00248866051201,0.9722830057144165,0.030159983783960342,0.6341213719869757
phasenet_default,extreme,133,25.508069034712683,0.9066585898399353,0.12911301851272583,0.9627519645475763
phasenet_default,extreme,134,26.2400524549124,0.9130328893661499,0.12715736031532288,0.7996696455921899
phasenet_default,extreme,135,26.678970813882415,0.9071956276893616,0.1145491972565651,1.2926142203436792
phasenet_default,extreme,136,30.681690587914755,0.9208427667617798,0.0770057737827301,1.319951822730188
phasenet_default,extreme,137,29.726721040010418,0.9344224333763123,0.08183502405881882,0.934686137803656
phasenet_default,extreme,138,28.491055714808663,0.9148529171943665,0.11700136959552765,0.9738607269002917
phasenet_default,extreme,139,35.038633005077735,0.9562769532203674,0.06896071135997772,0.751610020210149
phasenet_default,extreme,140,20.082299612527258,0.5669041872024536,0.4804704189300537,1.919267880330744
phasenet_default,extreme,141,17.534695897131535,0.5113067626953125,0.5558483004570007,1.9254168161495042
phasenet_default,extreme,142,16.368600885251848,0.47409147024154663,0.5683327317237854,1.9268675547004563
phasenet_default,extreme,143,17.88837522887131,0.46404582262039185,0.5171730518341064,1.9229171076533322
phasenet_default,extreme,144,18.923392616347897,0.4663394093513489,0.48061975836753845,1.9225167659398399
phasenet_default,extreme,145,18.80382403798931,0.474600613117218,0.509277880191803,1.9309172494566824
phasenet_default,extreme,146,19.425984617117038,0.5167436003684998,0.4630117416381836,1.9190874113058645
phasenet_default,extreme,147,20.35376860617371,0.49643850326538086,0.4693853557109833,1.9220764154727221
phasenet_default,extreme,148,21.488342302820005,0.5217309594154358,0.432412713766098,1.9168600948197092
phasenet_default,extreme,149,20.932744707281557,0.4928947985172272,0.4659363627433777,1.88929989778071
phasenet_default,extreme,150,21.829343027059707,0.8787251114845276,0.24884380400180817,0.8242513889373183
phasenet_default,extreme,151,22.23529559986411,0.8835025429725647,0.23576560616493225,0.8253693382777073
phasenet_default,extreme,152,22.04661524563671,0.8765507340431213,0.2590493857860565,0.8489161541423971
phasenet_default,extreme,153,22.26970852068712,0.8774654269218445,0.25449082255363464,0.8059969780812941
phasenet_default,extreme,154,21.96783692427782,0.8793248534202576,0.25580382347106934,0.8025856947759475
phasenet_default,extreme,155,21.658019090839172,0.8861993551254272,0.24463343620300293,0.7813291574100625
phasenet_default,extreme,156,21.505350327480105,0.8816397190093994,0.2553351819515228,0.7810369243876326
phasenet_default,extreme,157,21.59504541090248,0.8831639289855957,0.2426263839006424,0.8124133450792932
phasenet_default,extreme,158,21.845944339839242,0.8839632868766785,0.2394266128540039,0.8101736209525587
phasenet_default,extreme,159,21.77687469776171,0.8746237754821777,0.2581597566604614,0.831136007413215
phasenet_default,extreme,160,21.862183628932538,0.873771071434021,0.28958860039711,0.8149314036241306
phasenet_default,extreme,161,21.867985618893528,0.872248113155365,0.29095983505249023,0.8206849070292761
phasenet_default,extreme,162,21.768412338381008,0.8705065250396729,0.29897212982177734,0.8441882909360328
phasenet_default,extreme,163,21.69128722587605,0.8685731291770935,0.30839115381240845,0.8157364200214906
phasenet_default,extreme,164,21.54197385798402,0.866260826587677,0.30682116746902466,0.8527620568126367
phasenet_default,extreme,165,21.50290444028,0.8657960295677185,0.3060780465602875,0.8182467527897173
phasenet_default,extreme,166,21.32284317654241,0.8643733859062195,0.30099406838417053,0.8517840868482429
phasenet_default,extreme,167,21.271586853732067,0.8643223643302917,0.30640819668769836,0.8223840729391261
phasenet_default,extreme,168,21.18432588644646,0.862805962562561,0.31247660517692566,0.8593509361681597
phasenet_default,extreme,169,21.15921578749962,0.8640332221984863,0.30763235688209534,0.818471032794987
phasenet_default,extreme,170,30.265086813857383,0.8837331533432007,0.09424054622650146,0.8208033220267072
phasenet_default,extreme,171,30.4426390188063,0.8767038583755493,0.1009569764137268,0.6811851982480801
phasenet_default,extreme,172,31.400415629707975,0.8819594979286194,0.09507130831480026,0.7668958567206572
phasenet_default,extreme,173,29.196903437556276,0.8372854590415955,0.11885467916727066,0.764482613745693
phasenet_default,extreme,174,25.248591786957583,0.778586208820343,0.20045922696590424,0.9289511306268856
phasenet_default,extreme,175,25.816604755900492,0.7851607799530029,0.19352379441261292,0.8646205317578339
phasenet_default,extreme,176,28.266202116109564,0.8263902068138123,0.15139225125312805,0.8242252533946662
phasenet_default,extreme,177,26.59451519876859,0.7926071286201477,0.19172340631484985,1.0995861665341726
phasenet_default,extreme,178,23.29260271032153,0.7930302023887634,0.20046603679656982,1.086564157584939
phasenet_default,extreme,179,26.699940054856786,0.8229886889457703,0.1539074182510376,0.9550649489862606
phasenet_default,extreme,180,31.991533977673463,0.912111222743988,0.21342477202415466,1.7545802404781674
phasenet_default,extreme,181,32.69129003219719,0.9229158163070679,0.19005168974399567,1.6479565377342538
phasenet_default,extreme,182,31.27088874337081,0.923184871673584,0.16392961144447327,1.5651360605536588
phasenet_default,extreme,183,33.654430352219734,0.9346765279769897,0.17091166973114014,1.4897864800018141
phasenet_default,extreme,184,33.405095364153304,0.9251540303230286,0.17597004771232605,1.647953755825185
phasenet_default,extreme,185,31.234016119119552,0.917294979095459,0.19226953387260437,1.7371098975635377
phasenet_default,extreme,186,29.825777274862805,0.9347767233848572,0.17103217542171478,1.5225037523608984
phasenet_default,extreme,187,30.215971992174005,0.9320052266120911,0.17624273896217346,1.5516484187990789
phasenet_default,extreme,188,28.976237333068532,0.9151632785797119,0.20788897573947906,1.6982554910952674
phasenet_default,extreme,189,30.270480620582756,0.8974649310112,0.2364378571510315,1.7798160027003869
phasenet_default,extreme,190,18.32375730407912,0.4377266466617584,0.48639485239982605,1.9009651550704094
phasenet_default,extreme,191,17.95507388565895,0.43147164583206177,0.4972859025001526,1.8988358566632928
phasenet_default,extreme,192,18.117783052164523,0.42953115701675415,0.4984530806541443,1.9004328983314853
phasenet_default,extreme,193,18.08608799550189,0.42555102705955505,0.4902321696281433,1.8997148026753172
phasenet_default,extreme,194,17.667792712750206,0.4156057834625244,0.4979191720485687,1.908081150749895
phasenet_default,extreme,195,17.70951151654856,0.4173245429992676,0.49471864104270935,1.906147950777644
phasenet_default,extreme,196,17.652212037411303,0.41425415873527527,0.4793619215488434,1.9126418576941886
phasenet_default,extreme,197,18.01481140799182,0.41910213232040405,0.4718853533267975,1.9084359609072425
phasenet_default,extreme,198,18.903880873139013,0.4305460453033447,0.4530576765537262,1.8985606237010462
phasenet_default,extreme,199,19.293027977777605,0.43385234475135803,0.4310765862464905,1.911603879691875
phasenet_default,extreme,200,17.76147188500716,0.35111159086227417,0.5425785779953003,1.9197704099087223
phasenet_default,extreme,201,17.567866536374176,0.34508857131004333,0.5453508496284485,1.9255536128136896
phasenet_default,extreme,202,17.739109068562072,0.3520117402076721,0.5393656492233276,1.9168023129302045
phasenet_default,extreme,203,18.178862667212382,0.3645907938480377,0.5400711894035339,1.9260758310996438
phasenet_default,extreme,204,17.996117321857795,0.3592919707298279,0.5336145162582397,1.924748273792952
phasenet_default,extreme,205,17.830483212132297,0.36097946763038635,0.5655335187911987,1.930996574874983
phasenet_default,extreme,206,17.78616890800325,0.3605276048183441,0.5799031853675842,1.934387720590415
phasenet_default,extreme,207,18.536624868881802,0.3949568271636963,0.5159224271774292,1.8923768370421432
phasenet_default,extreme,208,18.189893964958483,0.37121230363845825,0.5475767850875854,1.9293294599297028
phasenet_default,extreme,209,18.204364488890544,0.3821081817150116,0.5464656352996826,1.9331641793847378
phasenet_default,extreme,210,26.9392958989203,0.7394871711730957,0.3505985736846924,1.9085264016631478
phasenet_default,extreme,211,26.662806403503367,0.7402693033218384,0.3474889397621155,1.9063493145978945
phasenet_default,extreme,212,26.25163665097329,0.7307776212692261,0.34437674283981323,1.882954257334932
phasenet_default,extreme,213,26.857546207027717,0.7484868168830872,0.34225618839263916,1.9132031210398028
phasenet_default,extreme,214,27.314267571839984,0.7398604154586792,0.33306097984313965,1.9055076049686512
phasenet_default,extreme,215,27.569984860410592,0.7377307415008545,0.32452210783958435,1.9142886613608083
phasenet_default,extreme,216,26.884724020139828,0.7131657004356384,0.35241782665252686,1.8903682655270666
phasenet_default,extreme,217,27.752458961234275,0.7390884757041931,0.3197420835494995,1.9204733796695765
phasenet_default,extreme,218,27.805936103216062,0.7329034805297852,0.3074982166290283,1.9085970423152223
phasenet_default,extreme,219,27.676772878826938,0.728951632976532,0.31123441457748413,1.8865201812621384
phasenet_default,extreme,220,21.48261195249237,0.755994975566864,0.21623146533966064,1.3939275319134374
phasenet_default,extreme,221,18.368772667233767,0.596183180809021,0.3684142231941223,1.6990164783646793
phasenet_default,extreme,222,17.191514322822947,0.4960106909275055,0.40408509969711304,1.7788539911545556
phasenet_default,extreme,223,18.703659144286103,0.5867516398429871,0.33366748690605164,1.5466860987063429
phasenet_default,extreme,224,17.82756501397639,0.40641725063323975,0.3960729241371155,1.8554156592819138
phasenet_default,extreme,225,17.725017783704217,0.37151262164115906,0.42566031217575073,1.8593418766270908
phasenet_default,extreme,226,16.85339991431096,0.33433249592781067,0.4661121964454651,1.8691302753807606
phasenet_default,extreme,227,17.309463031456517,0.3557261526584625,0.4535253643989563,1.8270887513467762
phasenet_default,extreme,228,17.243644062096994,0.3106403648853302,0.4281219244003296,1.8592213730912008
phasenet_default,extreme,229,17.545680058710452,0.3268687129020691,0.3946010172367096,1.8471607553594453
phasenet_default,extreme,230,19.761082704842188,0.506168007850647,0.5604743361473083,1.9102552528947818
phasenet_default,extreme,231,19.135430830246264,0.4917631447315216,0.5418251752853394,1.9238584293631793
phasenet_default,extreme,232,19.304334114618225,0.44912734627723694,0.5319045782089233,1.9189463513966998
phasenet_default,extreme,233,21.706663162435675,0.5550388097763062,0.48602941632270813,1.8722396009077955
phasenet_default,extreme,234,22.679834844548743,0.6233528256416321,0.3735552430152893,1.7773095640509475
phasenet_default,extreme,235,27.632430590944054,0.8872299194335938,0.1959429532289505,1.1038765749838362
phasenet_default,extreme,236,24.650436722756023,0.6758865118026733,0.3912990987300873,1.664869389837973
phasenet_default,extreme,237,21.96916828696256,0.5471210479736328,0.41857263445854187,1.8374189684172708
phasenet_default,extreme,238,24.006663521031353,0.860278308391571,0.26916706562042236,1.1539614538186342
phasenet_default,extreme,239,22.5742002513652,0.797188937664032,0.34477686882019043,1.4283441639110286
phasenet_default,extreme,240,19.53495914238183,0.8293647766113281,0.4690811336040497,1.9356774309557812
phasenet_default,extreme,241,22.539520868573565,0.8713312149047852,0.3900953233242035,1.935780637595502
phasenet_default,extreme,242,23.045175852775802,0.8652148246765137,0.3845902979373932,1.9333632479724268
phasenet_default,extreme,243,19.928410375923217,0.850447416305542,0.46269285678863525,1.9329237271542503
phasenet_default,extreme,244,17.82588476251503,0.8504670262336731,0.46195080876350403,1.9353613241715912
phasenet_default,extreme,245,19.390189123839928,0.8488154411315918,0.4286584258079529,1.9310311912593985
phasenet_default,extreme,246,21.738834678873534,0.8439362645149231,0.40569236874580383,1.9190857819398608
phasenet_default,extreme,247,21.064657131093174,0.8492742776870728,0.42895784974098206,1.921979897875385
phasenet_default,extreme,248,24.787322628459346,0.8559682369232178,0.3787568211555481,1.9030556012894746
phasenet_default,extreme,249,21.168494179847634,0.8550931215286255,0.41705846786499023,1.8974463675579485
phasenet_default,extreme,250,21.944304228279428,0.516871988773346,0.33780667185783386,1.626014001932465
phasenet_default,extreme,251,20.9353440891398,0.4920768141746521,0.3546462655067444,1.5504025736278608
phasenet_default,extreme,252,20.28366390605065,0.5690467357635498,0.3614708185195923,1.5549400461593859
phasenet_default,extreme,253,21.011740830822,0.6186236143112183,0.3058863878250122,1.530095194611365
phasenet_default,extreme,254,20.615191405714203,0.4524318277835846,0.3872683346271515,1.6581266428965582
phasenet_default,extreme,255,26.229580754582777,0.8879555463790894,0.09431548416614532,1.1381979818395562
phasenet_default,extreme,256,22.46069226377376,0.6777123808860779,0.2337140440940857,1.5710832390500578
phasenet_default,extreme,257,19.776670295277615,0.3920469880104065,0.40137216448783875,1.7020632948030066
phasenet_default,extreme,258,17.631869488521637,0.30008459091186523,0.4712250828742981,1.7431902481324384
phasenet_default,extreme,259,15.748297437473344,0.25812238454818726,0.5437986254692078,1.8202182609495452
phasenet_default,extreme,260,22.866174117184926,0.8021502494812012,0.23038475215435028,1.3461043606933056
phasenet_default,extreme,261,22.944690238775244,0.8087258338928223,0.22964078187942505,1.3577925031293923
phasenet_default,extreme,262,20.934160307328398,0.7758333086967468,0.2577461898326874,1.410495252648891
phasenet_default,extreme,263,20.98487093399057,0.7947751879692078,0.24679531157016754,1.3467227934104817
phasenet_default,extreme,264,20.748772215925225,0.7957417964935303,0.24031609296798706,1.3596912690237608
phasenet_default,extreme,265,21.110156018738667,0.79012531042099,0.2555408477783203,1.4146578860475625
phasenet_default,extreme,266,21.402895522825066,0.7920323610305786,0.247089222073555,1.394035068428643
phasenet_default,extreme,267,20.398004671507866,0.7842717170715332,0.261883944272995,1.419528633557968
phasenet_default,extreme,268,21.023446178241024,0.797130823135376,0.23280949890613556,1.3624312854068457
phasenet_default,extreme,269,21.23861501408378,0.7864078879356384,0.2466496229171753,1.4700120397789902
phasenet_default,extreme,270,22.937583353874906,0.6447376012802124,0.40405717492103577,1.836409786192979
phasenet_default,extreme,271,23.474045774517748,0.668515145778656,0.3819025754928589,1.7199005949540442
phasenet_default,extreme,272,24.237360824862805,0.7184381484985352,0.3432050347328186,1.681556985144852
phasenet_default,extreme,273,24.31788546809534,0.7976614236831665,0.27855628728866577,1.442120872489443
phasenet_default,extreme,274,24.603178219458904,0.7473956942558289,0.35964706540107727,1.6323001969312738
phasenet_default,extreme,275,23.63885402153175,0.8009518980979919,0.2705315053462982,1.156473309958669
phasenet_default,extreme,276,24.087376751627495,0.8253267407417297,0.2627812325954437,1.318526834954059
phasenet_default,extreme,277,24.517983366601733,0.8330730199813843,0.22870764136314392,1.0374562079594307
phasenet_default,extreme,278,23.920334397844524,0.839648425579071,0.23473407328128815,1.0538360851514281
phasenet_default,extreme,279,24.7817928615947,0.7725951075553894,0.30493947863578796,1.229781521498368
phasenet_default,extreme,280,15.903405986964971,0.34623613953590393,0.6392556428909302,1.9298354632333607
phasenet_default,extreme,281,15.50308346041395,0.33683744072914124,0.6556495428085327,1.934106130213487
phasenet_default,extreme,282,15.289512016576968,0.3284403681755066,0.6621471047401428,1.9301377832559399
phasenet_default,extreme,283,15.191745941745536,0.31741952896118164,0.649895191192627,1.9321562237299634
phasenet_default,extreme,284,15.563498228954717,0.3185136914253235,0.6250125169754028,1.9258483020900892
phasenet_default,extreme,285,15.548058062802149,0.3110586702823639,0.6227315664291382,1.9262001436906058
phasenet_default,extreme,286,15.374704010425425,0.3040853440761566,0.6328020691871643,1.9314215155609902
phasenet_default,extreme,287,15.404744587934946,0.3060626983642578,0.6189045906066895,1.9308078979219299
phasenet_default,extreme,288,15.480654031476298,0.3052467107772827,0.6295422315597534,1.9292402636852923
phasenet_default,extreme,289,15.597320678393409,0.3118564188480377,0.6331384181976318,1.9260763589717023
phasenet_default,extreme,290,16.07224535459745,0.3759405314922333,0.7008929252624512,1.9281374532641853
phasenet_default,extreme,291,15.187017662006765,0.36682140827178955,0.7307925820350647,1.9314383602808425
phasenet_default,extreme,292,14.534577984984017,0.3786579370498657,0.753953754901886,1.9381013422450173
phasenet_default,extreme,293,14.518223698088715,0.3945544958114624,0.7747926712036133,1.9382094022839826
phasenet_default,extreme,294,14.918359215006271,0.4428059756755829,0.7293605804443359,1.9237763279869728
phasenet_default,extreme,295,15.524759790670794,0.4691232740879059,0.7182304263114929,1.9286004192746722
phasenet_default,extreme,296,16.430496863228182,0.4661804735660553,0.709524929523468,1.9316221084105274
phasenet_default,extreme,297,15.945584194508244,0.4576927721500397,0.7358837723731995,1.9287377687100395
phasenet_default,extreme,298,13.817009686063866,0.42051374912261963,0.7885103821754456,1.9395467932787185
phasenet_default,extreme,299,14.463918422611577,0.39462175965309143,0.7637732625007629,1.9372618139484015
phasenet_default,extreme,300,31.25623734165318,0.8916326761245728,0.28595665097236633,1.8014691623022216
phasenet_default,extreme,301,28.893164578600278,0.8941512703895569,0.2580365836620331,1.752869724086091
phasenet_default,extreme,302,27.53092575422231,0.8892799615859985,0.2786702811717987,1.7404958351217625
phasenet_default,extreme,303,27.48305283620303,0.8930230140686035,0.2712401747703552,1.7016577820669454
phasenet_default,extreme,304,27.603570195077204,0.9030121564865112,0.249868705868721,1.619616157965004
phasenet_default,extreme,305,27.274793499908615,0.9071894884109497,0.2443283051252365,1.5816298619937328
phasenet_default,extreme,306,26.925252624892344,0.901611864566803,0.2535421848297119,1.659923543005742
phasenet_default,extreme,307,26.432225521554503,0.9013137221336365,0.2599274814128876,1.7004635911581654
phasenet_default,extreme,308,26.10302112830552,0.9036641716957092,0.25684788823127747,1.697432692846888
phasenet_default,extreme,309,26.349791972981667,0.9091569185256958,0.2481086552143097,1.686605684747854
phasenet_default,hard,0,20.09277113171509,0.44356364011764526,0.5422543287277222,1.9397452530905008
phasenet_default,hard,1,20.70588283587722,0.48392143845558167,0.44261735677719116,1.9043296403502041
phasenet_default,hard,2,27.19245457796733,0.7381336688995361,0.3048722743988037,1.6768241731950178
phasenet_default,hard,3,23.69088035940817,0.5647554397583008,0.40013986825942993,1.8538294558894801
phasenet_default,hard,4,22.031509167770533,0.5371665954589844,0.412204772233963,1.881348052900064
phasenet_default,hard,5,24.412909996223195,0.5999528169631958,0.4558258056640625,1.7673602765071932
phasenet_default,hard,6,20.417374224277843,0.4495972692966461,0.5022498369216919,1.9015064070157153
phasenet_default,hard,7,21.982011864453476,0.5626099705696106,0.4115399420261383,1.8021364593408913
phasenet_default,hard,8,20.93452895054191,0.5870254039764404,0.23816940188407898,1.8956340888858008
phasenet_default,hard,9,26.261954349921055,0.7291064262390137,0.32165277004241943,1.6356765454773932
phasenet_default,hard,10,20.03622446662805,0.5432471632957458,0.47530436515808105,1.8139418756978045
phasenet_default,hard,11,26.128343965531656,0.7329402565956116,0.3308209478855133,1.6489963469121394
phasenet_default,hard,12,23.620964949781627,0.6314101815223694,0.41132479906082153,1.8029628505658462
phasenet_default,hard,13,25.254327349577423,0.7354390621185303,0.32289963960647583,1.6381386158285363
phasenet_default,hard,14,23.71277892340221,0.6697642803192139,0.3596908450126648,1.7027849740983476
phasenet_default,hard,15,26.797630880395232,0.7614919543266296,0.2883090376853943,1.5596583149842953
phasenet_default,hard,16,26.367489721083217,0.7647057771682739,0.27789416909217834,1.538877334759866
phasenet_default,hard,17,24.557015431437375,0.6782008409500122,0.3337545394897461,1.621772306738317
phasenet_default,hard,18,18.55985375621314,0.3953925371170044,0.5105910897254944,1.9008717693992279
phasenet_default,hard,19,21.020710657666623,0.5468059182167053,0.41885510087013245,1.7888425092571227
phasenet_default,hard,20,20.295263296241774,0.5126615762710571,0.4526796042919159,1.8966567120533924
phasenet_default,hard,21,20.659922523976935,0.5541825294494629,0.4715161919593811,1.9016580492601067
phasenet_default,hard,22,22.71898101483139,0.6724655628204346,0.4188353419303894,1.8257180276488438
phasenet_default,hard,23,23.59922735311262,0.6696892380714417,0.444708913564682,1.8841295562946088
phasenet_default,hard,24,23.369261290034725,0.6749755144119263,0.46104907989501953,1.8819214454266053
phasenet_default,hard,25,25.307134296884975,0.7307365536689758,0.4168660342693329,1.88003090479675
phasenet_default,hard,26,21.352548187800153,0.5719921588897705,0.547500491142273,1.9188125149866275
phasenet_default,hard,27,21.162990161867658,0.615947961807251,0.5308456420898438,1.8867510014866078
phasenet_default,hard,28,20.91302002139734,0.6146709322929382,0.4777333438396454,1.8892641285809493
phasenet_default,hard,29,20.04795677977023,0.5959973335266113,0.5123522877693176,1.8756281191652882
phasenet_default,hard,30,20.406233661772404,0.49544385075569153,0.34790199995040894,1.699523758462371
phasenet_default,hard,31,21.818073442478894,0.5785924792289734,0.3038184642791748,1.620423906777816
phasenet_default,hard,32,23.73779786406013,0.6865897178649902,0.24909386038780212,1.5007889484863821
phasenet_default,hard,33,25.622560574838044,0.7742229700088501,0.19646327197551727,1.3567746547063402
phasenet_default,hard,34,25.569130555436274,0.7448678016662598,0.23134446144104004,1.4530086115691616
phasenet_default,hard,35,26.492372102239223,0.8164234161376953,0.16197049617767334,1.3386701595311463
phasenet_default,hard,36,29.721821518372597,0.8798500895500183,0.14264526963233948,1.1748071792073114
phasenet_default,hard,37,25.22944068040879,0.748164176940918,0.2123846560716629,1.480994930629162
phasenet_default,hard,38,27.68036870471112,0.8673158884048462,0.1310764104127884,1.1675752084624067
phasenet_default,hard,39,26.71983921636549,0.7852742671966553,0.1997453272342682,1.5037000464636765
phasenet_default,hard,40,23.312797792427197,0.5279482007026672,0.3711897134780884,1.871344952935058
phasenet_default,hard,41,23.604057604568137,0.5621026158332825,0.43069541454315186,1.8813974952352435
phasenet_default,hard,42,22.011893054786384,0.48492902517318726,0.49853280186653137,1.9021237930473665
phasenet_default,hard,43,24.06091729951997,0.5723565816879272,0.43463969230651855,1.78992613845573
phasenet_default,hard,44,25.145003582406858,0.6968324780464172,0.3350200355052948,1.7933765163249014
phasenet_default,hard,45,24.54748608342905,0.6309153437614441,0.399687260389328,1.8145069373218197
phasenet_default,hard,46,20.910909346850556,0.5607200264930725,0.4800835847854614,1.8777340700625236
phasenet_default,hard,47,21.382522281121553,0.6197947263717651,0.4633125364780426,1.8020913114987498
phasenet_default,hard,48,21.09852303062004,0.4844168722629547,0.49243903160095215,1.8868320132724636
phasenet_default,hard,49,18.96627208937329,0.3954229950904846,0.5401644706726074,1.8605534088432432
phasenet_default,hard,50,18.800218139417634,0.35749343037605286,0.5067902207374573,1.8955922365038673
phasenet_default,hard,51,17.60715829075094,0.2787717878818512,0.5297690629959106,1.9211706411460239
phasenet_default,hard,52,21.496686985936954,0.5234926342964172,0.38344427943229675,1.7186874107659824
phasenet_default,hard,53,18.562903426933115,0.2952781021595001,0.5220698714256287,1.9097289514559699
phasenet_default,hard,54,21.254607700587545,0.44679152965545654,0.47265517711639404,1.839846112334097
phasenet_default,hard,55,20.35496931424237,0.37379077076911926,0.49151456356048584,1.9000342564362631
phasenet_default,hard,56,25.671305456100853,0.6946300268173218,0.33442649245262146,1.5955873153285864
phasenet_default,hard,57,20.607460511962934,0.40242576599121094,0.48573437333106995,1.8649616286634405
phasenet_default,hard,58,18.517894335419815,0.3158596456050873,0.5332253575325012,1.9359134643418268
phasenet_default,hard,59,18.560563634959898,0.36312636733055115,0.5164883136749268,1.912962975381804
phasenet_default,hard,60,21.855613593912835,0.5244854688644409,0.40435367822647095,1.8120734764689308
phasenet_default,hard,61,22.24535088673195,0.554607093334198,0.4447838068008423,1.7233777971007487
phasenet_default,hard,62,16.743321906317217,0.2802271246910095,0.5445745587348938,1.911088718336754
phasenet_default,hard,63,19.608841066911825,0.3391281068325043,0.52761310338974,1.8786387085292775
phasenet_default,hard,64,22.16784481026201,0.5285789966583252,0.445588082075119,1.8067432349659982
phasenet_default,hard,65,15.945298609823272,0.24851246178150177,0.5739129781723022,1.9127102650291432
phasenet_default,hard,66,18.079391443179762,0.2946372926235199,0.481626033782959,1.8861909616744663
phasenet_default,hard,67,18.503495746508996,0.2922600507736206,0.486991822719574,1.8866835957342611
phasenet_default,hard,68,16.264265620461515,0.2528506815433502,0.543816089630127,1.9180280225285458
phasenet_default,hard,69,21.2526095737409,0.48279085755348206,0.44055837392807007,1.7052085984522363
phasenet_default,hard,70,18.374278357939524,0.38076019287109375,0.3471648693084717,1.8756905593095923
phasenet_default,hard,71,15.443942426589924,0.21494872868061066,0.5371363759040833,1.9225739310371626
phasenet_default,hard,72,16.53646670142158,0.291280597448349,0.4966354966163635,1.916794173341592
phasenet_default,hard,73,16.388356538640885,0.31016427278518677,0.5040541887283325,1.9211219572269784
phasenet_default,hard,74,17.09209164269088,0.29260802268981934,0.47652462124824524,1.9053838497807338
phasenet_default,hard,75,22.62481042851023,0.5600160956382751,0.296434611082077,1.777316132599207
phasenet_default,hard,76,15.981369099166795,0.28991246223449707,0.5555514097213745,1.907154803523559
phasenet_default,hard,77,18.70052404398966,0.3446114659309387,0.4729681611061096,1.8976042702114189
phasenet_default,hard,78,22.43090081183845,0.5901244878768921,0.36054039001464844,1.5580593413885215
phasenet_default,hard,79,25.073126519399512,0.7215530276298523,0.26619142293930054,1.616237319004819
phasenet_default,hard,80,23.86161021873766,0.5346145033836365,0.3327364921569824,1.865626638538462
phasenet_default,hard,81,25.047603363654495,0.6943714022636414,0.22317174077033997,1.777219592091781
phasenet_default,hard,82,17.586552764941345,0.29468536376953125,0.5499504804611206,1.9216262530638044
phasenet_default,hard,83,17.6415527470597,0.290720134973526,0.5571693778038025,1.924304247860792
phasenet_default,hard,84,17.84833977207512,0.2889626920223236,0.5457935333251953,1.916411428004333
phasenet_default,hard,85,18.987020301200943,0.3207428753376007,0.5084283947944641,1.9093131483561239
phasenet_default,hard,86,21.8011148628246,0.466587096452713,0.48584675788879395,1.853371953474687
phasenet_default,hard,87,23.13850969138729,0.5844622850418091,0.38405609130859375,1.817295882176488
phasenet_default,hard,88,20.022762041362974,0.3495293855667114,0.5237827301025391,1.9461572744183677
phasenet_default,hard,89,19.251977523750867,0.33049628138542175,0.5031048655509949,1.901382737176824
phasenet_default,hard,90,19.517544184504164,0.4075068235397339,0.33149755001068115,1.8735377377069493
phasenet_default,hard,91,15.606270988857558,0.27229613065719604,0.5299457311630249,1.9183962057622943
phasenet_default,hard,92,15.549334326806438,0.28958839178085327,0.5619696974754333,1.907544796064328
phasenet_default,hard,93,16.26980158726211,0.277703195810318,0.5705287456512451,1.9328967737425156
phasenet_default,hard,94,21.37033651247368,0.5091050267219543,0.43446630239486694,1.8278760940060517
phasenet_default,hard,95,19.908330942227334,0.371408075094223,0.46354779601097107,1.902029700741692
phasenet_default,hard,96,23.395543875430672,0.567730188369751,0.4328326880931854,1.8166147516374713
phasenet_default,hard,97,18.312092658693523,0.32970476150512695,0.5393613576889038,1.9216443817863564
phasenet_default,hard,98,18.552153298395314,0.34966665506362915,0.5180867910385132,1.91057476951062
phasenet_default,hard,99,19.433616399390814,0.3977907598018646,0.40225377678871155,1.9040377987393213
phasenet_default,hard,100,19.837811039484315,0.5285052061080933,0.6081710457801819,1.8567546303784668
phasenet_default,hard,101,16.204323694150318,0.4431493580341339,0.6429933309555054,1.8524228727504908
phasenet_default,hard,102,25.828120097602447,0.691905677318573,0.497026264667511,1.7205455270180259
phasenet_default,hard,103,19.789533726887537,0.5063169598579407,0.6234342455863953,1.9056466502101577
phasenet_default,hard,104,29.296340419320547,0.855999231338501,0.3368537425994873,1.4933332492097682
phasenet_default,hard,105,24.519845582170202,0.6635258197784424,0.5453447699546814,1.7576902403030448
phasenet_default,hard,106,24.834317086642223,0.6954095959663391,0.460478812456131,1.8687136582019197
phasenet_default,hard,107,21.4739940902089,0.5682405233383179,0.5807981491088867,1.8826290609375258
phasenet_default,hard,108,19.164081829515148,0.5168630480766296,0.5954796075820923,1.887771116627642
phasenet_default,hard,109,21.60362389880225,0.6208764910697937,0.5142903327941895,1.9090104595798894
phasenet_default,hard,110,18.534215202865017,0.48916521668434143,0.5965069532394409,1.9010550327283982
phasenet_default,hard,111,18.25695126911435,0.41745421290397644,0.5925405621528625,1.904271287195129
phasenet_default,hard,112,20.53217867463022,0.5216313004493713,0.6006736159324646,1.8488932426050897
phasenet_default,hard,113,22.056062029512788,0.5323343276977539,0.5670974254608154,1.85032726196369
phasenet_default,hard,114,23.231470305131474,0.5967325568199158,0.5070781111717224,1.8735989489053244
phasenet_default,hard,115,24.64556877991675,0.6507492065429688,0.44779884815216064,1.7754220516070194
phasenet_default,hard,116,25.17121912043239,0.6691012382507324,0.39051553606987,1.6956678820399993
phasenet_default,hard,117,26.86997731336954,0.7625049352645874,0.2746275067329407,1.5570887764082708
phasenet_default,hard,118,22.663436906325643,0.5765787363052368,0.4453238844871521,1.83667782714888
phasenet_default,hard,119,20.270223912763395,0.4514971673488617,0.48658543825149536,1.892404790580212
phasenet_default,hard,120,24.339719843986316,0.8314663767814636,0.22455641627311707,0.8088847205914431
phasenet_default,hard,121,25.34077425593557,0.8492501974105835,0.19809812307357788,0.9199585967854049
phasenet_default,hard,122,25.946625401944324,0.8528614640235901,0.18751631677150726,0.8910250380155309
phasenet_default,hard,123,24.411713796458322,0.8309422135353088,0.22914168238639832,0.7100475545448504
phasenet_default,hard,124,28.146890884557774,0.8815487623214722,0.17589862644672394,0.664615959735416
phasenet_default,hard,125,25.468506053268474,0.8486571311950684,0.2094198763370514,0.6850354855997285
phasenet_default,hard,126,24.22419648268726,0.8325369954109192,0.21375438570976257,0.8049531247319047
phasenet_default,hard,127,24.533055978660606,0.814993143081665,0.22280049324035645,0.9475585132883231
phasenet_default,hard,128,23.780347858973055,0.8016979694366455,0.22972093522548676,0.9651288563925794
phasenet_default,hard,129,26.514406989468497,0.8834452033042908,0.1513025015592575,0.8683106912563405
phasenet_default,hard,130,37.220717385590454,0.9803152084350586,0.030098525807261467,0.596916374776177
phasenet_default,hard,131,38.73956428615416,0.9819607734680176,0.021527690812945366,0.609672738342064
phasenet_default,hard,132,37.03238120726369,0.9821559190750122,0.0218826737254858,0.5472254043583511
phasenet_default,hard,133,28.76294737623227,0.9297388195991516,0.10476414114236832,0.7822889919160456
phasenet_default,hard,134,30.313798947924944,0.939961314201355,0.09321008622646332,0.7317696355882943
phasenet_default,hard,135,28.402305689952566,0.8961681723594666,0.0818716362118721,1.3769138750699634
phasenet_default,hard,136,31.8712452383456,0.9451771974563599,0.03211461007595062,1.1789097124493877
phasenet_default,hard,137,33.313155835241346,0.9567959904670715,0.057492054998874664,0.8304298724559966
phasenet_default,hard,138,31.898059306083518,0.9405246376991272,0.07479263097047806,0.9170604691372297
phasenet_default,hard,139,39.2405895817915,0.9800615906715393,0.03211905062198639,0.5270536304913056
phasenet_default,hard,140,22.86929480012171,0.614132821559906,0.3976570963859558,1.9098881924185682
phasenet_default,hard,141,19.463804650521187,0.5349095463752747,0.47245389223098755,1.9160263621375166
phasenet_default,hard,142,18.770871999104642,0.48840367794036865,0.47727376222610474,1.9259822546164167
phasenet_default,hard,143,20.906639242266465,0.5143938660621643,0.4307739734649658,1.8956948643339753
phasenet_default,hard,144,21.42929314595122,0.5260613560676575,0.41674691438674927,1.9145759670511295
phasenet_default,hard,145,21.581029172427698,0.5162848830223083,0.42994266748428345,1.9124103856845087
phasenet_default,hard,146,22.170464486979323,0.6021631956100464,0.37941089272499084,1.8682090749109133
phasenet_default,hard,147,22.698331333206458,0.5285096168518066,0.41335833072662354,1.9064497971735812
phasenet_default,hard,148,24.120049924795588,0.5675212144851685,0.361074835062027,1.853820494916072
phasenet_default,hard,149,23.06225656415245,0.533731997013092,0.400556355714798,1.8599001138874116
phasenet_default,hard,150,25.061922581254233,0.9016993045806885,0.20638877153396606,0.7676814738689381
phasenet_default,hard,151,25.305141148670085,0.9009993076324463,0.22131812572479248,0.749252272033845
phasenet_default,hard,152,25.153173196494286,0.9011975526809692,0.20844519138336182,0.7879793482189996
phasenet_default,hard,153,25.311777084435548,0.8983420729637146,0.23205415904521942,0.757206349563248
phasenet_default,hard,154,25.070553078439342,0.9025231003761292,0.2128760814666748,0.7434512992234947
phasenet_default,hard,155,24.77051782337595,0.9026781916618347,0.21246430277824402,0.7400052861991806
phasenet_default,hard,156,24.405197880457663,0.9007519483566284,0.21044328808784485,0.7230099942506284
phasenet_default,hard,157,24.62001896365555,0.9012572765350342,0.21032804250717163,0.7568783330070579
phasenet_default,hard,158,24.843984478683385,0.9050937294960022,0.1950775682926178,0.7450948451637083
phasenet_default,hard,159,24.881582922882885,0.8965586423873901,0.21143749356269836,0.7961043262229097
phasenet_default,hard,160,25.459173367827603,0.8939995169639587,0.250158429145813,0.7954859071690863
phasenet_default,hard,161,25.322975062539072,0.8938614726066589,0.25354427099227905,0.8013605436838799
phasenet_default,hard,162,25.01481611540909,0.8927797675132751,0.25696638226509094,0.8311261241474512
phasenet_default,hard,163,24.86783404433856,0.8922040462493896,0.2562948167324066,0.797199922952234
phasenet_default,hard,164,24.66557309844,0.8883155584335327,0.2612299919128418,0.8387240200841193
phasenet_default,hard,165,24.59181083217281,0.8859389424324036,0.26355406641960144,0.8022547912105229
phasenet_default,hard,166,24.473777916633747,0.8824906945228577,0.2715505361557007,0.8413428253668296
phasenet_default,hard,167,24.434975656394407,0.8830942511558533,0.2690311074256897,0.8072973246938697
phasenet_default,hard,168,24.31653975665537,0.881289005279541,0.27035972476005554,0.8472138579489987
phasenet_default,hard,169,24.273264779501496,0.8810643553733826,0.27332061529159546,0.8147789205900293
phasenet_default,hard,170,33.58465737238601,0.9402968883514404,0.0611250214278698,0.6015709586189006
phasenet_default,hard,171,31.877077893643232,0.9094982743263245,0.07902057468891144,0.4981602413911971
phasenet_default,hard,172,33.80438500687717,0.9285751581192017,0.06842851638793945,0.5906477456298427
phasenet_default,hard,173,31.65280402577102,0.8817548751831055,0.09160593152046204,0.6080322440326835
phasenet_default,hard,174,27.15397324748976,0.8179903626441956,0.15266583859920502,0.7709846204396728
phasenet_default,hard,175,28.465844226515514,0.8339847922325134,0.14308443665504456,0.789846303621338
phasenet_default,hard,176,30.47741247886701,0.8725147843360901,0.11068323999643326,0.6823922480597315
phasenet_default,hard,177,29.365986227737913,0.8508974313735962,0.12343300133943558,0.8605875009575454
phasenet_default,hard,178,26.119730319561725,0.8308939337730408,0.1646375209093094,0.914220234744626
phasenet_default,hard,179,29.592501158329508,0.8759922385215759,0.1135643869638443,0.7898107226348223
phasenet_default,hard,180,36.16412791528264,0.9500725865364075,0.1366897076368332,1.556568896395845
phasenet_default,hard,181,37.12788482043399,0.9571929574012756,0.10850677639245987,1.4409889573394747
phasenet_default,hard,182,34.665686787498174,0.9427382349967957,0.1147068589925766,1.421159993862749
phasenet_default,hard,183,37.35611990106068,0.9621549248695374,0.07929806411266327,1.2694903219297908
phasenet_default,hard,184,36.11696686697448,0.9587124586105347,0.09641744941473007,1.386528414747936
phasenet_default,hard,185,33.94056433964152,0.9568355083465576,0.1044316291809082,1.5350685041520509
phasenet_default,hard,186,32.23207421722853,0.9598391056060791,0.10090559720993042,1.3109596753228905
phasenet_default,hard,187,33.01362423460995,0.9596813917160034,0.10109631717205048,1.3224034499925499
phasenet_default,hard,188,33.520146692776386,0.9561105370521545,0.11041603237390518,1.5334368597881651
phasenet_default,hard,189,35.20213803936398,0.9444001317024231,0.13947296142578125,1.602205574714461
phasenet_default,hard,190,20.225226506321064,0.47591766715049744,0.435020387172699,1.8822214646288788
phasenet_default,hard,191,19.760982790410267,0.4643097519874573,0.4415942430496216,1.883249317022126
phasenet_default,hard,192,19.87649540324177,0.4617111384868622,0.4371064603328705,1.8927575339734346
phasenet_default,hard,193,20.194699710242983,0.46473461389541626,0.42770203948020935,1.8811489180734655
phasenet_default,hard,194,19.608074150021363,0.4552893340587616,0.4421854615211487,1.8860535390926885
phasenet_default,hard,195,19.46174491937895,0.4506167769432068,0.4308182895183563,1.9017781053421792
phasenet_default,hard,196,19.97605859181312,0.45263057947158813,0.41579532623291016,1.8804268012346768
phasenet_default,hard,197,19.936333333652865,0.4577023684978485,0.41073575615882874,1.8747624143659343
phasenet_default,hard,198,21.013543530419284,0.4653335213661194,0.3809145390987396,1.899140651851705
phasenet_default,hard,199,21.875029072064464,0.49205687642097473,0.34136274456977844,1.9052759700632262
phasenet_default,hard,200,19.271712849883645,0.4107474088668823,0.45940232276916504,1.8800139155267432
phasenet_default,hard,201,19.060498470192606,0.3984502851963043,0.4730471074581146,1.8995003118588256
phasenet_default,hard,202,19.415846342099314,0.4139670431613922,0.46245455741882324,1.882803968506221
phasenet_default,hard,203,19.75319539196288,0.42301785945892334,0.4632553458213806,1.9120221564474364
phasenet_default,hard,204,19.538802667044465,0.417207807302475,0.4660688042640686,1.8868788326418868
phasenet_default,hard,205,19.10277872870661,0.3896624445915222,0.4995167851448059,1.9225096453652912
phasenet_default,hard,206,19.36603822046989,0.40407463908195496,0.5069261789321899,1.920924998550297
phasenet_default,hard,207,20.26781673074799,0.45343732833862305,0.4400824308395386,1.8634120985578626
phasenet_default,hard,208,19.832845556553938,0.417940616607666,0.4724580645561218,1.9153412515304442
phasenet_default,hard,209,20.075346730156845,0.4346447288990021,0.48605912923812866,1.9232974936044935
phasenet_default,hard,210,31.244947525943992,0.862305223941803,0.2278658002614975,1.7763038495908967
phasenet_default,hard,211,31.131323594974283,0.8692510724067688,0.22250288724899292,1.7118210677459105
phasenet_default,hard,212,30.2969223038582,0.8525917530059814,0.2519780397415161,1.7439137689049002
phasenet_default,hard,213,31.107775549827245,0.8813883662223816,0.21660295128822327,1.637591149983469
phasenet_default,hard,214,32.036261343867196,0.8754816055297852,0.2183694690465927,1.6700285000941317
phasenet_default,hard,215,32.216095266342094,0.8810986876487732,0.19874784350395203,1.673246070160069
phasenet_default,hard,216,31.078517944278197,0.8404638171195984,0.23119604587554932,1.8257272973961647
phasenet_default,hard,217,33.13715568322027,0.8906968832015991,0.19351336359977722,1.6509737659167514
phasenet_default,hard,218,32.78810108439616,0.8759544491767883,0.18839724361896515,1.7149414863641559
phasenet_default,hard,219,33.20089182082453,0.8892601132392883,0.18778401613235474,1.6262129318796998
phasenet_default,hard,220,24.952034225421436,0.8726103901863098,0.12606285512447357,1.10204443051223
phasenet_default,hard,221,20.39441685978238,0.7857587337493896,0.19902873039245605,1.377101738011455
phasenet_default,hard,222,20.689985171957716,0.730355978012085,0.21662932634353638,1.4686855007015263
phasenet_default,hard,223,21.574674240620247,0.7166684865951538,0.23457196354866028,1.3176652935152877
phasenet_default,hard,224,21.809969508011182,0.6995130181312561,0.25409093499183655,1.496619964339259
phasenet_default,hard,225,21.48346787859009,0.6593571305274963,0.2860301733016968,1.5999213965568329
phasenet_default,hard,226,19.87178356916712,0.5645675659179688,0.3693602383136749,1.711692917892114
phasenet_default,hard,227,20.671048673330183,0.5757156014442444,0.35591721534729004,1.704795449721388
phasenet_default,hard,228,20.042788156957858,0.4757685959339142,0.319297730922699,1.7907708426017983
phasenet_default,hard,229,22.10778542201198,0.615678608417511,0.2676929533481598,1.7067107544091078
phasenet_default,hard,230,21.384982516247362,0.5595498085021973,0.46853798627853394,1.8641111976605211
phasenet_default,hard,231,20.726116050810557,0.5246299505233765,0.4759872555732727,1.8665316948756854
phasenet_default,hard,232,22.679777120635563,0.5952482223510742,0.40346360206604004,1.8463838011522147
phasenet_default,hard,233,27.059162660015726,0.8061631917953491,0.2963697910308838,1.482752645382721
phasenet_default,hard,234,27.766570783581905,0.8286046981811523,0.31226497888565063,1.3650017064527085
phasenet_default,hard,235,31.403032405007878,0.9345406293869019,0.12804412841796875,0.9045564632930725
phasenet_default,hard,236,30.5338003082396,0.9021122455596924,0.16963042318820953,1.1906193886867515
phasenet_default,hard,237,26.97316081144402,0.7711847424507141,0.3151360750198364,1.5639704874498461
phasenet_default,hard,238,27.5259839907128,0.912571370601654,0.17343930900096893,0.9645934091055948
phasenet_default,hard,239,25.77343727008912,0.8987760543823242,0.20271450281143188,1.1216390392853504
phasenet_default,hard,240,21.661793456816195,0.8344116806983948,0.42203205823898315,1.9352839639692592
phasenet_default,hard,241,24.031359559587017,0.8797207474708557,0.3574691712856293,1.9261734032602982
phasenet_default,hard,242,25.45663321369341,0.8742977976799011,0.3228932023048401,1.9147285567096937
phasenet_default,hard,243,22.60768169581041,0.8648326992988586,0.38693317770957947,1.9250136855424989
phasenet_default,hard,244,20.675948497781032,0.8724150061607361,0.3846031725406647,1.900149496164539
phasenet_default,hard,245,21.249296593569383,0.8599036931991577,0.39074474573135376,1.9120157567023384
phasenet_default,hard,246,23.758940016302212,0.8521376848220825,0.36491858959198,1.907571870086849
phasenet_default,hard,247,22.758557297505902,0.8703132271766663,0.36222198605537415,1.8752277497550596
phasenet_default,hard,248,28.08863361104703,0.8703179359436035,0.36820897459983826,1.817184846151721
phasenet_default,hard,249,24.454212331829805,0.8662335276603699,0.3843570947647095,1.8717471708157878
phasenet_default,hard,250,26.590122885734097,0.7597360610961914,0.23897528648376465,1.311908144287154
phasenet_default,hard,251,25.315207163987196,0.7781118154525757,0.23057802021503448,1.2818573336579044
phasenet_default,hard,252,22.987219839696067,0.6971105337142944,0.28604406118392944,1.4262252100673587
phasenet_default,hard,253,25.344638898959218,0.8506011962890625,0.18337276577949524,1.1442397752676399
phasenet_default,hard,254,25.497633979158827,0.737816572189331,0.26556968688964844,1.407821437285765
phasenet_default,hard,255,29.12037036555276,0.9332827925682068,0.05752836540341377,0.9480343950392021
phasenet_default,hard,256,26.40108183117968,0.854505181312561,0.12367622554302216,1.201036465727834
phasenet_default,hard,257,22.8184810738651,0.5604956150054932,0.3312861919403076,1.6018481439681345
phasenet_default,hard,258,19.687356108435573,0.4591563045978546,0.40632373094558716,1.6026323965552596
phasenet_default,hard,259,17.310773264168063,0.309508353471756,0.4995219111442566,1.8021252804213042
phasenet_default,hard,260,25.34216657052591,0.8519651293754578,0.17484521865844727,1.1995076705694427
phasenet_default,hard,261,25.76144354237231,0.862791895866394,0.164906308054924,1.187433865980509
phasenet_default,hard,262,23.085676318259512,0.8202656507492065,0.21007002890110016,1.256045359119095
phasenet_default,hard,263,23.476952708361416,0.842434287071228,0.18603694438934326,1.16302845084963
phasenet_default,hard,264,22.750934019640148,0.8296001553535461,0.19616547226905823,1.2690065574175973
phasenet_default,hard,265,23.387706577988162,0.8398142457008362,0.18822970986366272,1.2225461706998275
phasenet_default,hard,266,24.046681924346103,0.8428517580032349,0.1854698807001114,1.1628249778351116
phasenet_default,hard,267,23.911204800812563,0.8345485925674438,0.19957727193832397,1.2304664669462
phasenet_default,hard,268,23.238093856870478,0.8260669708251953,0.19542695581912994,1.2385470864140367
phasenet_default,hard,269,24.07214590993685,0.85628342628479,0.17788514494895935,1.2140781740958484
phasenet_default,hard,270,26.889367479241884,0.8137228488922119,0.24112927913665771,1.5042059857294028
phasenet_default,hard,271,27.35542601366262,0.8408049941062927,0.22056889533996582,1.3001062921111264
phasenet_default,hard,272,28.2685338425158,0.8722937703132629,0.20642335712909698,1.2363764750408073
phasenet_default,hard,273,27.30108747614956,0.8990575075149536,0.15337839722633362,0.969788664598844
phasenet_default,hard,274,28.62270077848808,0.90559983253479,0.16369763016700745,1.0933521091336327
phasenet_default,hard,275,27.02421287163962,0.8759546279907227,0.18386411666870117,0.891784540449635
phasenet_default,hard,276,26.757278958852346,0.8983124494552612,0.13861976563930511,0.9762425496683097
phasenet_default,hard,277,26.276741351978643,0.8891549110412598,0.15174998342990875,0.7949648488175287
phasenet_default,hard,278,26.026791572822106,0.8809800744056702,0.16853933036327362,0.8764393421767726
phasenet_default,hard,279,26.93572764078229,0.8447021245956421,0.23363369703292847,1.0565522808364771
phasenet_default,hard,280,16.945017822433307,0.3816909193992615,0.5628279447555542,1.9306614114291603
phasenet_default,hard,281,16.644338029336183,0.367685467004776,0.5744260549545288,1.941081108585458
phasenet_default,hard,282,16.2980209654268,0.36069321632385254,0.5834687948226929,1.921978861575611
phasenet_default,hard,283,16.015493285469816,0.34649449586868286,0.5968009233474731,1.9310464155990272
phasenet_default,hard,284,16.939625547469884,0.36241671442985535,0.5587937831878662,1.9175066930210645
phasenet_default,hard,285,16.909854810020537,0.35538819432258606,0.5505144596099854,1.9149348131302366
phasenet_default,hard,286,16.540134697030158,0.3389917016029358,0.5686924457550049,1.92842840947154
phasenet_default,hard,287,17.09736241462301,0.35353562235832214,0.5378531217575073,1.9295517357037015
phasenet_default,hard,288,17.074005914048037,0.3491576313972473,0.5431252121925354,1.9272008974924435
phasenet_default,hard,289,17.22939235748638,0.35543006658554077,0.5346358418464661,1.9266089354848852
phasenet_default,hard,290,17.372372804973985,0.4123292863368988,0.6382009983062744,1.9178766040885877
phasenet_default,hard,291,16.47092830987413,0.3958970308303833,0.658936083316803,1.9264545352697389
phasenet_default,hard,292,16.215944090377835,0.4048747718334198,0.6906600594520569,1.940410419802631
phasenet_default,hard,293,15.971901535498734,0.43058809638023376,0.7002730369567871,1.9326151595219376
phasenet_default,hard,294,17.013477874571088,0.4849739074707031,0.6672475934028625,1.904863229908716
phasenet_default,hard,295,17.15233385110476,0.5119889974594116,0.6555017232894897,1.910515555331975
phasenet_default,hard,296,17.7176135500623,0.5242682695388794,0.6590337753295898,1.9183714436287986
phasenet_default,hard,297,17.484223193770006,0.49947571754455566,0.6641637086868286,1.915234762432735
phasenet_default,hard,298,15.18060403840078,0.4420168399810791,0.7118569612503052,1.9425237809549731
phasenet_default,hard,299,16.277899229988645,0.41697490215301514,0.7183603048324585,1.9210411822711233
phasenet_default,hard,300,36.16278328095683,0.9650724530220032,0.09936223179101944,1.5412908391263773
phasenet_default,hard,301,30.29406296634654,0.9357975125312805,0.16123750805854797,1.5229011915614907
phasenet_default,hard,302,29.16784879935955,0.9262064099311829,0.1832052767276764,1.565980520705375
phasenet_default,hard,303,29.720656998936455,0.9295421242713928,0.17779600620269775,1.5208016242693476
phasenet_default,hard,304,29.94603458820152,0.937134325504303,0.16720211505889893,1.4115847200691096
phasenet_default,hard,305,29.619562781989984,0.9335400462150574,0.17882069945335388,1.3974421538035404
phasenet_default,hard,306,29.508467938273068,0.9321673512458801,0.1830916404724121,1.3992637210556969
phasenet_default,hard,307,29.26773881850927,0.9321737289428711,0.18459203839302063,1.4792190633971347
phasenet_default,hard,308,29.172765936397358,0.9368981719017029,0.16796742379665375,1.4519165065544506
phasenet_default,hard,309,29.162075881664194,0.9431974291801453,0.1474151313304901,1.4333237333252264
phasenet_default,medium,0,23.209463061959422,0.5645202398300171,0.3936426341533661,1.9065721921269945
phasenet_default,medium,1,23.7281722617694,0.6186423301696777,0.3109889626502991,1.856830087621666
phasenet_default,medium,2,32.79495221771774,0.9016074538230896,0.15189534425735474,1.3216194689374365
phasenet_default,medium,3,29.14825401929025,0.79705810546875,0.2784809470176697,1.5899556260744174
phasenet_default,medium,4,24.811845931494815,0.6580097079277039,0.28209131956100464,1.8334275939080127
phasenet_default,medium,5,28.81534861906769,0.7727213501930237,0.3236415386199951,1.537131851225174
phasenet_default,medium,6,23.244683128333584,0.5752646923065186,0.3537942171096802,1.8702396862310273
phasenet_default,medium,7,28.272512167281768,0.8302979469299316,0.21104930341243744,1.4306417182332676
phasenet_default,medium,8,26.715166021156442,0.8157867789268494,0.18040254712104797,1.552971997873967
phasenet_default,medium,9,31.70552129270867,0.8915436863899231,0.1637999415397644,1.3486794656693213
phasenet_default,medium,10,24.50208860739366,0.7152400016784668,0.3392632007598877,1.6191576621435646
phasenet_default,medium,11,30.83112202600033,0.8646984100341797,0.20667162537574768,1.4392030375697085
phasenet_default,medium,12,28.446179484552264,0.8033002614974976,0.2759990394115448,1.587032785270738
phasenet_default,medium,13,30.037076459477554,0.8705134987831116,0.18529480695724487,1.364157523318031
phasenet_default,medium,14,29.00489503458633,0.8385655283927917,0.21463152766227722,1.4740381725999459
phasenet_default,medium,15,31.308956243194892,0.8808431029319763,0.17234525084495544,1.3503815657420617
phasenet_default,medium,16,31.06173400369724,0.8958549499511719,0.15149566531181335,1.2493642434939214
phasenet_default,medium,17,29.327659606217193,0.8348940014839172,0.20116105675697327,1.4243705166932454
phasenet_default,medium,18,22.669765764825467,0.5757226347923279,0.3908250331878662,1.8551875264387196
phasenet_default,medium,19,25.62116580493627,0.7339752912521362,0.2825583219528198,1.6176813147379703
phasenet_default,medium,20,24.00810561229649,0.6211974024772644,0.35008135437965393,1.8502804831522468
phasenet_default,medium,21,25.76317990062172,0.7133431434631348,0.3330096900463104,1.8133743923374714
phasenet_default,medium,22,26.99902930437886,0.7817928791046143,0.30747362971305847,1.7451866572992982
phasenet_default,medium,23,28.46888443355784,0.7993897199630737,0.32802659273147583,1.792666366752861
phasenet_default,medium,24,27.848472607474406,0.7983883023262024,0.3499297797679901,1.7738223888467992
phasenet_default,medium,25,30.92601570033757,0.8661449551582336,0.2923886477947235,1.70176371487833
phasenet_default,medium,26,25.550800446914504,0.7112352848052979,0.44510194659233093,1.8950737697365594
phasenet_default,medium,27,24.722199133769305,0.7050794959068298,0.44825199246406555,1.8754234406726438
phasenet_default,medium,28,26.189605785509013,0.7529436349868774,0.3788610100746155,1.7892696853674503
phasenet_default,medium,29,24.518807325690993,0.7155848145484924,0.40558236837387085,1.829207214897107
phasenet_default,medium,30,24.359369782182444,0.7021333575248718,0.2411973476409912,1.464970379762312
phasenet_default,medium,31,26.470094510579823,0.7855203747749329,0.19641351699829102,1.3059913680155655
phasenet_default,medium,32,28.374430311655413,0.8516760468482971,0.14789319038391113,1.1910615826214348
phasenet_default,medium,33,30.669938963223263,0.9147146344184875,0.10365858674049377,0.9947864210096202
phasenet_default,medium,34,31.237394565704978,0.9139836430549622,0.1100149005651474,1.0655816701616236
phasenet_default,medium,35,32.90250492657616,0.9522250294685364,0.06405553221702576,0.8847342970629772
phasenet_default,medium,36,33.94616945233779,0.9599658846855164,0.06275946646928787,0.8199240670098914
phasenet_default,medium,37,31.797616951808834,0.9314804077148438,0.085968017578125,1.0554443668810938
phasenet_default,medium,38,33.58891681104889,0.9595721960067749,0.06683717668056488,0.7364316243037903
phasenet_default,medium,39,32.807131688042524,0.9421948194503784,0.07671923190355301,1.084588281419475
phasenet_default,medium,40,25.940167408706504,0.6478937864303589,0.28446799516677856,1.8055439025128726
phasenet_default,medium,41,28.065569984596582,0.7722858786582947,0.2999747395515442,1.7359097922554638
phasenet_default,medium,42,23.987481085970074,0.5328029990196228,0.41982653737068176,1.882730422984587
phasenet_default,medium,43,27.030062140522404,0.6813682913780212,0.31760063767433167,1.7079234854255758
phasenet_default,medium,44,29.253282070273336,0.8326772451400757,0.22906947135925293,1.5545108212441745
phasenet_default,medium,45,28.621790355685345,0.7706144452095032,0.30298107862472534,1.6008586312329887
phasenet_default,medium,46,24.26732293878258,0.6908308863639832,0.37639498710632324,1.8245951016729822
phasenet_default,medium,47,25.104181713070254,0.7539922595024109,0.3352888524532318,1.6479873720117182
phasenet_default,medium,48,24.37359366476771,0.6636934876441956,0.3669275641441345,1.7878063632390178
phasenet_default,medium,49,21.037148145868812,0.46673262119293213,0.48031002283096313,1.8216039544097578
phasenet_default,medium,50,21.841110357674133,0.536357045173645,0.3742510974407196,1.865460082798542
phasenet_default,medium,51,19.318296030721513,0.31401121616363525,0.45701074600219727,1.8930298989327565
phasenet_default,medium,52,28.835456380343317,0.8736461997032166,0.15927842259407043,1.2711697123012804
phasenet_default,medium,53,20.65354069231632,0.3897152245044708,0.4182417690753937,1.8771336827937581
phasenet_default,medium,54,25.346924909114925,0.666706919670105,0.36411547660827637,1.6864093704580676
phasenet_default,medium,55,23.80659099189984,0.60089510679245,0.36982160806655884,1.7955177126295587
phasenet_default,medium,56,31.775560735756997,0.8877904415130615,0.16860869526863098,1.0997192210414313
phasenet_default,medium,57,24.100958590597877,0.6002593040466309,0.37346160411834717,1.7573302513525149
phasenet_default,medium,58,20.863464826185243,0.43061473965644836,0.4223858416080475,1.9074584632431368
phasenet_default,medium,59,20.855000781486876,0.4468773603439331,0.39170485734939575,1.8680279530748871
phasenet_default,medium,60,28.230044456321238,0.811344563961029,0.25845345854759216,1.4876231595349534
phasenet_default,medium,61,28.093210095930058,0.8189485669136047,0.26171010732650757,1.464336983398688
phasenet_default,medium,62,19.61878109545647,0.3879019320011139,0.44076448678970337,1.8823588832726421
phasenet_default,medium,63,24.249280257525655,0.6067109704017639,0.44079479575157166,1.7077578439445809
phasenet_default,medium,64,27.700025572212034,0.7919002175331116,0.2806345820426941,1.4896529608411502
phasenet_default,medium,65,17.84666821705035,0.3260761499404907,0.5127583146095276,1.9023055249982306
phasenet_default,medium,66,21.235245495573288,0.48025253415107727,0.39549925923347473,1.8453058483499478
phasenet_default,medium,67,22.07737551388,0.5102719664573669,0.36851227283477783,1.8202598989647814
phasenet_default,medium,68,19.929952738088122,0.4280157685279846,0.4501499533653259,1.845504253275371
phasenet_default,medium,69,27.931760299071414,0.807469367980957,0.24052752554416656,1.3410071844850888
phasenet_default,medium,70,23.952442991323114,0.7193474769592285,0.2515561282634735,1.6634910215440961
phasenet_default,medium,71,17.681475365301907,0.2903512120246887,0.44624119997024536,1.887270560868651
phasenet_default,medium,72,19.731967650875227,0.456662654876709,0.3710165023803711,1.8652194768086843
phasenet_default,medium,73,18.803292803349116,0.42766818404197693,0.3887401521205902,1.894189604867886
phasenet_default,medium,74,19.369822865395722,0.3465164601802826,0.39328014850616455,1.8659113930890516
phasenet_default,medium,75,29.478880794470115,0.8483129143714905,0.13459047675132751,1.456706815461958
phasenet_default,medium,76,17.920684293755897,0.31988096237182617,0.46744072437286377,1.8888494674885905
phasenet_default,medium,77,22.445359374632275,0.5476144552230835,0.3228570222854614,1.865049169481697
phasenet_default,medium,78,28.498046200056315,0.8404137492179871,0.18318027257919312,1.3773058977158863
phasenet_default,medium,79,32.32265407250896,0.9076288342475891,0.12560352683067322,1.0150459040730961
phasenet_default,medium,80,30.362369758748788,0.8235220313072205,0.20811474323272705,1.5843390019907186
phasenet_default,medium,81,32.396271409424344,0.913211464881897,0.0873199999332428,1.2998015158386103
phasenet_default,medium,82,19.12102938363113,0.3247721493244171,0.49034327268600464,1.9103967936958284
phasenet_default,medium,83,19.487045357519992,0.33350682258605957,0.46478283405303955,1.91211516580921
phasenet_default,medium,84,18.94796534434201,0.31184515357017517,0.47819414734840393,1.891955109188956
phasenet_default,medium,85,21.616981410185943,0.42522993683815,0.40624406933784485,1.8832968520528615
phasenet_default,medium,86,25.899570762667395,0.6849770545959473,0.3437161445617676,1.675271171349939
phasenet_default,medium,87,27.045252417442676,0.736051619052887,0.2837521433830261,1.6758884787931732
phasenet_default,medium,88,22.800911983112414,0.4678189754486084,0.4060967266559601,1.906238923122308
phasenet_default,medium,89,21.834532299794006,0.4716245234012604,0.40967169404029846,1.8553916951030422
phasenet_default,medium,90,26.16515013678331,0.7667022943496704,0.2004375159740448,1.6496508571815593
phasenet_default,medium,91,18.11935061290523,0.35120701789855957,0.43042707443237305,1.8892175812857914
phasenet_default,medium,92,18.21534096021668,0.36425891518592834,0.45313870906829834,1.888625783119106
phasenet_default,medium,93,18.60317423264806,0.3518444001674652,0.4681468605995178,1.9110468676368755
phasenet_default,medium,94,26.186539606757854,0.7290421724319458,0.3180660009384155,1.6216532031188868
phasenet_default,medium,95,22.991702840121576,0.515764594078064,0.3734116554260254,1.8376523540253493
phasenet_default,medium,96,29.73061622524252,0.8255223035812378,0.2422427237033844,1.476384732573568
phasenet_default,medium,97,21.54870196984044,0.46690452098846436,0.4094187021255493,1.8924613724250134
phasenet_default,medium,98,21.202702898074154,0.42841222882270813,0.42032623291015625,1.870536404425339
phasenet_default,medium,99,25.467500660718088,0.7377030253410339,0.23250225186347961,1.5532279041449528
phasenet_default,medium,100,25.92124456935003,0.7390410900115967,0.44835957884788513,1.6153040373904293
phasenet_default,medium,101,17.98382051502157,0.4846881330013275,0.5659134387969971,1.8466739473015819
phasenet_default,medium,102,33.353495468352236,0.8989276885986328,0.24267823994159698,1.3216304845651332
phasenet_default,medium,103,22.500932978860924,0.5866981148719788,0.5276901721954346,1.8705388689421931
phasenet_default,medium,104,35.473812168708356,0.9488233923912048,0.15964803099632263,1.118766377670782
phasenet_default,medium,105,30.776064556102973,0.8371829986572266,0.37933021783828735,1.4995954364151438
phasenet_default,medium,106,31.40523533487989,0.8737397789955139,0.31367456912994385,1.5991810249645741
phasenet_default,medium,107,24.863195362608167,0.681767463684082,0.45618101954460144,1.8101781480855408
phasenet_default,medium,108,21.782888147624824,0.5813575387001038,0.553857684135437,1.8676502822439287
phasenet_default,medium,109,27.199967877324763,0.7716996073722839,0.4301989674568176,1.7778149101196994
phasenet_default,medium,110,20.903960852978987,0.5200757384300232,0.5405960083007812,1.8827185692679547
phasenet_default,medium,111,20.39369407309996,0.4928201138973236,0.521314263343811,1.8924913829781365
phasenet_default,medium,112,23.125945298584707,0.6263241171836853,0.5211161375045776,1.7477855464977856
phasenet_default,medium,113,24.229217298001,0.6243751049041748,0.5165709853172302,1.776589329007456
phasenet_default,medium,114,25.258875304717936,0.7053642868995667,0.42046046257019043,1.753445646187775
phasenet_default,medium,115,28.023223451989328,0.8051355481147766,0.29650408029556274,1.5432006271674532
phasenet_default,medium,116,28.63546234692155,0.8181939721107483,0.25826334953308105,1.4863749676105518
phasenet_default,medium,117,30.563612936659602,0.8789723515510559,0.1759638637304306,1.2963523537027442
phasenet_default,medium,118,25.675479966122538,0.7094500064849854,0.33918076753616333,1.655609188303607
phasenet_default,medium,119,22.876260131053407,0.5662559270858765,0.40163490176200867,1.8705567335587334
phasenet_default,medium,120,26.803524564146727,0.8750076293945312,0.1956176608800888,0.48580039058458424
phasenet_default,medium,121,26.81537143591939,0.8870055675506592,0.1681884229183197,0.6073548465592145
phasenet_default,medium,122,27.94283515594246,0.8928283452987671,0.1652652472257614,0.5654375810008485
phasenet_default,medium,123,26.12063665072416,0.876118540763855,0.18444764614105225,0.4596316440156972
phasenet_default,medium,124,29.593283745313382,0.9072842001914978,0.16071954369544983,0.4375227293523181
phasenet_default,medium,125,27.01987053998822,0.8775405883789062,0.1895393282175064,0.5513141084972145
phasenet_default,medium,126,26.41473552742734,0.8699595332145691,0.17272956669330597,0.6080122540450177
phasenet_default,medium,127,27.04633768022704,0.8720892667770386,0.177667036652565,0.6864135445452632
phasenet_default,medium,128,26.18364272471689,0.8591952323913574,0.19406744837760925,0.6723961492639305
phasenet_default,medium,129,27.73419952223125,0.9086563587188721,0.13296665251255035,0.6900711614421315
phasenet_default,medium,130,39.81220533280322,0.9876848459243774,0.018057657405734062,0.4541479597270957
phasenet_default,medium,131,40.935029411834414,0.9920706152915955,0.012418481521308422,0.26614874746906914
phasenet_default,medium,132,38.68959659357917,0.9861922860145569,0.018824545666575432,0.48136982659603644
phasenet_default,medium,133,31.105903641226753,0.9414973855018616,0.09284301102161407,0.7512333725101663
phasenet_default,medium,134,31.511933884666476,0.9520971775054932,0.06578195840120316,0.6980269073377503
phasenet_default,medium,135,31.707278254983855,0.9313697814941406,0.08323848247528076,1.1950323121420634
phasenet_default,medium,136,33.05429797462073,0.9589616060256958,0.02374352514743805,1.0706173306252196
phasenet_default,medium,137,36.435003655072094,0.9680299758911133,0.05513864755630493,0.732815491625059
phasenet_default,medium,138,34.60723301600606,0.9549415707588196,0.07101276516914368,0.8109135405112998
phasenet_default,medium,139,40.55153907568277,0.9879068732261658,0.014799254015088081,0.4027757112825565
phasenet_default,medium,140,25.917365049803674,0.6773183941841125,0.3214837610721588,1.883415933581906
phasenet_default,medium,141,22.27282996066303,0.5653322339057922,0.40371930599212646,1.9119697393577777
phasenet_default,medium,142,22.014079757325987,0.5261553525924683,0.3966045677661896,1.9011996888277625
phasenet_default,medium,143,23.987612278430788,0.5900726914405823,0.3640162944793701,1.8548456830472864
phasenet_default,medium,144,24.885357057295113,0.6449203491210938,0.3331078290939331,1.8618064058675308
phasenet_default,medium,145,24.833752634316085,0.5898313522338867,0.34989193081855774,1.853559514835906
phasenet_default,medium,146,25.847430323309844,0.7055940628051758,0.2897033393383026,1.803397204717511
phasenet_default,medium,147,25.170444188537747,0.5940691828727722,0.34489545226097107,1.856566952416179
phasenet_default,medium,148,26.84345591861755,0.6640214323997498,0.28282299637794495,1.7536098764348436
phasenet_default,medium,149,25.705828522164403,0.6214328408241272,0.332660436630249,1.785374353610547
phasenet_default,medium,150,28.47090448092084,0.9243700504302979,0.16669076681137085,0.704313124007947
phasenet_default,medium,151,28.965028010267627,0.9256442785263062,0.16355769336223602,0.6870423197265261
phasenet_default,medium,152,28.485533488521284,0.9264333844184875,0.16038644313812256,0.7079559024075609
phasenet_default,medium,153,28.869921305502185,0.9258217811584473,0.17050230503082275,0.6954559780258501
phasenet_default,medium,154,28.804461605344763,0.9263779520988464,0.1686861366033554,0.6952539514284899
phasenet_default,medium,155,28.24593299635954,0.9235957264900208,0.17081713676452637,0.6956793708448747
phasenet_default,medium,156,27.7841192709327,0.9225471615791321,0.1677529662847519,0.6634611825202174
phasenet_default,medium,157,28.246243251351572,0.9236456751823425,0.1645394116640091,0.6967334367520827
phasenet_default,medium,158,27.96421215278084,0.9240205883979797,0.16832317411899567,0.6883593066700692
phasenet_default,medium,159,28.179867940277717,0.916908323764801,0.17088207602500916,0.7602268512029874
phasenet_default,medium,160,28.870224541910265,0.9200414419174194,0.2081647664308548,0.746610060257976
phasenet_default,medium,161,28.760506744897448,0.9179810285568237,0.21296247839927673,0.7657583966229842
phasenet_default,medium,162,28.592309604415227,0.9163231253623962,0.2220480889081955,0.768981381122809
phasenet_default,medium,163,28.433354398249957,0.9133052229881287,0.22304503619670868,0.7702218552941794
phasenet_default,medium,164,28.27856302548326,0.9127238392829895,0.22680550813674927,0.7800388889922907
phasenet_default,medium,165,28.246159186602036,0.9105391502380371,0.23150493204593658,0.7812935430679344
phasenet_default,medium,166,28.10719972253066,0.9093277454376221,0.22780776023864746,0.7920368726212637
phasenet_default,medium,167,27.998682354339117,0.907429575920105,0.23042690753936768,0.7942228368206958
phasenet_default,medium,168,27.85775495484378,0.906531810760498,0.23236864805221558,0.7966270886567902
phasenet_default,medium,169,27.75654991649369,0.9050884246826172,0.23270635306835175,0.7988437406803774
phasenet_default,medium,170,35.44662891811862,0.9617425799369812,0.04874489828944206,0.46337656312943554
phasenet_default,medium,171,33.07360723260239,0.9292243719100952,0.06742371618747711,0.45472124811571113
phasenet_default,medium,172,35.63707483920605,0.9603468179702759,0.05093219131231308,0.39155641908044025
phasenet_default,medium,173,34.343426666229874,0.930840790271759,0.0650758147239685,0.4743123707480962
phasenet_default,medium,174,29.414806985836876,0.860664427280426,0.11716845631599426,0.671205083923842
phasenet_default,medium,175,31.078628123748253,0.8831321597099304,0.10324081778526306,0.7052014167388062
phasenet_default,medium,176,32.74983682046023,0.9126129746437073,0.0872633159160614,0.6012791228394292
phasenet_default,medium,177,32.31007066480668,0.899820864200592,0.09373825788497925,0.721728549798661
phasenet_default,medium,178,28.70566983214887,0.8724329471588135,0.12114926427602768,0.7932939494774882
phasenet_default,medium,179,32.48712569167958,0.9176957011222839,0.0832216888666153,0.6531969404378568
phasenet_default,medium,180,40.18494585023926,0.9723572134971619,0.05944737419486046,1.328741957355961
phasenet_default,medium,181,41.25537235617381,0.9769743084907532,0.055421773344278336,1.2402753658968853
phasenet_default,medium,182,38.55372156754925,0.9634296298027039,0.08018666505813599,1.302193185006069
phasenet_default,medium,183,40.69624269590556,0.9800268411636353,0.034135814756155014,1.0016214978748899
phasenet_default,medium,184,38.58292879986849,0.9770081043243408,0.04925282299518585,1.1476445089378335
phasenet_default,medium,185,35.672572600616775,0.9781373739242554,0.04698694124817848,1.1152831481086152
phasenet_default,medium,186,33.04742128931479,0.9735477566719055,0.06456516683101654,1.0717369853584007
phasenet_default,medium,187,37.22591960575153,0.9784449934959412,0.055293839424848557,1.1119092124582628
phasenet_default,medium,188,38.86391628712576,0.9801235198974609,0.05182366818189621,1.209164835711335
phasenet_default,medium,189,40.48519758821672,0.9742129445075989,0.05975029245018959,1.3812735700498766
phasenet_default,medium,190,22.368278088474852,0.5253825783729553,0.36746546626091003,1.8362937314298693
phasenet_default,medium,191,21.834007509553935,0.5100576281547546,0.3857203722000122,1.862107933476305
phasenet_default,medium,192,22.092307308307184,0.5142324566841125,0.37637704610824585,1.844995175042547
phasenet_default,medium,193,22.414523923821868,0.5201072692871094,0.3616790175437927,1.8187586813394492
phasenet_default,medium,194,21.639583912612967,0.4966262876987457,0.37733370065689087,1.867392160685661
phasenet_default,medium,195,21.60261438719139,0.4935848116874695,0.36461779475212097,1.8758903269380853
phasenet_default,medium,196,22.224393338137943,0.50772625207901,0.35072487592697144,1.8248050629913455
phasenet_default,medium,197,22.07049871276332,0.5055310726165771,0.3532065451145172,1.826626885918923
phasenet_default,medium,198,23.617694877289594,0.552255392074585,0.31064990162849426,1.840527783208536
phasenet_default,medium,199,24.869831725434057,0.6235494613647461,0.2576950788497925,1.8654962165233941
phasenet_default,medium,200,21.923746696118386,0.5017635822296143,0.3833979070186615,1.7874798435744979
phasenet_default,medium,201,21.495380413168572,0.48080480098724365,0.3981068730354309,1.8595684519181281
phasenet_default,medium,202,21.831799210942492,0.5095832943916321,0.38383400440216064,1.7886877645456956
phasenet_default,medium,203,22.48067346160052,0.5297351479530334,0.3766134977340698,1.7811972312012807
phasenet_default,medium,204,22.10776965049613,0.5140990614891052,0.38208532333374023,1.7802616511803127
phasenet_default,medium,205,21.48027580288789,0.45811280608177185,0.4321345090866089,1.878776628649328
phasenet_default,medium,206,21.520053500824844,0.48718538880348206,0.42162230610847473,1.8968034387294264
phasenet_default,medium,207,22.958708365267366,0.5660554766654968,0.3416140079498291,1.756562454401097
phasenet_default,medium,208,22.181028863806787,0.4984652101993561,0.39384523034095764,1.8808352622171682
phasenet_default,medium,209,22.459951395295104,0.5215117931365967,0.40081989765167236,1.8507205688455655
phasenet_default,medium,210,37.184536428829944,0.9570513367652893,0.08070951700210571,1.2548816487205412
phasenet_default,medium,211,36.3961317188153,0.957658052444458,0.06603588908910751,1.1885552209556152
phasenet_default,medium,212,35.192538906830926,0.9403606057167053,0.12130557000637054,1.3913490591936934
phasenet_default,medium,213,36.17834634724073,0.9585039615631104,0.06602038443088531,1.1870773142247828
phasenet_default,medium,214,37.472352554404594,0.9578697681427002,0.08573050796985626,1.2814830428612798
phasenet_default,medium,215,37.63362739635983,0.9637577533721924,0.05917570739984512,1.1434951040029564
phasenet_default,medium,216,37.49253863521521,0.9543989300727844,0.09222840517759323,1.3317249763804333
phasenet_default,medium,217,39.07474467058444,0.9714055061340332,0.04516543075442314,1.1329764289116901
phasenet_default,medium,218,39.4620969956495,0.9701216220855713,0.05284816026687622,1.1396901226596206
phasenet_default,medium,219,38.82274467684908,0.9689745903015137,0.056161586195230484,1.0865447092143012
phasenet_default,medium,220,26.595086710553055,0.9092316031455994,0.08746230602264404,0.9820645026055324
phasenet_default,medium,221,22.419755721961565,0.879052996635437,0.1002747118473053,1.0553471715824108
phasenet_default,medium,222,22.274405008621034,0.7970461845397949,0.1532316356897354,1.2985774566721675
phasenet_default,medium,223,25.533601569836883,0.8430731296539307,0.1289213001728058,1.0740354575024433
phasenet_default,medium,224,25.551952393025434,0.8431901335716248,0.12861503660678864,1.1504295979069972
phasenet_default,medium,225,24.978666004165365,0.8357488512992859,0.14006257057189941,1.1990652824658532
phasenet_default,medium,226,23.8983625256836,0.7885479927062988,0.1969916820526123,1.295568725349082
phasenet_default,medium,227,22.845386695993778,0.7043166756629944,0.2859126925468445,1.5443427839798143
phasenet_default,medium,228,27.218189585121774,0.8192133903503418,0.18385380506515503,1.3602819676794504
phasenet_default,medium,229,28.815805114913697,0.8912887573242188,0.12075211107730865,1.218202240183606
phasenet_default,medium,230,25.01349023250444,0.6880647540092468,0.3651083707809448,1.7795659398572048
phasenet_default,medium,231,24.13874300588577,0.6470614671707153,0.3796881437301636,1.7939250571630296
phasenet_default,medium,232,28.20574091843431,0.8254307508468628,0.31363028287887573,1.444048529064673
phasenet_default,medium,233,31.916520329133927,0.9257286190986633,0.1515665054321289,1.1097667225589822
phasenet_default,medium,234,32.60472561123738,0.9431359171867371,0.12784814834594727,0.9500949927261773
phasenet_default,medium,235,35.39553893276721,0.9702274799346924,0.05918378010392189,0.6784713448735817
phasenet_default,medium,236,34.94700634186191,0.9651272296905518,0.07071065157651901,0.8302801604708326
phasenet_default,medium,237,33.04609874439848,0.9445517063140869,0.10849293321371078,1.012120575162365
phasenet_default,medium,238,30.403281105773836,0.9429179430007935,0.10817629843950272,0.815043643388139
phasenet_default,medium,239,28.54380715942296,0.9339125752449036,0.12632986903190613,0.9611847912047745
phasenet_default,medium,240,24.57125114345191,0.8537237644195557,0.3739927411079407,1.9167946679319894
phasenet_default,medium,241,25.499267983707025,0.8936536312103271,0.3038530945777893,1.909699745366853
phasenet_default,medium,242,27.962712114938974,0.8905559182167053,0.23476555943489075,1.8862580715011732
phasenet_default,medium,243,26.346551335736024,0.8809588551521301,0.34457576274871826,1.8791439706112936
phasenet_default,medium,244,24.186914372070383,0.8881009221076965,0.3410831689834595,1.8736614853595182
phasenet_default,medium,245,25.55286603492362,0.874616265296936,0.36030325293540955,1.8953124105312569
phasenet_default,medium,246,27.19240610623086,0.872899055480957,0.32419317960739136,1.8790505403391853
phasenet_default,medium,247,25.56336527587733,0.9015064239501953,0.2973273694515228,1.7306801734826518
phasenet_default,medium,248,32.668986865466174,0.9143451452255249,0.29768773913383484,1.6628338586452653
phasenet_default,medium,249,28.18936797842715,0.8970057368278503,0.3098412752151489,1.7886796566892638
phasenet_default,medium,250,33.31334476147682,0.935581624507904,0.09377643465995789,0.8616640783901313
phasenet_default,medium,251,28.637503766241604,0.9131605625152588,0.08371921628713608,1.0175272371500177
phasenet_default,medium,252,27.019138501715396,0.8681116104125977,0.13747498393058777,1.1831277049674984
phasenet_default,medium,253,29.302044579175185,0.9334244728088379,0.08053088933229446,0.8859519529489261
phasenet_default,medium,254,29.98339176672421,0.8926329016685486,0.13168899714946747,1.1238298876185895
phasenet_default,medium,255,33.866729090014346,0.9706714749336243,0.033534321933984756,0.7319992087064392
phasenet_default,medium,256,31.495868762239027,0.945365846157074,0.05830155313014984,0.8303824184896518
phasenet_default,medium,257,29.012674498300136,0.8385096788406372,0.19094248116016388,1.2343277725373996
phasenet_default,medium,258,22.06850386084083,0.6045448184013367,0.3427007794380188,1.4342878014707796
phasenet_default,medium,259,20.65523357028291,0.48148027062416077,0.40167000889778137,1.7338872699336694
phasenet_default,medium,260,28.749219763469714,0.9052045345306396,0.13181284070014954,1.053521212391612
phasenet_default,medium,261,28.583087593855755,0.9046249389648438,0.12479370087385178,1.0487154258124833
phasenet_default,medium,262,26.16313007160597,0.8719335794448853,0.15423640608787537,1.1713839709022018
phasenet_default,medium,263,26.075433059680762,0.8782257437705994,0.14284266531467438,1.0730069852478863
phasenet_default,medium,264,24.89877453791163,0.8763526082038879,0.15309551358222961,1.0813484783803813
phasenet_default,medium,265,26.284451619573336,0.8790425062179565,0.14745503664016724,1.086749910921825
phasenet_default,medium,266,27.160702049570617,0.8876489996910095,0.13837453722953796,1.060996412802485
phasenet_default,medium,267,26.630151493020442,0.8730739951133728,0.15319065749645233,1.094713227683326
phasenet_default,medium,268,26.461165414506887,0.8746289014816284,0.15454205870628357,1.133246095585445
phasenet_default,medium,269,27.1483889854867,0.9024590253829956,0.12450902163982391,1.057992163144443
phasenet_default,medium,270,30.137881350150675,0.9392526745796204,0.0841861441731453,0.9847705192647903
phasenet_default,medium,271,30.95812143941833,0.9327852725982666,0.10313097387552261,0.8857949012645212
phasenet_default,medium,272,31.493139491760644,0.9477388858795166,0.06876811385154724,0.805206181929852
phasenet_default,medium,273,30.022492783031964,0.9344390630722046,0.08601418882608414,0.6659136853789251
phasenet_default,medium,274,30.604176174414434,0.9436013102531433,0.07001534104347229,0.8115362886704781
phasenet_default,medium,275,30.760680248087617,0.9286162853240967,0.11818885058164597,0.698525743015013
phasenet_default,medium,276,29.420916326489774,0.932079017162323,0.08862294256687164,0.7171354177263125
phasenet_default,medium,277,29.115884598390736,0.9203199148178101,0.10125051438808441,0.6440993145319247
phasenet_default,medium,278,28.801365243713857,0.9127273559570312,0.11098944395780563,0.7111624423317017
phasenet_default,medium,279,30.578827986416858,0.9150371551513672,0.144694522023201,0.7685928465289336
phasenet_default,medium,280,18.61424822202676,0.4328109920024872,0.47805482149124146,1.9115603657152322
phasenet_default,medium,281,18.246283562495442,0.42589330673217773,0.4903876781463623,1.9114037822167482
phasenet_default,medium,282,17.986209626962072,0.40634989738464355,0.5057051777839661,1.9087190928590263
phasenet_default,medium,283,18.177780990281867,0.40559372305870056,0.5171065330505371,1.9028357187717146
phasenet_default,medium,284,19.21329624294273,0.42398643493652344,0.4519631862640381,1.8848797405296007
phasenet_default,medium,285,19.153549233572132,0.42985454201698303,0.44953039288520813,1.8847860551741633
phasenet_default,medium,286,18.557685932908417,0.40499547123908997,0.4663316011428833,1.9131992622759115
phasenet_default,medium,287,19.45328393663554,0.4333917498588562,0.4293539524078369,1.9185411896477043
phasenet_default,medium,288,19.717739959158386,0.4328656494617462,0.4548252522945404,1.9039379721853025
phasenet_default,medium,289,19.935359706763837,0.43966352939605713,0.45014867186546326,1.8768966982139292
phasenet_default,medium,290,18.71710021116456,0.4487369656562805,0.5686541795730591,1.9050620880940472
phasenet_default,medium,291,18.06443702630657,0.4447976350784302,0.5737312436103821,1.9176794641015136
phasenet_default,medium,292,17.918676078949957,0.464813232421875,0.6300742030143738,1.9233808434627284
phasenet_default,medium,293,18.10308937022613,0.49279171228408813,0.6206677556037903,1.9192661465873266
phasenet_default,medium,294,18.651141265085126,0.535136878490448,0.6020958423614502,1.88655885904176
phasenet_default,medium,295,18.533150664325387,0.5606635808944702,0.5713443756103516,1.8968603551791663
phasenet_default,medium,296,19.179704750788503,0.608637809753418,0.5284477472305298,1.9038129275351752
phasenet_default,medium,297,18.9696717755409,0.5604884624481201,0.6018394827842712,1.910975964735179
phasenet_default,medium,298,17.545709020436455,0.4817773401737213,0.6424193382263184,1.9183551177872622
phasenet_default,medium,299,18.48621861973937,0.465462327003479,0.6367943286895752,1.8998701767804311
phasenet_default,medium,300,38.236006332509845,0.9844319820404053,0.03859858959913254,1.1615174858697799
phasenet_default,medium,301,31.47328673786273,0.9515953063964844,0.10813625901937485,1.2669642157673213
phasenet_default,medium,302,30.69865600688289,0.9376758933067322,0.13876385986804962,1.39096553918523
phasenet_default,medium,303,31.106311941402232,0.9488680958747864,0.11496680229902267,1.2522207874958078
phasenet_default,medium,304,31.15270843906654,0.9508352279663086,0.11502178013324738,1.2712718183095764
phasenet_default,medium,305,31.17397450789699,0.9494015574455261,0.12275323271751404,1.202199315398515
phasenet_default,medium,306,31.027775864172767,0.9465901851654053,0.13277384638786316,1.263418908161196
phasenet_default,medium,307,31.00200897352021,0.9512946009635925,0.12223166227340698,1.2234975166629578
phasenet_default,medium,308,31.549003503784142,0.9527853727340698,0.11665238440036774,1.252746325430891
phasenet_default,medium,309,32.762594585386196,0.9627710580825806,0.09885953366756439,1.1179231705028256
phasenet_big,easy,0,28.48427867007046,0.7761094570159912,0.20751623809337616,1.7915490477367917
phasenet_big,easy,1,29.155774858889,0.814403235912323,0.21401183307170868,1.6505573375107412
phasenet_big,easy,2,37.38989807046385,0.9690350294113159,0.04841875657439232,0.9316826433491612
phasenet_big,easy,3,36.2872753233644,0.9542147517204285,0.08510741591453552,1.1022588001128875
phasenet_big,easy,4,31.44862711628445,0.8676710724830627,0.19453734159469604,1.5078914107336985
phasenet_big,easy,5,34.810938594524174,0.9257029294967651,0.1246875748038292,1.138450256765535
phasenet_big,easy,6,28.810714016217254,0.7980126738548279,0.20188719034194946,1.7196706101446104
phasenet_big,easy,7,35.18697044191714,0.953122079372406,0.06714491546154022,0.9465354389507616
phasenet_big,easy,8,34.36782190320189,0.955372154712677,0.05543407425284386,1.0276485734498082
phasenet_big,easy,9,36.459341166202606,0.9689637422561646,0.043861981481313705,0.9452162069949227
phasenet_big,easy,10,29.190574377857406,0.8665820360183716,0.18862798810005188,1.3517801896504895
phasenet_big,easy,11,34.01335147839538,0.9464040994644165,0.08866725862026215,1.1434148097788435
phasenet_big,easy,12,31.81630980292752,0.9263165593147278,0.13318225741386414,1.2971443608201316
phasenet_big,easy,13,32.17580387332913,0.9382866621017456,0.09182244539260864,1.096571383157076
phasenet_big,easy,14,32.640935287931,0.934542715549469,0.0945575088262558,1.1605390076875186
phasenet_big,easy,15,32.63403846942194,0.9440382719039917,0.08125419169664383,1.1284210003388984
phasenet_big,easy,16,31.685486772054162,0.9525253176689148,0.06334957480430603,1.0152800327309515
phasenet_big,easy,17,32.41744539252976,0.9341390132904053,0.09261760115623474,1.1367314896675724
phasenet_big,easy,18,27.839855047641056,0.8071065545082092,0.22513198852539062,1.6586368008103438
phasenet_big,easy,19,28.808335548658384,0.881270170211792,0.14803031086921692,1.393241436215115
phasenet_big,easy,20,30.258116333382073,0.8216420412063599,0.21573835611343384,1.7025203344704396
phasenet_big,easy,21,31.669953036495123,0.8673223853111267,0.20018719136714935,1.6271153849832696
phasenet_big,easy,22,32.407435791926964,0.8879117965698242,0.20435403287410736,1.5937445289800647
phasenet_big,easy,23,34.10903492502341,0.9126365184783936,0.19587187469005585,1.574965529016405
phasenet_big,easy,24,33.41815126598068,0.910457968711853,0.18220636248588562,1.577943097565011
phasenet_big,easy,25,35.607488073308474,0.9386769533157349,0.13938142359256744,1.4540964922731205
phasenet_big,easy,26,32.05297213898247,0.876231849193573,0.29235219955444336,1.7100204558612682
phasenet_big,easy,27,31.0127878886064,0.8527688980102539,0.3201351761817932,1.6902712886900813
phasenet_big,easy,28,33.20321999001032,0.9113238453865051,0.192820742726326,1.4870803456998134
phasenet_big,easy,29,32.24016645614994,0.8888612985610962,0.2422647625207901,1.6011380842088174
phasenet_big,easy,30,30.107693416077105,0.8887069821357727,0.13785772025585175,1.0822757355228783
phasenet_big,easy,31,31.0454915814125,0.9068804383277893,0.10294951498508453,0.9912076976180307
phasenet_big,easy,32,33.512159467866184,0.9505153298377991,0.07471488416194916,0.8010682728801961
phasenet_big,easy,33,34.198369338412846,0.9653047919273376,0.06082034856081009,0.6984058002447651
phasenet_big,easy,34,34.802642891601224,0.9694193005561829,0.05311430245637894,0.7319920219150046
phasenet_big,easy,35,35.5678923203677,0.9772223830223083,0.043376289308071136,0.5974814647925009
phasenet_big,easy,36,35.45903315692541,0.9772437214851379,0.048295486718416214,0.5826336275787436
phasenet_big,easy,37,35.033292939243594,0.9738138318061829,0.049017321318387985,0.703366145877659
phasenet_big,easy,38,35.709392033263605,0.9780890345573425,0.05127390846610069,0.48535129851579345
phasenet_big,easy,39,35.48562118611822,0.9764763116836548,0.04814937338232994,0.7118339492058775
phasenet_big,easy,40,31.66278671793565,0.8612270355224609,0.15595583617687225,1.5304278784639895
phasenet_big,easy,41,33.98375799968892,0.9231770634651184,0.13489148020744324,1.4261949442505777
phasenet_big,easy,42,28.780300521218265,0.7527390122413635,0.2873202860355377,1.7766567699124312
phasenet_big,easy,43,33.43504528317794,0.887398898601532,0.14124928414821625,1.4382877773288023
phasenet_big,easy,44,34.66597213349694,0.9257079362869263,0.14695775508880615,1.2258149026970817
phasenet_big,easy,45,34.01180525950171,0.8999969363212585,0.19107794761657715,1.248875829838037
phasenet_big,easy,46,29.48256655605678,0.8422902226448059,0.21957290172576904,1.5491392573681462
phasenet_big,easy,47,29.757078070926518,0.8654556274414062,0.2197073996067047,1.3969603105395467
phasenet_big,easy,48,28.64546845007331,0.8300665616989136,0.23582462966442108,1.5689304680830642
phasenet_big,easy,49,24.67364441785002,0.6283265352249146,0.3547673523426056,1.7330592317284923
phasenet_big,easy,50,26.568812290711858,0.7690648436546326,0.21991831064224243,1.747051504877761
phasenet_big,easy,51,22.69730153488133,0.5287429690361023,0.32899099588394165,1.8249289572756344
phasenet_big,easy,52,35.01240934238966,0.9677099585533142,0.05113593488931656,0.8381096995367455
phasenet_big,easy,53,25.59095817632244,0.6831474304199219,0.29718393087387085,1.7395583214492256
phasenet_big,easy,54,32.395912821445236,0.896902859210968,0.16109317541122437,1.2920945981342191
phasenet_big,easy,55,30.41924959865792,0.8718394637107849,0.17611771821975708,1.4597226945195472
phasenet_big,easy,56,36.23158712454182,0.9628890156745911,0.06563345342874527,0.7686724610594597
phasenet_big,easy,57,31.979919329394697,0.89031583070755,0.15301808714866638,1.3249337716458218
phasenet_big,easy,58,25.120668408482683,0.6863903999328613,0.263433039188385,1.804287870896887
phasenet_big,easy,59,25.29314464356012,0.6793724298477173,0.2584407925605774,1.7401617637230808
phasenet_big,easy,60,34.80162780528459,0.9610292911529541,0.06736423075199127,0.988648582339816
phasenet_big,easy,61,35.047872910411215,0.9635403156280518,0.07223460078239441,0.9830324836341242
phasenet_big,easy,62,24.322071724735068,0.6615028381347656,0.3165905475616455,1.783822209447121
phasenet_big,easy,63,32.37360394177947,0.9012248516082764,0.17841854691505432,1.2513148310500488
phasenet_big,easy,64,33.7365814843171,0.9394338726997375,0.1205001249909401,1.0524697694482021
phasenet_big,easy,65,20.935426363935413,0.49592456221580505,0.3880935311317444,1.9080891588440685
phasenet_big,easy,66,27.5592660753666,0.8026539087295532,0.21145382523536682,1.548862234581279
phasenet_big,easy,67,28.69896266294751,0.8288653492927551,0.1950598508119583,1.4412797735946836
phasenet_big,easy,68,25.35501628354268,0.724788248538971,0.30008891224861145,1.5475833498479847
phasenet_big,easy,69,34.72507687761403,0.9566508531570435,0.07365760207176208,0.8750008784375798
phasenet_big,easy,70,33.8360616431902,0.9621286988258362,0.052846163511276245,1.0936260687093062
phasenet_big,easy,71,21.92361568266473,0.5615883469581604,0.34001046419143677,1.8027664838558188
phasenet_big,easy,72,25.978498173964788,0.7758328914642334,0.24240335822105408,1.6541636184348165
phasenet_big,easy,73,23.05160520167041,0.6703491806983948,0.24793364107608795,1.835107514783255
phasenet_big,easy,74,23.965296247174905,0.5871555209159851,0.2378101646900177,1.7755450145370288
phasenet_big,easy,75,36.27720372167381,0.9745854139328003,0.039315734058618546,0.9072656117282978
phasenet_big,easy,76,21.822601521351316,0.48570603132247925,0.35573551058769226,1.8317591068582328
phasenet_big,easy,77,29.67307588000559,0.8603522777557373,0.1760309636592865,1.5812454233244555
phasenet_big,easy,78,35.28356296441742,0.9666270613670349,0.04990328475832939,0.9623531605548334
phasenet_big,easy,79,36.14414060740268,0.9706125259399414,0.05106111988425255,0.6890479951426972
phasenet_big,easy,80,37.974418530642254,0.9679787158966064,0.046313270926475525,1.0974370456633116
phasenet_big,easy,81,36.59288642198734,0.9636253118515015,0.04691053926944733,0.9590991958458808
phasenet_big,easy,82,21.526535021409895,0.41805189847946167,0.3529338240623474,1.8771072787096321
phasenet_big,easy,83,22.275014153017505,0.4777056574821472,0.34162330627441406,1.866116827719185
phasenet_big,easy,84,21.187779731370835,0.40468618273735046,0.35351884365081787,1.8581092359611189
phasenet_big,easy,85,26.746828791259073,0.7108937501907349,0.2650754749774933,1.753302259856869
phasenet_big,easy,86,32.402089322303084,0.8805199265480042,0.18830907344818115,1.3425362775722567
phasenet_big,easy,87,35.16438827097083,0.9361011385917664,0.1005830466747284,1.3012382837222394
phasenet_big,easy,88,29.3680681711592,0.7888656258583069,0.2591542601585388,1.6633706092984655
phasenet_big,easy,89,27.063329522956224,0.7506794333457947,0.2511116564273834,1.656871834822144
phasenet_big,easy,90,34.80892887600941,0.9624788165092468,0.057366613298654556,1.0908924366542652
phasenet_big,easy,91,22.080437436563926,0.5746666789054871,0.3144071102142334,1.8575126585878912
phasenet_big,easy,92,22.085853716601168,0.5721623301506042,0.31216365098953247,1.8355467876060674
phasenet_big,easy,93,22.67655629278247,0.5709304213523865,0.3239959478378296,1.8608801654620708
phasenet_big,easy,94,33.7510169715796,0.9209781885147095,0.1466544270515442,1.1802391650063282
phasenet_big,easy,95,29.23222098217469,0.8078992962837219,0.20142370462417603,1.5984770234933827
phasenet_big,easy,96,36.01395886817532,0.9558682441711426,0.06983055174350739,1.0256284003174327
phasenet_big,easy,97,27.44732305444057,0.761457085609436,0.2820136547088623,1.736827632130403
phasenet_big,easy,98,26.38812851574208,0.6962996125221252,0.3084748685359955,1.746742772312933
phasenet_big,easy,99,32.87163463011777,0.9294484853744507,0.09892956912517548,1.1291285218080411
phasenet_big,easy,100,33.65715335931712,0.9200245141983032,0.18927156925201416,1.1546075916893193
phasenet_big,easy,101,21.657092227778712,0.5990856289863586,0.45235389471054077,1.8216563773626038
phasenet_big,easy,102,38.270719466965836,0.9760318994522095,0.04556457698345184,0.9041824070334716
phasenet_big,easy,103,27.182509082551796,0.7485905289649963,0.4856923222541809,1.7903056659351653
phasenet_big,easy,104,39.45354492774159,0.980571448802948,0.03681185469031334,0.7875912728665582
phasenet_big,easy,105,37.33007729836438,0.9579298496246338,0.12036727368831635,1.0427039852392301
phasenet_big,easy,106,38.13296264451438,0.9705361127853394,0.08506102859973907,1.0743405137642283
phasenet_big,easy,107,31.375889292272916,0.8579952716827393,0.28971073031425476,1.5495314979295736
phasenet_big,easy,108,25.025790949815175,0.6902481913566589,0.4613717198371887,1.8261416361540976
phasenet_big,easy,109,34.760815930985494,0.9281294941902161,0.2002457231283188,1.3631959555410629
phasenet_big,easy,110,24.249248515627343,0.6767915487289429,0.45251554250717163,1.7940891587005774
phasenet_big,easy,111,23.91597297481311,0.6206732988357544,0.4314870834350586,1.8628976016528704
phasenet_big,easy,112,25.76607105158839,0.7449263334274292,0.409576416015625,1.527914454548903
phasenet_big,easy,113,26.992995480995646,0.760970413684845,0.38010358810424805,1.6325749258375986
phasenet_big,easy,114,27.545787459414257,0.8320726752281189,0.27778181433677673,1.5122291346996406
phasenet_big,easy,115,31.44710541102728,0.9047462344169617,0.1626116931438446,1.2412252271517101
phasenet_big,easy,116,32.94613548979913,0.9235949516296387,0.12930826842784882,1.2325458597851098
phasenet_big,easy,117,34.118318238495846,0.9421854615211487,0.09006277471780777,1.0678417337152493
phasenet_big,easy,118,29.569489502760177,0.8430256843566895,0.22733458876609802,1.4545053232213785
phasenet_big,easy,119,26.738043742326788,0.743002712726593,0.30809205770492554,1.6781031205338524
phasenet_big,easy,120,29.142332777036557,0.903911292552948,0.1625140905380249,0.3027494922261441
phasenet_big,easy,121,27.928895410753938,0.906194806098938,0.14669808745384216,0.41785476673059224
phasenet_big,easy,122,29.422423648686525,0.9131661653518677,0.14732222259044647,0.3803977300332114
phasenet_big,easy,123,27.619694108485216,0.8914687037467957,0.1816451996564865,0.34384087508290534
phasenet_big,easy,124,30.11064809421317,0.9158443212509155,0.15239804983139038,0.30012043847913566
phasenet_big,easy,125,28.527786565728857,0.8958687782287598,0.1805455982685089,0.3935363743096464
phasenet_big,easy,126,28.161651388263586,0.8979354500770569,0.1504792422056198,0.4360433703394797
phasenet_big,easy,127,28.71458449314524,0.8987708687782288,0.15060551464557648,0.5515910329147314
phasenet_big,easy,128,28.20192686000548,0.8942016363143921,0.16809529066085815,0.4890661273370559
phasenet_big,easy,129,28.678436137881825,0.9187389016151428,0.1310112029314041,0.5772415090182276
phasenet_big,easy,130,40.729002730504995,0.9907829165458679,0.013294447213411331,0.3675553339763574
phasenet_big,easy,131,41.15164911653955,0.9928019642829895,0.011549638584256172,0.21294277806653275
phasenet_big,easy,132,40.561125849367706,0.9910156726837158,0.01398947462439537,0.3307340581035141
phasenet_big,easy,133,35.59115592919751,0.9684372544288635,0.047953445464372635,0.6447584476883665
phasenet_big,easy,134,35.27693375527781,0.9681156277656555,0.0624278262257576,0.5856918611857531
phasenet_big,easy,135,36.75000660556605,0.9722288846969604,0.037949785590171814,0.9346963583288364
phasenet_big,easy,136,37.745442621012614,0.9828011989593506,0.015782352536916733,0.729433583826764
phasenet_big,easy,137,40.28499033913484,0.9882516264915466,0.015946732833981514,0.4632887482861505
phasenet_big,easy,138,39.169516109478536,0.9799083471298218,0.03484665974974632,0.5377722911391436
phasenet_big,easy,139,41.15500199612454,0.992104709148407,0.009552644565701485,0.26632475781372944
phasenet_big,easy,140,29.48410216616573,0.7854756116867065,0.23463048040866852,1.8351721969030326
phasenet_big,easy,141,25.623422751879673,0.631152331829071,0.32222092151641846,1.8880771410023334
phasenet_big,easy,142,25.666268157509336,0.6206066608428955,0.3038170337677002,1.8581857458343531
phasenet_big,easy,143,27.868491114063954,0.7383448481559753,0.27653634548187256,1.7626545735308388
phasenet_big,easy,144,29.267893872416273,0.8070111274719238,0.2333381026983261,1.6459025235482931
phasenet_big,easy,145,28.585008539774456,0.7278726100921631,0.2634873688220978,1.7250525841982935
phasenet_big,easy,146,29.51985797142386,0.8252258896827698,0.18332892656326294,1.5859633272453206
phasenet_big,easy,147,28.302159904526146,0.7168599367141724,0.26557010412216187,1.7052411040846196
phasenet_big,easy,148,30.31947810072711,0.7934554219245911,0.20552316308021545,1.5068697543682246
phasenet_big,easy,149,28.83082963663705,0.7409434914588928,0.2465893030166626,1.6358688699572
phasenet_big,easy,150,32.0213439273492,0.9484567046165466,0.12253737449645996,0.6407232675675706
phasenet_big,easy,151,32.447956702213894,0.9509899020195007,0.11875323206186295,0.6175308675265649
phasenet_big,easy,152,32.174437756495806,0.9511857032775879,0.11193090677261353,0.6167700368135075
phasenet_big,easy,153,32.73408707268457,0.952498197555542,0.11617165803909302,0.6199133165360642
phasenet_big,easy,154,32.729860525438916,0.9539161324501038,0.11870655417442322,0.597319055519883
phasenet_big,easy,155,32.089850256742714,0.9493884444236755,0.12226694822311401,0.6065732962863322
phasenet_big,easy,156,31.35436438029,0.9443204998970032,0.12799037992954254,0.6228151054201141
phasenet_big,easy,157,31.823575318249354,0.9480082988739014,0.12161897867918015,0.6301188958299303
phasenet_big,easy,158,31.394372982633143,0.9481623768806458,0.1261427402496338,0.6361182651245365
phasenet_big,easy,159,31.53982062850509,0.9431295394897461,0.12474021315574646,0.6771893185919265
phasenet_big,easy,160,32.84192175973094,0.9469790458679199,0.16106100380420685,0.6817211087138471
phasenet_big,easy,161,32.719839107585514,0.947302520275116,0.1540006548166275,0.6765160429666952
phasenet_big,easy,162,32.47440723369238,0.9457695484161377,0.15923883020877838,0.6975239990988651
phasenet_big,easy,163,32.39187427791285,0.9452915191650391,0.15900656580924988,0.6886961769872756
phasenet_big,easy,164,32.243431901441106,0.9447695016860962,0.15737947821617126,0.7186891634267281
phasenet_big,easy,165,32.340435276611714,0.9452162384986877,0.154812753200531,0.694741798241491
phasenet_big,easy,166,32.099548007021745,0.9430660009384155,0.1593989133834839,0.7229349761998987
phasenet_big,easy,167,32.08723860171124,0.9421348571777344,0.161002978682518,0.7059322111264621
phasenet_big,easy,168,31.962280729228215,0.941396951675415,0.16316020488739014,0.7300175620508809
phasenet_big,easy,169,31.88958653185818,0.9393061995506287,0.1721315085887909,0.7116736336254365
phasenet_big,easy,170,36.64987362639725,0.9750192761421204,0.037658095359802246,0.28630180462509214
phasenet_big,easy,171,34.52577794929688,0.9524554014205933,0.05628189817070961,0.35202130458411185
phasenet_big,easy,172,36.77895142562312,0.9746592044830322,0.04024983569979668,0.26429935557438133
phasenet_big,easy,173,36.43684981344885,0.9661577343940735,0.05110388994216919,0.3391049193415221
phasenet_big,easy,174,32.05449449543607,0.9051323533058167,0.090135857462883,0.6019542380361719
phasenet_big,easy,175,33.6591961485881,0.9287391901016235,0.07281984388828278,0.5776751881309087
phasenet_big,easy,176,35.33501645872853,0.9506797194480896,0.065181203186512,0.4537199212974594
phasenet_big,easy,177,34.74238771902246,0.9407620429992676,0.06585992127656937,0.5801044417439355
phasenet_big,easy,178,31.89141957532849,0.916239857673645,0.0875345841050148,0.6978645679701965
phasenet_big,easy,179,35.17178951541028,0.9536306858062744,0.06101827695965767,0.5153615406415126
phasenet_big,easy,180,44.24074963579346,0.9877321720123291,0.03156670928001404,1.0413298030014364
phasenet_big,easy,181,45.519995925254015,0.9914090633392334,0.02286452054977417,0.89323071751723
phasenet_big,easy,182,43.40038593722664,0.9842807054519653,0.04298979043960571,1.0739219388411148
phasenet_big,easy,183,44.84334748167619,0.9906513690948486,0.023591551929712296,0.7828901642393673
phasenet_big,easy,184,41.47617765363293,0.987967848777771,0.023503029718995094,0.8714486970049529
phasenet_big,easy,185,36.852146533767964,0.9838390350341797,0.03447350487112999,0.8578690108964349
phasenet_big,easy,186,36.94898876660839,0.982721745967865,0.0431489571928978,0.867356185205806
phasenet_big,easy,187,42.61958678692579,0.9906395673751831,0.023082444444298744,0.7902969020490938
phasenet_big,easy,188,43.39723268819575,0.9904834032058716,0.022140078246593475,0.8661146096147332
phasenet_big,easy,189,44.896754681223996,0.9902551770210266,0.022534659132361412,0.9859725945206688
phasenet_big,easy,190,25.07430809517162,0.6277341246604919,0.28924399614334106,1.7785192974337267
phasenet_big,easy,191,24.61399875177351,0.6064943671226501,0.322254478931427,1.7881764455277875
phasenet_big,easy,192,25.012237223382833,0.6237884163856506,0.29673171043395996,1.7762642634076657
phasenet_big,easy,193,25.38194923308955,0.6376720666885376,0.2761881947517395,1.768626094814994
phasenet_big,easy,194,24.288986208926886,0.5904289484024048,0.2959778606891632,1.8008696935836561
phasenet_big,easy,195,24.344997632631763,0.5916534066200256,0.30088159441947937,1.796512746622292
phasenet_big,easy,196,24.98267741013894,0.6181552410125732,0.26677924394607544,1.769785576261846
phasenet_big,easy,197,24.738337429238154,0.6090548634529114,0.27844029664993286,1.7671804314633612
phasenet_big,easy,198,27.997819161586705,0.7592803835868835,0.2220613658428192,1.7170218591300617
phasenet_big,easy,199,31.314878729448637,0.8701047897338867,0.19458501040935516,1.473599087353191
phasenet_big,easy,200,25.12877289673768,0.6122283339500427,0.2600761353969574,1.6433078019739487
phasenet_big,easy,201,24.639782060665745,0.5831616520881653,0.29870688915252686,1.7083641996835341
phasenet_big,easy,202,25.056118288690087,0.6385045647621155,0.27856266498565674,1.5859232857436614
phasenet_big,easy,203,25.759160579078518,0.6591788530349731,0.24666090309619904,1.558029568027868
phasenet_big,easy,204,25.39453917120389,0.6398918032646179,0.27610868215560913,1.5912668957945715
phasenet_big,easy,205,24.538576481299028,0.5865929126739502,0.3025703430175781,1.7308235447451885
phasenet_big,easy,206,24.424329985706045,0.5996600389480591,0.3235320448875427,1.82838416713241
phasenet_big,easy,207,26.003724045686873,0.6814525127410889,0.22133123874664307,1.5772010078980174
phasenet_big,easy,208,25.61762480702766,0.6325981616973877,0.26491934061050415,1.7725641959599114
phasenet_big,easy,209,25.31966722368175,0.632739245891571,0.28426918387413025,1.7819993363831181
phasenet_big,easy,210,41.75455677404514,0.9832640886306763,0.034142788499593735,0.9050021204362877
phasenet_big,easy,211,41.032610835000156,0.9812048077583313,0.03483927249908447,0.8961682823353222
phasenet_big,easy,212,41.09805223046897,0.9815371632575989,0.03675633668899536,0.9647166586911857
phasenet_big,easy,213,41.00741716321764,0.9816834330558777,0.03325759246945381,0.8852241781999854
phasenet_big,easy,214,42.35273554641008,0.9846224188804626,0.02739604376256466,0.9184630982298676
phasenet_big,easy,215,41.880635684041756,0.9836441278457642,0.033122505992650986,0.8215697353210321
phasenet_big,easy,216,42.649548768092174,0.9854297637939453,0.025893036276102066,0.8996692857468224
phasenet_big,easy,217,43.11800224825761,0.9871135950088501,0.02355271205306053,0.8519378965191337
phasenet_big,easy,218,43.80383128823503,0.9878231883049011,0.022711575031280518,0.8314388024061852
phasenet_big,easy,219,42.91996551933569,0.9865762591362,0.02985338680446148,0.7602018452220558
phasenet_big,easy,220,28.62313967560935,0.9496156573295593,0.04206017777323723,0.738806519677337
phasenet_big,easy,221,27.17996069664475,0.9381234645843506,0.06426041573286057,0.5512192431040361
phasenet_big,easy,222,25.94669021728908,0.8763018846511841,0.09631944447755814,1.0863555932682087
phasenet_big,easy,223,30.355554264014764,0.9443761110305786,0.05825883895158768,0.5468764381236708
phasenet_big,easy,224,27.661481107214,0.8903430700302124,0.09742627292871475,0.994389695864106
phasenet_big,easy,225,27.28903234134568,0.8831298351287842,0.10455236583948135,1.0376413079062847
phasenet_big,easy,226,28.66168175677418,0.9200238585472107,0.09429419040679932,0.6222580136094997
phasenet_big,easy,227,25.75950829827817,0.8583370447158813,0.15114381909370422,1.2245156080342952
phasenet_big,easy,228,31.205056781022247,0.9594205021858215,0.03685569390654564,0.6880610447104105
phasenet_big,easy,229,33.05876817016325,0.9551010131835938,0.05785616487264633,1.0027399428584183
phasenet_big,easy,230,31.570097392063865,0.8858168721199036,0.2763609290122986,1.302314715441528
phasenet_big,easy,231,30.443936625203044,0.861853301525116,0.3054177165031433,1.3467719425295384
phasenet_big,easy,232,33.36011183490272,0.9479114413261414,0.11987479031085968,0.9653080122367117
phasenet_big,easy,233,36.261491142472885,0.9687952995300293,0.06093723326921463,0.8593582691395554
phasenet_big,easy,234,36.43238749904325,0.9758521318435669,0.05289343744516373,0.7376881950711606
phasenet_big,easy,235,39.516701642876384,0.9875941276550293,0.025573991239070892,0.4949280469532972
phasenet_big,easy,236,38.1756152887261,0.9853548407554626,0.0285993292927742,0.5753984070169744
phasenet_big,easy,237,36.96133579440182,0.9752117395401001,0.04374018684029579,0.7570810526313164
phasenet_big,easy,238,34.07961321084926,0.9644445180892944,0.06725657731294632,0.7172214259738123
phasenet_big,easy,239,32.045425436206344,0.9560117125511169,0.08314234763383865,0.8328540492466585
phasenet_big,easy,240,28.42691203533668,0.8825130462646484,0.32674142718315125,1.8745894381331754
phasenet_big,easy,241,29.020783469079888,0.9157798290252686,0.29995396733283997,1.8083038848615016
phasenet_big,easy,242,31.88400426780821,0.9151588082313538,0.17921443283557892,1.7969606944275378
phasenet_big,easy,243,29.75636291935563,0.8981021046638489,0.31249314546585083,1.8404753416224053
phasenet_big,easy,244,28.146736458112507,0.9137987494468689,0.26821741461753845,1.8515896250144679
phasenet_big,easy,245,29.510458530756786,0.8994258046150208,0.3284294307231903,1.8740769570365678
phasenet_big,easy,246,31.389768613638257,0.9036253690719604,0.32197731733322144,1.790149446790679
phasenet_big,easy,247,28.79648417068003,0.9354003667831421,0.19739386439323425,1.5326037052690382
phasenet_big,easy,248,39.23562604695933,0.9699180722236633,0.1034788191318512,1.411298684294069
phasenet_big,easy,249,30.91598130996031,0.9256532788276672,0.22361993789672852,1.6264362223282145
phasenet_big,easy,250,37.27126858380389,0.9747391939163208,0.04215005785226822,0.6157233359441057
phasenet_big,easy,251,33.45862247663976,0.9699506163597107,0.03421689197421074,0.6851988885544574
phasenet_big,easy,252,32.532773781487556,0.9536863565444946,0.06760410964488983,0.855503406812534
phasenet_big,easy,253,34.67323422266139,0.9750685095787048,0.035782426595687866,0.6134626387122544
phasenet_big,easy,254,33.79173827093351,0.9589425325393677,0.045378826558589935,0.8856137391940909
phasenet_big,easy,255,38.33962100215647,0.9869271516799927,0.01759788580238819,0.5670279110443405
phasenet_big,easy,256,37.79235723351131,0.9826230406761169,0.025704549625515938,0.5472840810827302
phasenet_big,easy,257,35.72580399892018,0.9651171565055847,0.05255937576293945,0.8124677594011753
phasenet_big,easy,258,24.809323247702004,0.7481715679168701,0.23679280281066895,1.2494664607456984
phasenet_big,easy,259,21.769870881775045,0.5562350153923035,0.37320375442504883,1.6066780868675958
phasenet_big,easy,260,34.24972924193583,0.9619845747947693,0.0681871846318245,0.8318074636259067
phasenet_big,easy,261,31.506452556334317,0.9375656247138977,0.09378856420516968,0.9574694531436811
phasenet_big,easy,262,31.842304748903235,0.9427936673164368,0.08948291093111038,0.9718797782627686
phasenet_big,easy,263,28.707812113068787,0.9152041673660278,0.11016091704368591,0.9969169018028573
phasenet_big,easy,264,27.36345140474567,0.9273850917816162,0.1070803850889206,0.9517500058748953
phasenet_big,easy,265,29.074657849838115,0.9141560196876526,0.11561731994152069,1.0224739745101155
phasenet_big,easy,266,32.26183395233258,0.9382432699203491,0.0904870331287384,0.9249353597847849
phasenet_big,easy,267,29.482175221654888,0.9124164581298828,0.11572441458702087,0.9984154000720269
phasenet_big,easy,268,31.75964670954344,0.9460846781730652,0.09225794672966003,0.905230195009569
phasenet_big,easy,269,32.78709482886473,0.9543012976646423,0.07865554094314575,0.8394666844977643
phasenet_big,easy,270,32.848900774457725,0.9644896388053894,0.053010791540145874,0.6513636961276643
phasenet_big,easy,271,34.606342899285195,0.9640463590621948,0.054707348346710205,0.640580962481684
phasenet_big,easy,272,34.78305106879433,0.970725953578949,0.04470042139291763,0.5236571188399719
phasenet_big,easy,273,31.47151087911727,0.9477000832557678,0.06018288433551788,0.49336776877218025
phasenet_big,easy,274,34.658684848750234,0.9692012667655945,0.05013599246740341,0.5562690823998301
phasenet_big,easy,275,33.73927936555415,0.9610873460769653,0.055360469967126846,0.5030057709124821
phasenet_big,easy,276,32.6088076284024,0.9585748910903931,0.058268219232559204,0.4963823216337792
phasenet_big,easy,277,32.590881349488974,0.9491285681724548,0.0658905953168869,0.5476813866399932
phasenet_big,easy,278,32.34213725477533,0.9446235299110413,0.0700036957859993,0.5723346320850119
phasenet_big,easy,279,34.583512055796376,0.957548975944519,0.06852392852306366,0.5690920127320537
phasenet_big,easy,280,22.037463435755036,0.5368355512619019,0.3653707504272461,1.8742690524539358
phasenet_big,easy,281,21.57720422212457,0.5293194055557251,0.3750881850719452,1.8891403086644245
phasenet_big,easy,282,21.184718514294467,0.5019225478172302,0.3819807767868042,1.8912298970266477
phasenet_big,easy,283,20.892760023653622,0.49755245447158813,0.39396151900291443,1.883609714300276
phasenet_big,easy,284,21.947716740724246,0.5367239713668823,0.3457217812538147,1.829065708344003
phasenet_big,easy,285,21.511852605425293,0.5233941674232483,0.3440099358558655,1.8710470364299607
phasenet_big,easy,286,21.452772188464806,0.5026875734329224,0.3538901209831238,1.8973329129454783
phasenet_big,easy,287,22.77847901693862,0.5554718971252441,0.3078542947769165,1.8575472607102128
phasenet_big,easy,288,23.19187816611778,0.5725480318069458,0.30919182300567627,1.8468832655656107
phasenet_big,easy,289,23.345717505699103,0.5643730759620667,0.310430109500885,1.785589473095066
phasenet_big,easy,290,21.924642165514268,0.5858320593833923,0.4868330657482147,1.8385864990392935
phasenet_big,easy,291,21.70910247316861,0.6013915538787842,0.4782000780105591,1.8598522194362275
phasenet_big,easy,292,19.884222521093093,0.5110790133476257,0.5215616226196289,1.884419718991086
phasenet_big,easy,293,20.313449457417654,0.5360166430473328,0.5190882682800293,1.858173888769787
phasenet_big,easy,294,21.299889300117023,0.6054100394248962,0.5117685794830322,1.7981179016909863
phasenet_big,easy,295,21.648579913427376,0.6465625166893005,0.5058729648590088,1.8338011728421004
phasenet_big,easy,296,22.285895822610794,0.6818656921386719,0.4405941963195801,1.8479901052960708
phasenet_big,easy,297,21.91712224422197,0.649776041507721,0.49358946084976196,1.8774312337791983
phasenet_big,easy,298,19.740965563109075,0.524463951587677,0.5704216361045837,1.872824072814396
phasenet_big,easy,299,21.072829742141973,0.5437272787094116,0.5356249809265137,1.8406978300426458
phasenet_big,easy,300,40.71347639497459,0.9910715818405151,0.024166908115148544,0.7296554897813657
phasenet_big,easy,301,33.63397507168379,0.958985447883606,0.089065320789814,1.2024062704156044
phasenet_big,easy,302,33.138656228236016,0.9525094032287598,0.1229652464389801,1.1173070669178078
phasenet_big,easy,303,32.8685980980812,0.9549010992050171,0.10238829255104065,1.180201766618486
phasenet_big,easy,304,32.82237431827262,0.9569789171218872,0.10762051492929459,1.0336247919168626
phasenet_big,easy,305,33.026844652042385,0.955041766166687,0.1115131825208664,1.1599404500344965
phasenet_big,easy,306,33.31082759442968,0.9574115872383118,0.1115727573633194,1.061453010644668
phasenet_big,easy,307,33.27459040667818,0.9586309194564819,0.10274304449558258,1.1632357022978042
phasenet_big,easy,308,34.17503170354297,0.9647895693778992,0.08526888489723206,1.122409278968141
phasenet_big,easy,309,37.37267001306578,0.9766327738761902,0.05623256415128708,1.025031692131301
phasenet_big,extreme,0,17.468511673479224,0.39179787039756775,0.6288185715675354,1.9466424088835739
phasenet_big,extreme,1,18.34329349857215,0.4055597186088562,0.5546053051948547,1.9293286559984815
phasenet_big,extreme,2,21.75853213440215,0.5053292512893677,0.4895026385784149,1.8573956753476764
phasenet_big,extreme,3,21.347434285809875,0.4372040927410126,0.5103394389152527,1.8876050698957316
phasenet_big,extreme,4,20.497035328996542,0.4588482081890106,0.4823184013366699,1.9103619573135875
phasenet_big,extreme,5,21.384144110929356,0.4849427044391632,0.5308024883270264,1.8719268517204095
phasenet_big,extreme,6,18.45761487779209,0.4009224772453308,0.5950334668159485,1.9183872101001134
phasenet_big,extreme,7,20.80535161606504,0.47287091612815857,0.4810531437397003,1.8675611124260358
phasenet_big,extreme,8,20.53453158469862,0.48588433861732483,0.444452166557312,1.8614778599102593
phasenet_big,extreme,9,23.16016569942283,0.639510452747345,0.3700679540634155,1.6128411017505275
phasenet_big,extreme,10,17.055318425129432,0.4319830536842346,0.5505622625350952,1.8630744089317655
phasenet_big,extreme,11,22.19549240461989,0.5978130102157593,0.4405941963195801,1.7785972121944287
phasenet_big,extreme,12,18.995393250308194,0.45584797859191895,0.5089081525802612,1.8930624760419714
phasenet_big,extreme,13,20.411738113618032,0.5411388874053955,0.47184187173843384,1.8364726725957943
phasenet_big,extreme,14,19.101452505799838,0.47631993889808655,0.4798640012741089,1.856264606121973
phasenet_big,extreme,15,22.152492140544943,0.5763336420059204,0.45387589931488037,1.7991329494720913
phasenet_big,extreme,16,21.45911975571602,0.5846359729766846,0.3979211449623108,1.7638855539026945
phasenet_big,extreme,17,20.373588482092213,0.5161952972412109,0.45797789096832275,1.7932847188888408
phasenet_big,extreme,18,15.622040620144752,0.2976555824279785,0.6089097261428833,1.9140507617433347
phasenet_big,extreme,19,17.678142721684353,0.3825138807296753,0.5474057197570801,1.8851161741513098
phasenet_big,extreme,20,16.88705135066244,0.41751012206077576,0.5663264989852905,1.926602111962836
phasenet_big,extreme,21,16.832305933306717,0.47207921743392944,0.5707735419273376,1.9214022830764441
phasenet_big,extreme,22,18.76218531100396,0.5521969795227051,0.5388641357421875,1.9010547440157153
phasenet_big,extreme,23,19.98125830224041,0.5711318850517273,0.5534171462059021,1.9188169237599597
phasenet_big,extreme,24,19.982780472631244,0.5710335373878479,0.5373107194900513,1.9391374328464597
phasenet_big,extreme,25,21.128844032545402,0.619953989982605,0.5607671737670898,1.9304977624324084
phasenet_big,extreme,26,18.729249172320877,0.5300284624099731,0.6090047359466553,1.938470597685122
phasenet_big,extreme,27,18.39617603536028,0.5535061359405518,0.6046661138534546,1.9108193191152285
phasenet_big,extreme,28,17.782884612171436,0.5264405012130737,0.5981484651565552,1.9145852138893744
phasenet_big,extreme,29,17.343350615382978,0.5172548890113831,0.5858628153800964,1.908023442769621
phasenet_big,extreme,30,17.383804655166628,0.32170557975769043,0.4416789412498474,1.8467299044089833
phasenet_big,extreme,31,18.308625751570176,0.37475529313087463,0.39414170384407043,1.8015258426103247
phasenet_big,extreme,32,19.20209913131363,0.40452492237091064,0.38573911786079407,1.8171544433179054
phasenet_big,extreme,33,21.29036269021194,0.577778160572052,0.2881852388381958,1.6255850625978425
phasenet_big,extreme,34,21.36759554792526,0.5454578995704651,0.3035004138946533,1.705710499482193
phasenet_big,extreme,35,21.002680964948578,0.5432931780815125,0.27342891693115234,1.6891908078257472
phasenet_big,extreme,36,25.621622192234845,0.7648651599884033,0.2110036164522171,1.3950084372866087
phasenet_big,extreme,37,20.795303388734435,0.5269471406936646,0.3057762682437897,1.6406768226664346
phasenet_big,extreme,38,21.498501370805293,0.6108303666114807,0.2285792976617813,1.6521928909965515
phasenet_big,extreme,39,25.144070682237608,0.7288797497749329,0.24359451234340668,1.52342446964353
phasenet_big,extreme,40,21.9470299074454,0.5036331415176392,0.458697110414505,1.8378109471747417
phasenet_big,extreme,41,21.04154498535606,0.45356184244155884,0.5515519380569458,1.9067552456757675
phasenet_big,extreme,42,20.200198137145627,0.42902180552482605,0.5414112210273743,1.9129816320724857
phasenet_big,extreme,43,22.71154840965368,0.5363979935646057,0.4840436577796936,1.840237542211402
phasenet_big,extreme,44,21.181830952419638,0.48292046785354614,0.46297818422317505,1.8976871746320705
phasenet_big,extreme,45,20.43334728741979,0.4633791744709015,0.4928123950958252,1.8889668329032547
phasenet_big,extreme,46,18.504272426541878,0.47017741203308105,0.5818637013435364,1.8803220257092987
phasenet_big,extreme,47,18.48290057100217,0.5042427778244019,0.5370118021965027,1.8670313066787836
phasenet_big,extreme,48,18.8311750422206,0.3967081308364868,0.5604237914085388,1.9118571322733557
phasenet_big,extreme,49,17.595862403702466,0.3620551526546478,0.6017763018608093,1.882171500703135
phasenet_big,extreme,50,17.236248863826155,0.33245232701301575,0.5947124361991882,1.8976442908191093
phasenet_big,extreme,51,16.86673878349037,0.27246418595314026,0.5666514039039612,1.9299344130490272
phasenet_big,extreme,52,17.42319436635348,0.26081618666648865,0.5249049067497253,1.9229678663309397
phasenet_big,extreme,53,17.139700599718985,0.2691657841205597,0.5692464709281921,1.9369303544949483
phasenet_big,extreme,54,18.88908585258154,0.34001076221466064,0.5521079301834106,1.9003794987129843
phasenet_big,extreme,55,17.945773400213156,0.280821293592453,0.5557045340538025,1.9202923787236252
phasenet_big,extreme,56,20.099295518280286,0.4273030459880829,0.4677555561065674,1.896755154086475
phasenet_big,extreme,57,17.6541355933275,0.31262731552124023,0.5570734739303589,1.9302666347964559
phasenet_big,extreme,58,16.266928099609817,0.2616466283798218,0.5926510691642761,1.936871241256163
phasenet_big,extreme,59,16.26470406236115,0.2955786883831024,0.5808917284011841,1.9353982287712106
phasenet_big,extreme,60,18.45092856380036,0.3343590199947357,0.49092191457748413,1.9002843680077695
phasenet_big,extreme,61,18.484837051611326,0.3609175682067871,0.5199754238128662,1.8879752384678679
phasenet_big,extreme,62,14.385011570230585,0.22737222909927368,0.6274421215057373,1.9345510470564187
phasenet_big,extreme,63,17.07669392168047,0.2504102289676666,0.549231767654419,1.9102519413017625
phasenet_big,extreme,64,18.13386026217728,0.3136919438838959,0.527967095375061,1.9033728520034998
phasenet_big,extreme,65,14.866311038262065,0.2172238677740097,0.6040273308753967,1.917752159841613
phasenet_big,extreme,66,16.235142688031342,0.23810049891471863,0.5312255024909973,1.915511672335496
phasenet_big,extreme,67,16.205578573897107,0.21676775813102722,0.5486104488372803,1.9093021402603871
phasenet_big,extreme,68,13.547210259195126,0.19610358774662018,0.620617687702179,1.939432017946713
phasenet_big,extreme,69,16.848071197221394,0.24420253932476044,0.5101521015167236,1.9173678590593988
phasenet_big,extreme,70,15.924657522598114,0.235330268740654,0.4610249996185303,1.9227461703822288
phasenet_big,extreme,71,13.861526373023977,0.19149911403656006,0.6013792753219604,1.937475370773691
phasenet_big,extreme,72,14.0580952165894,0.21402493119239807,0.602482795715332,1.937270781504524
phasenet_big,extreme,73,14.791258822709574,0.2614525556564331,0.5931570529937744,1.9296421129912105
phasenet_big,extreme,74,15.913576913773174,0.2735699713230133,0.5465776920318604,1.924526243695843
phasenet_big,extreme,75,19.627638249786102,0.4464346468448639,0.46479594707489014,1.8326091230730688
phasenet_big,extreme,76,14.831730995083994,0.2666298747062683,0.6215132474899292,1.9175199444382254
phasenet_big,extreme,77,16.49944631767238,0.29337236285209656,0.5561947226524353,1.914258453019837
phasenet_big,extreme,78,17.16256588698045,0.3250928223133087,0.4766782820224762,1.9121810915356297
phasenet_big,extreme,79,19.327556796068063,0.42196357250213623,0.5159971117973328,1.7956811314988652
phasenet_big,extreme,80,20.6290224801033,0.3524503707885742,0.44762641191482544,1.9031621390605657
phasenet_big,extreme,81,21.509137965047685,0.5160484313964844,0.3479735851287842,1.827635358821128
phasenet_big,extreme,82,16.47643883580305,0.2806284427642822,0.6183192133903503,1.9377442442992345
phasenet_big,extreme,83,16.089034458702564,0.2736484110355377,0.6416534185409546,1.9348213007949235
phasenet_big,extreme,84,16.436070943219157,0.2825726866722107,0.6083646416664124,1.9336483101898962
phasenet_big,extreme,85,17.270179530075847,0.2838332951068878,0.5696430802345276,1.9311055733132874
phasenet_big,extreme,86,18.919125371162522,0.3387753963470459,0.5782471299171448,1.9311011657165649
phasenet_big,extreme,87,20.32195912550945,0.4713676869869232,0.5395373106002808,1.8574433761181237
phasenet_big,extreme,88,17.76158059002181,0.32088571786880493,0.6013177037239075,1.9327631769299627
phasenet_big,extreme,89,17.517814777046542,0.2897241413593292,0.5473008751869202,1.9183324538638309
phasenet_big,extreme,90,16.55571862083876,0.26835206151008606,0.4574345052242279,1.9132893388738992
phasenet_big,extreme,91,13.450955616011681,0.22845380008220673,0.6100136041641235,1.9298057078506783
phasenet_big,extreme,92,13.61788039627436,0.2464723438024521,0.6435117125511169,1.9154521371743949
phasenet_big,extreme,93,14.423920159233672,0.2520914077758789,0.627778172492981,1.93249255807785
phasenet_big,extreme,94,18.334798636132522,0.3663739264011383,0.5249171853065491,1.9132039048085572
phasenet_big,extreme,95,18.084460573077244,0.331251323223114,0.5326250195503235,1.9256775064285026
phasenet_big,extreme,96,19.22952531342712,0.3729078769683838,0.5409666895866394,1.916354128086903
phasenet_big,extreme,97,15.374320038404477,0.28664547204971313,0.6167871952056885,1.9344179196614433
phasenet_big,extreme,98,16.35713347437467,0.34502020478248596,0.6131062507629395,1.9123953073452427
phasenet_big,extreme,99,16.153049236752636,0.3288600742816925,0.5087980031967163,1.9258635092739218
phasenet_big,extreme,100,16.338689391715768,0.45064544677734375,0.7029705047607422,1.8803592607679636
phasenet_big,extreme,101,15.040125899309679,0.4129796326160431,0.7051735520362854,1.8646610192300845
phasenet_big,extreme,102,21.17012432040533,0.5457302331924438,0.5976423621177673,1.832832033747064
phasenet_big,extreme,103,17.91900320232798,0.4788443148136139,0.645403265953064,1.922087340343376
phasenet_big,extreme,104,25.37379014584677,0.7119638919830322,0.5067500472068787,1.7468414882847965
phasenet_big,extreme,105,21.018582289277074,0.5703984498977661,0.6207523941993713,1.8508768662605748
phasenet_big,extreme,106,20.183948177522332,0.5485828518867493,0.596977174282074,1.9208823104060806
phasenet_big,extreme,107,17.74077482641012,0.5017001032829285,0.6118492484092712,1.9264830916879783
phasenet_big,extreme,108,17.633920572363845,0.4998597502708435,0.6154558062553406,1.8923269064872914
phasenet_big,extreme,109,17.59799286021599,0.5259435772895813,0.6030294895172119,1.9297564663346118
phasenet_big,extreme,110,16.715364889207912,0.46366241574287415,0.6280317306518555,1.9073957593516306
phasenet_big,extreme,111,16.439309435550353,0.3748789131641388,0.6564483046531677,1.9256569431451513
phasenet_big,extreme,112,18.447790697445825,0.4584197402000427,0.6526641249656677,1.9073722849817583
phasenet_big,extreme,113,20.480864692479667,0.4757789969444275,0.5868774056434631,1.8919040883565852
phasenet_big,extreme,114,21.448618364866732,0.5451796054840088,0.5470083951950073,1.9008794810190643
phasenet_big,extreme,115,22.280547483800135,0.5506489872932434,0.5010011196136475,1.8796897509693842
phasenet_big,extreme,116,22.152349394206187,0.5353653430938721,0.4989880323410034,1.8657729328845307
phasenet_big,extreme,117,23.749254067311437,0.6202039122581482,0.4210053086280823,1.8057654322035348
phasenet_big,extreme,118,20.288572431195234,0.4851352274417877,0.5362911820411682,1.9060433903773415
phasenet_big,extreme,119,18.495024343513236,0.40255528688430786,0.5467379689216614,1.9109161101356533
phasenet_big,extreme,120,22.69025006634522,0.7861015200614929,0.25472918152809143,0.965639432694591
phasenet_big,extreme,121,23.376400826888393,0.7714331150054932,0.25369682908058167,1.3011679476652203
phasenet_big,extreme,122,23.831049556441542,0.8061764240264893,0.21969078481197357,1.1489568069584657
phasenet_big,extreme,123,22.61554784757926,0.7943518161773682,0.2607225477695465,0.8914925184603975
phasenet_big,extreme,124,25.96433643960298,0.8369196653366089,0.2061934918165207,0.9023143469132677
phasenet_big,extreme,125,23.114419597996452,0.7899861931800842,0.25753527879714966,0.8716496696714812
phasenet_big,extreme,126,21.75096305141509,0.78296959400177,0.2626248598098755,1.1056098379410666
phasenet_big,extreme,127,22.265431401798264,0.7401849627494812,0.30803707242012024,1.1865092568471676
phasenet_big,extreme,128,21.379448806887368,0.7121201157569885,0.320750892162323,1.3285075052828088
phasenet_big,extreme,129,25.174082578771596,0.8506011366844177,0.1685122698545456,1.0545207803165562
phasenet_big,extreme,130,33.81553265453154,0.9715412259101868,0.03659387677907944,0.6937346007634985
phasenet_big,extreme,131,36.649317006177114,0.9768864512443542,0.02555120550096035,0.6857015232474061
phasenet_big,extreme,132,34.00703951773363,0.9725523591041565,0.029617996886372566,0.6308449230423434
phasenet_big,extreme,133,25.507074926130905,0.9071901440620422,0.1271904557943344,0.9621571675596265
phasenet_big,extreme,134,26.241302127156985,0.9134702086448669,0.12603655457496643,0.7994313844232406
phasenet_big,extreme,135,26.67183747041785,0.9071250557899475,0.11353521794080734,1.2931525531742323
phasenet_big,extreme,136,30.67071299873669,0.9208530187606812,0.07616100460290909,1.3200664548313275
phasenet_big,extreme,137,29.726059286514833,0.9353450536727905,0.07925143837928772,0.9335328118580825
phasenet_big,extreme,138,28.513812912010664,0.9159526824951172,0.11609625816345215,0.9726793864387874
phasenet_big,extreme,139,35.069898420715276,0.9569909572601318,0.06780900806188583,0.7497893087749727
phasenet_big,extreme,140,20.082452543678833,0.5677788853645325,0.47892364859580994,1.919680608439816
phasenet_big,extreme,141,17.536091939102054,0.5120817422866821,0.5543822646141052,1.925900070074345
phasenet_big,extreme,142,16.370010404635725,0.4747050404548645,0.5667255520820618,1.927507321905356
phasenet_big,extreme,143,17.889833010481482,0.46438145637512207,0.515863299369812,1.923374053538546
phasenet_big,extreme,144,18.922276259749193,0.4670102894306183,0.4794357419013977,1.923245651722636
phasenet_big,extreme,145,18.80865757257587,0.4754692614078522,0.5080608129501343,1.931460713998477
phasenet_big,extreme,146,19.428938763311706,0.5172443985939026,0.4613747000694275,1.9196295787136854
phasenet_big,extreme,147,20.355181754762683,0.4975835084915161,0.46781185269355774,1.922516546669908
phasenet_big,extreme,148,21.498637872896403,0.5231826305389404,0.4311540722846985,1.9173888434640638
phasenet_big,extreme,149,20.933535942249225,0.4933491349220276,0.4649563133716583,1.8897108885558285
phasenet_big,extreme,150,21.830198279846176,0.8794613480567932,0.24613171815872192,0.8240979391772191
phasenet_big,extreme,151,22.23513183483035,0.8842135667800903,0.23363324999809265,0.8252643409583301
phasenet_big,extreme,152,22.047683209531215,0.8771980404853821,0.2566468119621277,0.8486811565620602
phasenet_big,extreme,153,22.266705881463444,0.878070056438446,0.2524120509624481,0.8060905444692208
phasenet_big,extreme,154,21.969412074911418,0.8801400065422058,0.2536355257034302,0.8025567488342402
phasenet_big,extreme,155,21.660198249911918,0.8868399262428284,0.24230390787124634,0.781271889820045
phasenet_big,extreme,156,21.50869942921978,0.8821997046470642,0.25360721349716187,0.780758538124552
phasenet_big,extreme,157,21.5961028135189,0.8838562965393066,0.24069714546203613,0.8121119748450404
phasenet_big,extreme,158,21.846668895906927,0.8846086263656616,0.23785053193569183,0.8100019745250633
phasenet_big,extreme,159,21.778133247103103,0.8753766417503357,0.25601691007614136,0.8307956516850188
phasenet_big,extreme,160,21.860623296003475,0.8744890689849854,0.2874709665775299,0.8144030579841812
phasenet_big,extreme,161,21.867790363567735,0.8729934096336365,0.28883498907089233,0.8203382998870559
phasenet_big,extreme,162,21.768070795754767,0.8713207244873047,0.2970295548439026,0.8438509271633309
phasenet_big,extreme,163,21.689879303709652,0.8693491816520691,0.30633676052093506,0.8154816319949806
phasenet_big,extreme,164,21.541555932051164,0.8670401573181152,0.30512723326683044,0.8525002436233866
phasenet_big,extreme,165,21.501908066127214,0.8665486574172974,0.30409568548202515,0.818012095690223
phasenet_big,extreme,166,21.322437861304433,0.8651224970817566,0.29906147718429565,0.8514005743151436
phasenet_big,extreme,167,21.27079877768282,0.8650295734405518,0.3044183850288391,0.8221005397776573
phasenet_big,extreme,168,21.184846564340187,0.8635287284851074,0.3103441596031189,0.8590787867370022
phasenet_big,extreme,169,21.161684546875282,0.8647951483726501,0.30594003200531006,0.8182957810215249
phasenet_big,extreme,170,30.283285477555403,0.8842980861663818,0.09378676861524582,0.8196048194671814
phasenet_big,extreme,171,30.44793602698256,0.8771265745162964,0.10027004778385162,0.6796630802993648
phasenet_big,extreme,172,31.410966018601844,0.8824625015258789,0.09423308074474335,0.7653198793814069
phasenet_big,extreme,173,29.192076442736404,0.8375739455223083,0.1180756613612175,0.7641854242020365
phasenet_big,extreme,174,25.251674116923546,0.7791785597801208,0.19972264766693115,0.9283569617442489
phasenet_big,extreme,175,25.820180516857366,0.7855778932571411,0.19249440729618073,0.8640155086213915
phasenet_big,extreme,176,28.264243524375527,0.8267345428466797,0.15086640417575836,0.8236708871880143
phasenet_big,extreme,177,26.591322487425767,0.7931987047195435,0.19098733365535736,1.0993386197523827
phasenet_big,extreme,178,23.291627760645564,0.7934805750846863,0.19962289929389954,1.0865723477998148
phasenet_big,extreme,179,26.695687920299672,0.8232904076576233,0.15268577635288239,0.9547666186242201
phasenet_big,extreme,180,32.00124284745685,0.912540078163147,0.21130383014678955,1.7548104807805909
phasenet_big,extreme,181,32.694057441390804,0.9231114387512207,0.18930386006832123,1.6478669397659829
phasenet_big,extreme,182,31.271489691511217,0.9233158230781555,0.16310441493988037,1.564748944431743
phasenet_big,extreme,183,33.65596879980562,0.9348574876785278,0.16917020082473755,1.489455704921689
phasenet_big,extreme,184,33.41618404850823,0.9254300594329834,0.17472612857818604,1.6483636779537534
phasenet_big,extreme,185,31.23941448878493,0.9175283312797546,0.18987251818180084,1.7380753604684236
phasenet_big,extreme,186,29.831975400216177,0.9351019263267517,0.16964423656463623,1.522034174894205
phasenet_big,extreme,187,30.219014581934065,0.9321577548980713,0.17533332109451294,1.5515159965058807
phasenet_big,extreme,188,28.979683605402855,0.9155073761940002,0.20669734477996826,1.6982315890268602
phasenet_big,extreme,189,30.280379552818136,0.8979191184043884,0.235700786113739,1.78006985227851
phasenet_big,extreme,190,18.328427434659638,0.4397840201854706,0.48375457525253296,1.9020136248719977
phasenet_big,extreme,191,17.947856721502035,0.4317152500152588,0.4946211874485016,1.9014787538091285
phasenet_big,extreme,192,18.126335058542487,0.43223387002944946,0.4962291717529297,1.900183651548244
phasenet_big,extreme,193,18.100429036631766,0.429695188999176,0.4875057339668274,1.8994956944477437
phasenet_big,extreme,194,17.662981621777778,0.41597333550453186,0.49628621339797974,1.9100666043576693
phasenet_big,extreme,195,17.712235354648556,0.4188345968723297,0.49262550473213196,1.9064687448864834
phasenet_big,extreme,196,17.668150177627755,0.4186854958534241,0.4781937599182129,1.9108109645315003
phasenet_big,extreme,197,18.01031912032674,0.41946473717689514,0.46977469325065613,1.909325861173051
phasenet_big,extreme,198,18.912996397288534,0.4327041208744049,0.4496731758117676,1.8973535030404223
phasenet_big,extreme,199,19.31446516119221,0.43834707140922546,0.42905548214912415,1.9101763322452323
phasenet_big,extreme,200,17.763862573905826,0.3524271249771118,0.5422475934028625,1.9203167905117837
phasenet_big,extreme,201,17.571681616607417,0.3467189371585846,0.5447374582290649,1.9259866517704705
phasenet_big,extreme,202,17.742010255416808,0.35334768891334534,0.5395606160163879,1.917232056107807
phasenet_big,extreme,203,18.18148235614831,0.36572250723838806,0.538820743560791,1.9265480704232356
phasenet_big,extreme,204,18.002303829632698,0.3604957163333893,0.533102810382843,1.9252413884934696
phasenet_big,extreme,205,17.832211894548962,0.36139705777168274,0.5652628540992737,1.931430627938373
phasenet_big,extreme,206,17.791569448138155,0.36156290769577026,0.5795820951461792,1.9349074272104159
phasenet_big,extreme,207,18.54069694226855,0.39585766196250916,0.5154702663421631,1.8928848526308784
phasenet_big,extreme,208,18.191629932585126,0.37219807505607605,0.5469445586204529,1.9299006728188965
phasenet_big,extreme,209,18.20772851150715,0.38342204689979553,0.5461301803588867,1.9337419665132387
phasenet_big,extreme,210,26.96866592638626,0.7419971227645874,0.34611088037490845,1.9055651944507386
phasenet_big,extreme,211,26.661150000897464,0.7403210401535034,0.34337425231933594,1.911608671504759
phasenet_big,extreme,212,26.274839830492745,0.7328684329986572,0.3402053713798523,1.882350391275125
phasenet_big,extreme,213,26.86882902319034,0.7495330572128296,0.33757901191711426,1.9171794634581212
phasenet_big,extreme,214,27.349407899819703,0.7422015070915222,0.3282790780067444,1.9045200033753305
phasenet_big,extreme,215,27.602085465324887,0.7398595809936523,0.32086455821990967,1.916101578253408
phasenet_big,extreme,216,26.88855980065245,0.7135990262031555,0.34716057777404785,1.8935027223926753
phasenet_big,extreme,217,27.800810732076428,0.7420991659164429,0.3145538568496704,1.9189821647595096
phasenet_big,extreme,218,27.82682841391869,0.7340626120567322,0.3040366470813751,1.9101238273775634
phasenet_big,extreme,219,27.66582216026943,0.7278338670730591,0.3073706328868866,1.8931844579143153
phasenet_big,extreme,220,21.485771009299754,0.757131814956665,0.2144765555858612,1.393376722767138
phasenet_big,extreme,221,18.377014199432377,0.5978968739509583,0.3661568760871887,1.6991931987605313
phasenet_big,extreme,222,17.195088068422887,0.49760884046554565,0.40050286054611206,1.7792632256830503
phasenet_big,extreme,223,18.70698270314165,0.5883515477180481,0.3313097059726715,1.5467350470980845
phasenet_big,extreme,224,17.842660486249272,0.4088861346244812,0.39474815130233765,1.8549649111392306
phasenet_big,extreme,225,17.732677022549236,0.37284523248672485,0.4230824410915375,1.8593069133341735
phasenet_big,extreme,226,16.87000534823258,0.3368169665336609,0.4650532007217407,1.8691609373724634
phasenet_big,extreme,227,17.32345446350533,0.35704532265663147,0.4503600001335144,1.8275744270172591
phasenet_big,extreme,228,17.24781079667867,0.31160837411880493,0.4257035255432129,1.8596970046374361
phasenet_big,extreme,229,17.579228263730155,0.3311978578567505,0.39256152510643005,1.8471461661284367
phasenet_big,extreme,230,19.765335984327393,0.508510172367096,0.5585830211639404,1.9105974672905828
phasenet_big,extreme,231,19.13987496193231,0.4940398335456848,0.5390245318412781,1.9240293673612825
phasenet_big,extreme,232,19.326831737488487,0.4537414014339447,0.5306274890899658,1.9184844090367017
phasenet_big,extreme,233,21.721614517514055,0.5579207539558411,0.48391565680503845,1.8717707451203034
phasenet_big,extreme,234,22.6903740600373,0.6254239082336426,0.3719009459018707,1.7782601096708635
phasenet_big,extreme,235,27.64114336413912,0.8883582949638367,0.19332917034626007,1.1022385592183874
phasenet_big,extreme,236,24.647336755183964,0.6766639351844788,0.39150339365005493,1.666476188000493
phasenet_big,extreme,237,21.99985858864318,0.5512134432792664,0.4168722629547119,1.8342230005070566
phasenet_big,extreme,238,24.006774434129603,0.8610619306564331,0.2683246433734894,1.1532546310941105
phasenet_big,extreme,239,22.57634708255494,0.797744870185852,0.34448206424713135,1.427758693667621
phasenet_big,extreme,240,19.53379243398244,0.8296549320220947,0.4690379500389099,1.9361210415368981
phasenet_big,extreme,241,22.540543687277633,0.8716737031936646,0.38946545124053955,1.9364350143818596
phasenet_big,extreme,242,23.043389142385138,0.865644097328186,0.38375088572502136,1.9337310511446517
phasenet_big,extreme,243,19.927695886035856,0.8507734537124634,0.4622393846511841,1.9335400277219708
phasenet_big,extreme,244,17.825862206643247,0.8508541584014893,0.4612374007701874,1.9358270853759898
phasenet_big,extreme,245,19.389420500257547,0.8494269251823425,0.42719462513923645,1.9314864555138538
phasenet_big,extreme,246,21.741711003417112,0.8447209596633911,0.40395212173461914,1.919606079304801
phasenet_big,extreme,247,21.06337557459841,0.8500640988349915,0.42721670866012573,1.9221580292015288
phasenet_big,extreme,248,24.79008847878019,0.8567689061164856,0.37659114599227905,1.903494773267716
phasenet_big,extreme,249,21.165393889746518,0.8556833267211914,0.4161088764667511,1.8978927675659323
phasenet_big,extreme,250,21.95880468903588,0.518864631652832,0.33609557151794434,1.626357325929269
phasenet_big,extreme,251,20.957751733732863,0.4950079917907715,0.3531804084777832,1.5487400329732164
phasenet_big,extreme,252,20.286641969848148,0.5701302886009216,0.3600582480430603,1.5545160565402885
phasenet_big,extreme,253,21.02069582043887,0.6199168562889099,0.30408501625061035,1.5293174480381766
phasenet_big,extreme,254,20.630696004551695,0.45352792739868164,0.38538622856140137,1.6587440379102163
phasenet_big,extreme,255,26.232503780144004,0.8884943723678589,0.09350104629993439,1.1362072692371217
phasenet_big,extreme,256,22.467655258780965,0.6780359745025635,0.23285074532032013,1.5715360327057462
phasenet_big,extreme,257,19.791073025355946,0.39357611536979675,0.39983341097831726,1.7025605539003215
phasenet_big,extreme,258,17.63596276867218,0.3007466197013855,0.47047412395477295,1.7436884910909458
phasenet_big,extreme,259,15.749612956722407,0.25891613960266113,0.5415819883346558,1.8205808044772922
phasenet_big,extreme,260,22.867644351524493,0.8034283518791199,0.22832046449184418,1.3453169305555275
phasenet_big,extreme,261,22.951907739946865,0.8101329803466797,0.22696009278297424,1.3574396167836615
phasenet_big,extreme,262,20.940575652277577,0.7768822312355042,0.25635939836502075,1.4102008162986261
phasenet_big,extreme,263,20.988066347228774,0.7958562970161438,0.2451946884393692,1.346250545009617
phasenet_big,extreme,264,20.753677336003516,0.7968403697013855,0.23853962123394012,1.3590423711953115
phasenet_big,extreme,265,21.11312408250577,0.7915411591529846,0.25386133790016174,1.4143059290909643
phasenet_big,extreme,266,21.40909110735744,0.7931908965110779,0.24533450603485107,1.3938032997723804
phasenet_big,extreme,267,20.40167131508629,0.785412073135376,0.2600122094154358,1.4194112894051394
phasenet_big,extreme,268,21.02629868624681,0.798436164855957,0.23064957559108734,1.3615404162903495
phasenet_big,extreme,269,21.244552445492843,0.7876631021499634,0.24468259513378143,1.4692480130390178
phasenet_big,extreme,270,22.969900556575542,0.6485660672187805,0.3989846110343933,1.8347244621278125
phasenet_big,extreme,271,23.49197439622202,0.6704755425453186,0.37975236773490906,1.7212465651752633
phasenet_big,extreme,272,24.232917178783275,0.7208412289619446,0.3389245867729187,1.6859078113747954
phasenet_big,extreme,273,24.314289183657714,0.7981494069099426,0.2781427502632141,1.4415515774720111
phasenet_big,extreme,274,24.61870283920579,0.7501392364501953,0.3568868637084961,1.6320188329120977
phasenet_big,extreme,275,23.636272567245904,0.8017162680625916,0.2671971023082733,1.1561499915019573
phasenet_big,extreme,276,24.104061640051512,0.8268082737922668,0.2619420289993286,1.3174478794079156
phasenet_big,extreme,277,24.518240926458013,0.8336648941040039,0.2272959053516388,1.0368490133473165
phasenet_big,extreme,278,23.922457621096534,0.8406217098236084,0.2328675538301468,1.053023748238204
phasenet_big,extreme,279,24.79739823685324,0.774601399898529,0.301516056060791,1.2295422214652953
phasenet_big,extreme,280,15.903768835736567,0.34750646352767944,0.6387701034545898,1.9302788157737072
phasenet_big,extreme,281,15.503669726943697,0.33748194575309753,0.6552049517631531,1.934838345785408
phasenet_big,extreme,282,15.29014207325043,0.32928457856178284,0.6619313359260559,1.9307657865190686
phasenet_big,extreme,283,15.193581992276977,0.31857383251190186,0.6486390829086304,1.9326457498427136
phasenet_big,extreme,284,15.564513641237173,0.31929486989974976,0.6245629787445068,1.9264134746243458
phasenet_big,extreme,285,15.549669636894226,0.31180116534233093,0.6223617792129517,1.9266651472859184
phasenet_big,extreme,286,15.376540964966312,0.3049810528755188,0.632055938243866,1.932002225615563
phasenet_big,extreme,287,15.407462969558052,0.30703839659690857,0.6175581216812134,1.9312748706841691
phasenet_big,extreme,288,15.479565762125373,0.3055112063884735,0.6287020444869995,1.9299935682955702
phasenet_big,extreme,289,15.600961044914579,0.3139888346195221,0.632648229598999,1.9263599697548162
phasenet_big,extreme,290,16.081383158159177,0.3780952990055084,0.6983832716941833,1.9284083060130603
phasenet_big,extreme,291,15.198190511555637,0.36872532963752747,0.7269303798675537,1.9316379569130857
phasenet_big,extreme,292,14.539689707366785,0.38086941838264465,0.7492307424545288,1.938502751910847
phasenet_big,extreme,293,14.523929164547916,0.3962993621826172,0.771760880947113,1.938573140020917
phasenet_big,extreme,294,14.912969627054116,0.44403743743896484,0.7249443531036377,1.9247338119089075
phasenet_big,extreme,295,15.523458983470457,0.4710855185985565,0.7156252861022949,1.929142817944716
phasenet_big,extreme,296,16.42712741984296,0.4680559039115906,0.704416811466217,1.932436408735615
phasenet_big,extreme,297,15.93254374691533,0.45883041620254517,0.7308631539344788,1.9298197228969398
phasenet_big,extreme,298,13.816050538359598,0.42175057530403137,0.7842614650726318,1.9404525956611016
phasenet_big,extreme,299,14.463525925581276,0.39623236656188965,0.7606602311134338,1.937589017852943
phasenet_big,extreme,300,31.273746869026997,0.8922367691993713,0.2832563519477844,1.8013962163088277
phasenet_big,extreme,301,28.89955277156881,0.894619345664978,0.25645411014556885,1.7517950603721104
phasenet_big,extreme,302,27.531655131858642,0.8894990682601929,0.27775081992149353,1.740281122733116
phasenet_big,extreme,303,27.485593071307047,0.8932549357414246,0.27010807394981384,1.7012365031081491
phasenet_big,extreme,304,27.605372640302352,0.903247058391571,0.24927078187465668,1.6194424302748827
phasenet_big,extreme,305,27.275244059945692,0.9073797464370728,0.243088960647583,1.5814312773287402
phasenet_big,extreme,306,26.925132077158345,0.9019156694412231,0.2526387870311737,1.6594757942383929
phasenet_big,extreme,307,26.43352907246275,0.9016523957252502,0.2588653564453125,1.7002144454341217
phasenet_big,extreme,308,26.105686520818473,0.9040409922599792,0.25555485486984253,1.6971341058482707
phasenet_big,extreme,309,26.35257745085951,0.9095414876937866,0.24690723419189453,1.6861507740071002
phasenet_big,hard,0,20.09674546582318,0.44580158591270447,0.5399576425552368,1.9395112941171733
phasenet_big,hard,1,20.707335857838412,0.48389920592308044,0.4398859143257141,1.9076395900602887
phasenet_big,hard,2,27.240910099270344,0.7406581044197083,0.30126187205314636,1.674777373747384
phasenet_big,hard,3,23.71868745260734,0.5670307874679565,0.3969208300113678,1.8522784121343299
phasenet_big,hard,4,22.020135420509703,0.5372189879417419,0.4107111692428589,1.8799230415167654
phasenet_big,hard,5,24.443740290167035,0.6023351550102234,0.45352527499198914,1.7674826047375238
phasenet_big,hard,6,20.366575261868466,0.44846832752227783,0.49993738532066345,1.9017362878927684
phasenet_big,hard,7,21.9991544873273,0.5642931461334229,0.4094606637954712,1.8022400577419457
phasenet_big,hard,8,20.936859399374534,0.5879950523376465,0.2363274097442627,1.894960987515195
phasenet_big,hard,9,26.317122332436433,0.7308744788169861,0.3201800584793091,1.63338816171789
phasenet_big,hard,10,20.04927341941062,0.5450852513313293,0.4722793698310852,1.8133778725668415
phasenet_big,hard,11,26.15690521976244,0.7352344393730164,0.3281312584877014,1.648484874070662
phasenet_big,hard,12,23.65831329687004,0.6338320374488831,0.40735840797424316,1.8028922415348654
phasenet_big,hard,13,25.27219646487812,0.7370705604553223,0.32069915533065796,1.6376035551515309
phasenet_big,hard,14,23.740059510834335,0.6715494990348816,0.35635221004486084,1.703113078043065
phasenet_big,hard,15,26.82863066804596,0.7633669972419739,0.28584492206573486,1.5591010399026448
phasenet_big,hard,16,26.410688493433604,0.7668757438659668,0.2747208774089813,1.5381458317093688
phasenet_big,hard,17,24.576556775143736,0.6795803308486938,0.3311031460762024,1.6215717843627742
phasenet_big,hard,18,18.558117147456727,0.3961262106895447,0.5077422857284546,1.9014401572575967
phasenet_big,hard,19,21.03250180076796,0.5484021306037903,0.4160841107368469,1.7887944876947968
phasenet_big,hard,20,20.291567705681906,0.5131118893623352,0.45072561502456665,1.8974537390677932
phasenet_big,hard,21,20.66410751447599,0.5550423860549927,0.4696919620037079,1.9019942021270217
phasenet_big,hard,22,22.72396133690071,0.6732515692710876,0.4173378050327301,1.825908802442283
phasenet_big,hard,23,23.606495625657757,0.670348584651947,0.4434394836425781,1.8849305067059592
phasenet_big,hard,24,23.36546986010805,0.6755844354629517,0.45934295654296875,1.882565486044257
phasenet_big,hard,25,25.3264081410013,0.7319119572639465,0.4159511625766754,1.8805199991172366
phasenet_big,hard,26,21.3605375423284,0.5740272998809814,0.5436293482780457,1.9188804986863728
phasenet_big,hard,27,21.168708302735183,0.6172816753387451,0.5274975299835205,1.8868362919558437
phasenet_big,hard,28,20.9169342195098,0.615643322467804,0.4760628640651703,1.8898898146664074
phasenet_big,hard,29,20.043833564941238,0.5970616340637207,0.5096502304077148,1.875726469107943
phasenet_big,hard,30,20.415413704876478,0.49667033553123474,0.3462330102920532,1.6993723695950904
phasenet_big,hard,31,21.82543104498972,0.5797514319419861,0.3022923767566681,1.6203518485033395
phasenet_big,hard,32,23.75377753655764,0.6876442432403564,0.2479759156703949,1.5001554083567887
phasenet_big,hard,33,25.646681855921507,0.7753099799156189,0.19574689865112305,1.3557081114971747
phasenet_big,hard,34,25.60663852171654,0.7467735409736633,0.23060859739780426,1.4513371479535615
phasenet_big,hard,35,26.486401587781504,0.8161698579788208,0.16147348284721375,1.3382120654887952
phasenet_big,hard,36,29.780520865185753,0.8808107376098633,0.14220011234283447,1.1735228987011759
phasenet_big,hard,37,25.28025438544029,0.7507886290550232,0.21149781346321106,1.4787970918004898
phasenet_big,hard,38,27.739001405189747,0.868549108505249,0.13045310974121094,1.1654233813187302
phasenet_big,hard,39,26.781135715727842,0.7873144745826721,0.19923505187034607,1.5024362958568123
phasenet_big,hard,40,23.400806700191524,0.5373200178146362,0.36684495210647583,1.8696341539626613
phasenet_big,hard,41,23.625528178007528,0.5638877153396606,0.4272648096084595,1.8817092732224208
phasenet_big,hard,42,21.981400649670878,0.4810740351676941,0.4948473274707794,1.9029087045773854
phasenet_big,hard,43,24.054208855785117,0.5702051520347595,0.4304289221763611,1.7911258083887063
phasenet_big,hard,44,25.133292741556534,0.6968478560447693,0.3329835534095764,1.7938951052856185
phasenet_big,hard,45,24.55647058934641,0.6326130628585815,0.39740294218063354,1.8146059335629563
phasenet_big,hard,46,20.91158285494491,0.5612273812294006,0.478020578622818,1.878077478269785
phasenet_big,hard,47,21.393867479147353,0.6217811107635498,0.4608391225337982,1.8021199728175492
phasenet_big,hard,48,21.110703398447967,0.4858613610267639,0.48995810747146606,1.887029565918123
phasenet_big,hard,49,18.960205513220338,0.39592471718788147,0.537433385848999,1.8611460626703735
phasenet_big,hard,50,18.80911198202429,0.35752958059310913,0.5048317313194275,1.8960938283588953
phasenet_big,hard,51,17.565618720159833,0.274747371673584,0.5282391905784607,1.923134428351636
phasenet_big,hard,52,21.489034943933166,0.5222323536872864,0.3816477656364441,1.720778293335788
phasenet_big,hard,53,18.516325026289827,0.2909395396709442,0.519253134727478,1.9114619361842218
phasenet_big,hard,54,21.28219018125224,0.44978687167167664,0.4688890874385834,1.839884954633404
phasenet_big,hard,55,20.37416068042973,0.3767416775226593,0.4862746596336365,1.8982008134629633
phasenet_big,hard,56,25.676104247112278,0.6951769590377808,0.3337482213973999,1.5950584852725462
phasenet_big,hard,57,20.615787484862768,0.40127310156822205,0.48118260502815247,1.8690959161658738
phasenet_big,hard,58,18.537657043283335,0.32073527574539185,0.5306030511856079,1.9350884940388737
phasenet_big,hard,59,18.547232369605922,0.363433837890625,0.5137308835983276,1.9157446743224384
phasenet_big,hard,60,21.868630832279482,0.5255732536315918,0.401904821395874,1.8107823930724019
phasenet_big,hard,61,22.276737224053843,0.5567423701286316,0.4415633976459503,1.7230361024267353
phasenet_big,hard,62,16.7556909546174,0.2816654145717621,0.540674090385437,1.9117520683799911
phasenet_big,hard,63,19.65777282444009,0.3459119498729706,0.5214514136314392,1.8778454524331445
phasenet_big,hard,64,22.183902606883965,0.5306500196456909,0.4427753686904907,1.805572499341857
phasenet_big,hard,65,15.953431441438513,0.251598596572876,0.5715683698654175,1.9125287545460647
phasenet_big,hard,66,18.033345593231914,0.287505567073822,0.4763067066669464,1.8914230971326893
phasenet_big,hard,67,18.553002787989683,0.29942700266838074,0.4815816879272461,1.8839216398133423
phasenet_big,hard,68,16.276220699284348,0.2548809349536896,0.54051673412323,1.9184983432449012
phasenet_big,hard,69,21.276582591941086,0.48711711168289185,0.43769726157188416,1.7035677662558981
phasenet_big,hard,70,18.370950201548595,0.38111263513565063,0.3451363444328308,1.8746433044050383
phasenet_big,hard,71,15.44077696687976,0.21549935638904572,0.5351839661598206,1.9252506678891717
phasenet_big,hard,72,16.512856866669306,0.2871798276901245,0.49395009875297546,1.9191821062742442
phasenet_big,hard,73,16.41285541429215,0.3157929480075836,0.501384973526001,1.9180947341142796
phasenet_big,hard,74,17.099156433016624,0.2949901521205902,0.4736498296260834,1.907868445265073
phasenet_big,hard,75,22.733010911596896,0.5682461857795715,0.2925843894481659,1.77073016996026
phasenet_big,hard,76,16.000517745696826,0.2953689694404602,0.5543686151504517,1.9055589403329658
phasenet_big,hard,77,18.741493665053174,0.3534318506717682,0.47087740898132324,1.8961533624593907
phasenet_big,hard,78,22.508958957788217,0.5971324443817139,0.35571375489234924,1.5551451039429574
phasenet_big,hard,79,25.10585994077356,0.7229816913604736,0.2640170454978943,1.6161562632286732
phasenet_big,hard,80,23.891215128344502,0.5364012122154236,0.33040928840637207,1.8668399601027184
phasenet_big,hard,81,25.056943712463653,0.695070207118988,0.22219333052635193,1.7777287677062823
phasenet_big,hard,82,17.56720075478419,0.29206544160842896,0.5471013784408569,1.9245724995397924
phasenet_big,hard,83,17.64806953193691,0.2918490171432495,0.5548869967460632,1.9248005704595998
phasenet_big,hard,84,17.844743670416033,0.29158955812454224,0.5425257086753845,1.9162787658176548
phasenet_big,hard,85,19.01872846855899,0.3242167532444,0.5045123100280762,1.9096997589061513
phasenet_big,hard,86,21.799265057468126,0.4679895341396332,0.4825778603553772,1.8536594510589184
phasenet_big,hard,87,23.074639427230466,0.5784273147583008,0.3782865107059479,1.82031463416295
phasenet_big,hard,88,20.040351891054456,0.3528367280960083,0.51990807056427,1.9456343647311862
phasenet_big,hard,89,19.297401089248417,0.337362140417099,0.4992252588272095,1.9002629870529888
phasenet_big,hard,90,19.560868656246658,0.4110320806503296,0.3296545147895813,1.8749394532362311
phasenet_big,hard,91,15.610577738063993,0.2746364176273346,0.5275983214378357,1.9179075107765309
phasenet_big,hard,92,15.548954920551143,0.290852814912796,0.5579094886779785,1.9086820303274319
phasenet_big,hard,93,16.2792232897475,0.27835214138031006,0.5670226812362671,1.9334923283601406
phasenet_big,hard,94,21.410936142946717,0.511838972568512,0.43128347396850586,1.8288044588251315
phasenet_big,hard,95,19.959370590902125,0.3771135210990906,0.4585980772972107,1.9012469699667125
phasenet_big,hard,96,23.41336059753967,0.5700225830078125,0.42946428060531616,1.8166767858845527
phasenet_big,hard,97,18.315350750803482,0.33117830753326416,0.53553706407547,1.9218120218135977
phasenet_big,hard,98,18.520389609043875,0.34654003381729126,0.5149459838867188,1.9126775696457892
phasenet_big,hard,99,19.452905216482883,0.4005815386772156,0.40005970001220703,1.9042791194781767
phasenet_big,hard,100,19.853299612495405,0.5311540365219116,0.6050856113433838,1.8571615370822225
phasenet_big,hard,101,16.21966062992279,0.44661086797714233,0.6382310390472412,1.8522855392242128
phasenet_big,hard,102,25.86554374519386,0.6955642104148865,0.49259305000305176,1.7199003605298415
phasenet_big,hard,103,19.79466941685307,0.5078375339508057,0.6210950016975403,1.9054062855578762
phasenet_big,hard,104,29.277043732172032,0.8567699193954468,0.3348822295665741,1.4935074547898857
phasenet_big,hard,105,24.545660652138235,0.6662622094154358,0.541541576385498,1.7573234849349526
phasenet_big,hard,106,24.864232226534405,0.6981965899467468,0.4568389654159546,1.8649589909115145
phasenet_big,hard,107,21.465477747640655,0.5700531005859375,0.5778058767318726,1.884251681046025
phasenet_big,hard,108,19.154335146887508,0.5180298686027527,0.5923604965209961,1.888759270722387
phasenet_big,hard,109,21.651754397850564,0.6242216229438782,0.509800136089325,1.9097528945199271
phasenet_big,hard,110,18.535067541205954,0.4910722076892853,0.5931054353713989,1.9018167695599473
phasenet_big,hard,111,18.261433525368005,0.4193897843360901,0.5900843143463135,1.904706317654652
phasenet_big,hard,112,20.536314608554296,0.5230860114097595,0.598882257938385,1.848723316811164
phasenet_big,hard,113,22.06854130676422,0.5342133045196533,0.5631212592124939,1.850506305317174
phasenet_big,hard,114,23.236654650973684,0.5978519320487976,0.5053752064704895,1.8738712199870615
phasenet_big,hard,115,24.665967470104246,0.6529993414878845,0.44562530517578125,1.7753762717713113
phasenet_big,hard,116,25.17976384119377,0.6703326106071472,0.3882448077201843,1.6958528373110424
phasenet_big,hard,117,26.882333617235364,0.7636788487434387,0.2719811797142029,1.556744548276214
phasenet_big,hard,118,22.67390566070768,0.5784781575202942,0.4437835216522217,1.8367405609000285
phasenet_big,hard,119,20.277539274584356,0.45313364267349243,0.48485833406448364,1.8927688173047836
phasenet_big,hard,120,24.327478458625365,0.8311730027198792,0.22571474313735962,0.8082698133467952
phasenet_big,hard,121,25.34717602113577,0.8497263789176941,0.1982397884130478,0.9194683408524282
phasenet_big,hard,122,25.949469836737286,0.8529713153839111,0.18753232061862946,0.8904826272407045
phasenet_big,hard,123,24.422453681517883,0.8317432999610901,0.22907115519046783,0.7092831086298438
phasenet_big,hard,124,28.151808013144585,0.8817316889762878,0.17557863891124725,0.6622975024879839
phasenet_big,hard,125,25.469531985888786,0.8489785194396973,0.20863421261310577,0.6843862655581348
phasenet_big,hard,126,24.23077272830788,0.8329499959945679,0.21343547105789185,0.8045408120526512
phasenet_big,hard,127,24.532878227760193,0.8151837587356567,0.22206057608127594,0.9469822827575667
phasenet_big,hard,128,23.779970702637456,0.8018991351127625,0.22902177274227142,0.9650854239810347
phasenet_big,hard,129,26.519753202218542,0.883703887462616,0.15110766887664795,0.8668195239668988
phasenet_big,hard,130,37.23908183128752,0.9806196689605713,0.029503021389245987,0.5936225048964507
phasenet_big,hard,131,38.77102339604099,0.9821866154670715,0.02123337797820568,0.6073550312757727
phasenet_big,hard,132,37.06403728965084,0.9825002551078796,0.02121424674987793,0.5438693304403227
phasenet_big,hard,133,28.763770733379733,0.930193305015564,0.10393912345170975,0.7811431411975798
phasenet_big,hard,134,30.314999092106802,0.9401894807815552,0.09292131662368774,0.730531871852094
phasenet_big,hard,135,28.39015929633803,0.896041750907898,0.0811527743935585,1.3766148813967298
phasenet_big,hard,136,31.86303574650374,0.9452822804450989,0.03175714984536171,1.1783919764296096
phasenet_big,hard,137,33.323979071421455,0.957525908946991,0.05498113855719566,0.8289679832208643
phasenet_big,hard,138,31.936258250544476,0.9417784810066223,0.07172589004039764,0.9156066003778028
phasenet_big,hard,139,39.297990060823096,0.9804635047912598,0.03140385448932648,0.5250940461826896
phasenet_big,hard,140,22.874540389851642,0.6148635745048523,0.39611828327178955,1.9106740915244078
phasenet_big,hard,141,19.466698787922073,0.535719096660614,0.4710865914821625,1.916857477960722
phasenet_big,hard,142,18.768870428930818,0.48873376846313477,0.47576987743377686,1.9267268867800835
phasenet_big,hard,143,20.913397356410584,0.5154092311859131,0.4282171130180359,1.8960028478202644
phasenet_big,hard,144,21.43229411142178,0.5271515846252441,0.4154769778251648,1.9151723455059828
phasenet_big,hard,145,21.59062031336184,0.5181347727775574,0.4285881817340851,1.9124809307037824
phasenet_big,hard,146,22.164836514627268,0.6014328002929688,0.37821924686431885,1.8691882427163897
phasenet_big,hard,147,22.695779491535475,0.5292516946792603,0.4120815396308899,1.9070318732120781
phasenet_big,hard,148,24.13019636915713,0.5686483383178711,0.3590868413448334,1.8545482794810306
phasenet_big,hard,149,23.071143332701624,0.5351437330245972,0.39851224422454834,1.860287819043772
phasenet_big,hard,150,25.061643323078492,0.9025574326515198,0.20387068390846252,0.7675394955785304
phasenet_big,hard,151,25.307695109755826,0.9017584323883057,0.2194105088710785,0.7491815438185141
phasenet_big,hard,152,25.15668376340344,0.9017894864082336,0.20586854219436646,0.788162293262204
phasenet_big,hard,153,25.308303711407092,0.899039089679718,0.2296406626701355,0.7572507154935364
phasenet_big,hard,154,25.061987127800908,0.9030225872993469,0.21070696413516998,0.7435975608827001
phasenet_big,hard,155,24.768163922783508,0.9032463431358337,0.21046704053878784,0.7399467362143282
phasenet_big,hard,156,24.40666785817359,0.9013105034828186,0.20820209383964539,0.7228814660191194
phasenet_big,hard,157,24.62395272398172,0.901686429977417,0.2088255137205124,0.7567453126808001
phasenet_big,hard,158,24.844997635575766,0.9056705832481384,0.19267362356185913,0.744934648893603
phasenet_big,hard,159,24.88455924745218,0.8972617387771606,0.20861703157424927,0.7957352556232229
phasenet_big,hard,160,25.45809977690339,0.8949591517448425,0.24690735340118408,0.794708390034405
phasenet_big,hard,161,25.32127210781477,0.8947075009346008,0.25075745582580566,0.8005780064926558
phasenet_big,hard,162,25.009801833353876,0.8936543464660645,0.2542654871940613,0.830496122138165
phasenet_big,hard,163,24.86278204952761,0.8929088711738586,0.2539280354976654,0.7969635415753753
phasenet_big,hard,164,24.658249093846155,0.889050304889679,0.2588367164134979,0.838535503926773
phasenet_big,hard,165,24.586944159264455,0.8867139220237732,0.2618906795978546,0.8020188804990183
phasenet_big,hard,166,24.47088809690431,0.8834280371665955,0.26868224143981934,0.8410682951945518
phasenet_big,hard,167,24.428533260723015,0.8838540315628052,0.26644113659858704,0.8070021967542196
phasenet_big,hard,168,24.31553204404257,0.8821560144424438,0.2679164707660675,0.8468792327846109
phasenet_big,hard,169,24.267530666031778,0.8818807005882263,0.27123212814331055,0.8145468189925278
phasenet_big,hard,170,33.600751984291165,0.9409648776054382,0.06061013787984848,0.5991975030460661
phasenet_big,hard,171,31.881030849206052,0.9099091291427612,0.07861735671758652,0.4957826449295354
phasenet_big,hard,172,33.822442489425875,0.9292774200439453,0.06785012036561966,0.5880052746695865
phasenet_big,hard,173,31.650996495085316,0.8820332884788513,0.0908554419875145,0.6064296664005181
phasenet_big,hard,174,27.154204549417642,0.818375825881958,0.1516510248184204,0.7703534204061385
phasenet_big,hard,175,28.469596301507103,0.834425687789917,0.14181043207645416,0.789257464907662
phasenet_big,hard,176,30.484431400166926,0.87324458360672,0.10943572223186493,0.681395973567994
phasenet_big,hard,177,29.37203729088763,0.8516703248023987,0.12172269076108932,0.8599168698627349
phasenet_big,hard,178,26.116491421429302,0.8315191864967346,0.163551926612854,0.9141005914551048
phasenet_big,hard,179,29.588777976281495,0.8767206072807312,0.11230669915676117,0.7890639758119986
phasenet_big,hard,180,36.179287806604655,0.9502363801002502,0.13620242476463318,1.5563604610295334
phasenet_big,hard,181,37.1317148712733,0.9572732448577881,0.10835494101047516,1.4407861299202138
phasenet_big,hard,182,34.6632608085891,0.9428113102912903,0.11481188237667084,1.4206058779710995
phasenet_big,hard,183,37.368690865043604,0.9623233079910278,0.07832996547222137,1.2688597685641962
phasenet_big,hard,184,36.1414443430848,0.9589816927909851,0.094327911734581,1.3859319227896585
phasenet_big,hard,185,33.951024536160695,0.9570974707603455,0.10350917279720306,1.5344962896979037
phasenet_big,hard,186,32.23605436256884,0.9600145220756531,0.09997246414422989,1.3102110080749412
phasenet_big,hard,187,33.01751741330364,0.959875762462616,0.09984638541936874,1.321626867500257
phasenet_big,hard,188,33.53250179843556,0.9564531445503235,0.10871776938438416,1.5327919243173191
phasenet_big,hard,189,35.23068697738688,0.9448491930961609,0.13731399178504944,1.6020058535309458
phasenet_big,hard,190,20.22031625356281,0.47679972648620605,0.43173086643218994,1.8852712553832485
phasenet_big,hard,191,19.758404950752993,0.4654097259044647,0.4395364224910736,1.8848382105487596
phasenet_big,hard,192,19.89249763920798,0.4651557207107544,0.4357357919216156,1.8904543666920182
phasenet_big,hard,193,20.19578064470344,0.46633461117744446,0.4253714084625244,1.8833953124346003
phasenet_big,hard,194,19.603902646710022,0.4562389552593231,0.43932366371154785,1.888807012108915
phasenet_big,hard,195,19.469436278434415,0.45286935567855835,0.42852288484573364,1.9001820375564313
phasenet_big,hard,196,19.978147548465046,0.45424962043762207,0.41381025314331055,1.8809726802134623
phasenet_big,hard,197,19.924790603151273,0.45775318145751953,0.4083603322505951,1.876360140450648
phasenet_big,hard,198,21.02693653183111,0.46840375661849976,0.3779977262020111,1.8966892057466103
phasenet_big,hard,199,21.928843225161273,0.4981600046157837,0.3385227620601654,1.9008852749714187
phasenet_big,hard,200,19.27542573165868,0.41209131479263306,0.45808327198028564,1.8804340806868252
phasenet_big,hard,201,19.06602473276481,0.40013858675956726,0.4721970558166504,1.8998450328847936
phasenet_big,hard,202,19.42104296390811,0.4150641858577728,0.46186381578445435,1.883245927446387
phasenet_big,hard,203,19.7589050146799,0.42422229051589966,0.46176815032958984,1.9126854389279684
phasenet_big,hard,204,19.545948689610047,0.41865554451942444,0.46449917554855347,1.887224263457232
phasenet_big,hard,205,19.11098748845768,0.390855073928833,0.49950501322746277,1.9229996504439757
phasenet_big,hard,206,19.371461114907426,0.40563198924064636,0.5065971612930298,1.9211567701436345
phasenet_big,hard,207,20.27198603763281,0.4548663794994354,0.4399433732032776,1.863808441926548
phasenet_big,hard,208,19.84057330921415,0.42079252004623413,0.4724436104297638,1.9154677511449223
phasenet_big,hard,209,20.07997662818206,0.4359290897846222,0.48580801486968994,1.9238119537864404
phasenet_big,hard,210,31.265859825777795,0.8631351590156555,0.22520199418067932,1.7755197693505789
phasenet_big,hard,211,31.14944659253101,0.8699344992637634,0.22093167901039124,1.7137653888303026
phasenet_big,hard,212,30.310090815687566,0.8534765243530273,0.2494174987077713,1.7444101155033969
phasenet_big,hard,213,31.119884307784197,0.881833016872406,0.21461693942546844,1.640286923032285
phasenet_big,hard,214,32.053911126062154,0.8761206865310669,0.21625903248786926,1.6698961482931438
phasenet_big,hard,215,32.2280736477652,0.8816027045249939,0.19715499877929688,1.6740838976073795
phasenet_big,hard,216,31.100850680648282,0.841471254825592,0.22773264348506927,1.8263525837116608
phasenet_big,hard,217,33.15621520710997,0.8912072777748108,0.1921612024307251,1.6508886995569005
phasenet_big,hard,218,32.81505976339367,0.876573920249939,0.18601514399051666,1.7153224407452847
phasenet_big,hard,219,33.233214444335864,0.8898273706436157,0.18645340204238892,1.6274898623026812
phasenet_big,hard,220,24.96046091877488,0.8738223314285278,0.12395808100700378,1.101368418530418
phasenet_big,hard,221,20.40388397401875,0.7867186069488525,0.19818633794784546,1.3766949741206587
phasenet_big,hard,222,20.697838383857032,0.7316864728927612,0.2145337164402008,1.46845985041154
phasenet_big,hard,223,21.57846991121736,0.7176845669746399,0.23252001404762268,1.3173563367184098
phasenet_big,hard,224,21.81744276457996,0.7011048793792725,0.25160345435142517,1.4961605834106018
phasenet_big,hard,225,21.4933728017662,0.6612140536308289,0.2836659252643585,1.5995171602880536
phasenet_big,hard,226,19.890439212753616,0.5668638944625854,0.36619940400123596,1.7113570306076917
phasenet_big,hard,227,20.688662594758593,0.5781687498092651,0.35340097546577454,1.7043953358513555
phasenet_big,hard,228,20.06448273917804,0.4780096113681793,0.3162582516670227,1.7908092443432548
phasenet_big,hard,229,22.141969382051347,0.6188176870346069,0.26608404517173767,1.7060123094340078
phasenet_big,hard,230,21.395095063253443,0.5615866780281067,0.4686374366283417,1.863858107907428
phasenet_big,hard,231,20.733622575187493,0.5267871022224426,0.47576025128364563,1.8667557044866219
phasenet_big,hard,232,22.698015517482535,0.5977749228477478,0.4017658531665802,1.8466080262484568
phasenet_big,hard,233,27.071419205454184,0.8072312474250793,0.29561424255371094,1.4819163906796016
phasenet_big,hard,234,27.782394330108183,0.8302923440933228,0.31047242879867554,1.364876802979917
phasenet_big,hard,235,31.420485961773565,0.9352020025253296,0.1261560320854187,0.9024839881697555
phasenet_big,hard,236,30.53733833644067,0.9022272825241089,0.16924665868282318,1.1893113295002282
phasenet_big,hard,237,27.012762567862517,0.7731193900108337,0.3134966492652893,1.561566198083804
phasenet_big,hard,238,27.528715173932543,0.9132554531097412,0.17161478102207184,0.9637161631083067
phasenet_big,hard,239,25.77466663469321,0.8991592526435852,0.20198917388916016,1.1206350317993166
phasenet_big,hard,240,21.66446164613201,0.8349932432174683,0.42146730422973633,1.9357688125017225
phasenet_big,hard,241,24.029872899518438,0.8800641298294067,0.3563525676727295,1.9267758277211402
phasenet_big,hard,242,25.458657684114993,0.8747662305831909,0.32234466075897217,1.9152473492736148
phasenet_big,hard,243,22.605756626439724,0.8651340007781982,0.3866645097732544,1.9255189935288675
phasenet_big,hard,244,20.675487279993938,0.8726947903633118,0.3840680420398712,1.9006447550418388
phasenet_big,hard,245,21.247085839797847,0.860386073589325,0.38992804288864136,1.912699810967454
phasenet_big,hard,246,23.75519949973359,0.8530568480491638,0.36163094639778137,1.9081403185323342
phasenet_big,hard,247,22.76137813518786,0.8709995150566101,0.3606787919998169,1.8757518338147818
phasenet_big,hard,248,28.094817521362195,0.8715884685516357,0.36519962549209595,1.8174325983389408
phasenet_big,hard,249,24.452398618913467,0.8670535087585449,0.382559597492218,1.8722035786686393
phasenet_big,hard,250,26.614101129033042,0.7609118819236755,0.23731623589992523,1.3110881308712456
phasenet_big,hard,251,25.336981469076907,0.7797405123710632,0.22915193438529968,1.280227960969437
phasenet_big,hard,252,22.993403138317507,0.6981807351112366,0.2847293019294739,1.4262981919224926
phasenet_big,hard,253,25.352803004924258,0.8513934016227722,0.18177446722984314,1.143491183940769
phasenet_big,hard,254,25.514100739376193,0.7390669584274292,0.26397213339805603,1.4083186156693077
phasenet_big,hard,255,29.12848332862125,0.9336568713188171,0.05653220787644386,0.9461177807205553
phasenet_big,hard,256,26.40688439252935,0.854771614074707,0.12285706400871277,1.1994141023356977
phasenet_big,hard,257,22.84026407953412,0.5622574687004089,0.32883119583129883,1.6019568107980096
phasenet_big,hard,258,19.69694352925646,0.4609842598438263,0.40424150228500366,1.602548696514404
phasenet_big,hard,259,17.311663089203552,0.31041982769966125,0.49781444668769836,1.802490387997147
phasenet_big,hard,260,25.34750993602275,0.8529493808746338,0.17265479266643524,1.1987406921133168
phasenet_big,hard,261,25.7667893713108,0.8638324737548828,0.16255930066108704,1.1866695169737531
phasenet_big,hard,262,23.089897986499217,0.8213703632354736,0.20771437883377075,1.255203469714708
phasenet_big,hard,263,23.48100639436624,0.8435754776000977,0.183895081281662,1.1620539190289232
phasenet_big,hard,264,22.754723011461998,0.8308168649673462,0.19428792595863342,1.2682377509739238
phasenet_big,hard,265,23.387439225420156,0.8408787846565247,0.1858554631471634,1.2217886821316961
phasenet_big,hard,266,24.053282060581914,0.8438939452171326,0.1828228086233139,1.1617772870546446
phasenet_big,hard,267,23.911500449634715,0.8355083465576172,0.19759327173233032,1.2296840307545305
phasenet_big,hard,268,23.241075642658178,0.8271484375,0.1932349056005478,1.237741017402231
phasenet_big,hard,269,24.075881283293302,0.8572551608085632,0.17580392956733704,1.212877865760933
phasenet_big,hard,270,26.903646916861153,0.8146207332611084,0.24116206169128418,1.5035376594142031
phasenet_big,hard,271,27.36896651090739,0.8415963053703308,0.2210225611925125,1.298601597630129
phasenet_big,hard,272,28.29163841372203,0.8740373253822327,0.20373596251010895,1.2368228213213648
phasenet_big,hard,273,27.311131371778682,0.8999383449554443,0.15283730626106262,0.9685474919989536
phasenet_big,hard,274,28.64812856910926,0.9066590666770935,0.1613890677690506,1.0919011531248235
phasenet_big,hard,275,27.031127279724494,0.8768081068992615,0.1820553094148636,0.8910720719690808
phasenet_big,hard,276,26.772242594163064,0.8992789387702942,0.1367519646883011,0.9750480152213521
phasenet_big,hard,277,26.28388130821775,0.8898051381111145,0.149809792637825,0.7940850804891754
phasenet_big,hard,278,26.03593333919248,0.8820152878761292,0.16676586866378784,0.8756717374480746
phasenet_big,hard,279,26.959577618883173,0.8461916446685791,0.23089130222797394,1.0559914785313733
phasenet_big,hard,280,16.9492397337946,0.38387876749038696,0.5627517700195312,1.930886731003631
phasenet_big,hard,281,16.644897269046407,0.36882439255714417,0.5736441612243652,1.9416656522070959
phasenet_big,hard,282,16.29746671670833,0.36102956533432007,0.5829154849052429,1.9226472661425253
phasenet_big,hard,283,16.01583523855849,0.34825417399406433,0.5959802865982056,1.9314464466464654
phasenet_big,hard,284,16.940306513876145,0.3633373975753784,0.558139979839325,1.9180918650639556
phasenet_big,hard,285,16.91441034737846,0.35660475492477417,0.5493913292884827,1.9152868866983306
phasenet_big,hard,286,16.54339810531576,0.3399643898010254,0.5670419931411743,1.9291176690453062
phasenet_big,hard,287,17.100080272434475,0.35478073358535767,0.5363286137580872,1.9300990491125507
phasenet_big,hard,288,17.07588024839865,0.3500003516674042,0.5424119234085083,1.9278955188374658
phasenet_big,hard,289,17.232680025124335,0.3575504720211029,0.5335628986358643,1.926669935060809
phasenet_big,hard,290,17.37889136748252,0.4145798981189728,0.6335108280181885,1.9180452371910364
phasenet_big,hard,291,16.485067578437278,0.39970728754997253,0.6550349593162537,1.9261798522418054
phasenet_big,hard,292,16.197679248979266,0.40428006649017334,0.6870582103729248,1.9418457080435603
phasenet_big,hard,293,15.95240914656597,0.4309017062187195,0.6962707042694092,1.933774595019115
phasenet_big,hard,294,17.00278699454744,0.48583847284317017,0.6628377437591553,1.9058986804344507
phasenet_big,hard,295,17.15638107107563,0.5143045783042908,0.6516625881195068,1.910845008881228
phasenet_big,hard,296,17.72296058368587,0.5268939137458801,0.6543006896972656,1.9189634687485917
phasenet_big,hard,297,17.484746727800943,0.5014050602912903,0.6583864688873291,1.9161953961887055
phasenet_big,hard,298,15.176247496248273,0.44336017966270447,0.7068964838981628,1.94351574076912
phasenet_big,hard,299,16.291910550245195,0.4206397831439972,0.7147393822669983,1.9209668412494283
phasenet_big,hard,300,36.18939637238257,0.9652952551841736,0.09704026579856873,1.5408491114357394
phasenet_big,hard,301,30.296292747055205,0.9359980821609497,0.16032640635967255,1.5221831146640712
phasenet_big,hard,302,29.170533259601083,0.9263538718223572,0.1828165501356125,1.5654679479657818
phasenet_big,hard,303,29.7259705223745,0.9297869801521301,0.17673754692077637,1.5202765514762735
phasenet_big,hard,304,29.943064021375957,0.937237024307251,0.1665588617324829,1.4108634084394598
phasenet_big,hard,305,29.621145296562652,0.933731734752655,0.17792540788650513,1.3968664472833339
phasenet_big,hard,306,29.506821241098194,0.932364284992218,0.18222005665302277,1.398615552344142
phasenet_big,hard,307,29.267990837314745,0.9323665499687195,0.18349169194698334,1.4787865906371236
phasenet_big,hard,308,29.171981193491696,0.9370309114456177,0.167373389005661,1.4513621138725528
phasenet_big,hard,309,29.166064253140497,0.9434414505958557,0.14666202664375305,1.4326391627896877
phasenet_big,medium,0,23.242230019271645,0.5673999190330505,0.3898475766181946,1.905833874169355
phasenet_big,medium,1,23.736748282295828,0.6198501586914062,0.30920472741127014,1.857885983813428
phasenet_big,medium,2,32.86172369594061,0.9031317830085754,0.14942124485969543,1.3194883907475246
phasenet_big,medium,3,29.14266850927048,0.7975309491157532,0.2773795425891876,1.5890621765160051
phasenet_big,medium,4,24.863409780391343,0.6614565849304199,0.279192179441452,1.8304589796993849
phasenet_big,medium,5,28.847519812329473,0.774247944355011,0.3213850259780884,1.5364941011237248
phasenet_big,medium,6,23.320775942593983,0.5790863633155823,0.35093164443969727,1.8720262195879376
phasenet_big,medium,7,28.262602324295983,0.8302890062332153,0.21005544066429138,1.430208024885638
phasenet_big,medium,8,26.74476872308929,0.8170841336250305,0.17895349860191345,1.5526000009994156
phasenet_big,medium,9,31.724845716155762,0.891307532787323,0.16377238929271698,1.347386691082701
phasenet_big,medium,10,24.527178264110287,0.7180668711662292,0.3356306552886963,1.6184615821892776
phasenet_big,medium,11,30.878558651568092,0.8667329549789429,0.2037760317325592,1.4380954070525325
phasenet_big,medium,12,28.509585517486656,0.8061402440071106,0.27272269129753113,1.5864867127983033
phasenet_big,medium,13,30.073378028409756,0.8716858625411987,0.1834588348865509,1.363000973638575
phasenet_big,medium,14,29.051104376926027,0.8409476280212402,0.21175478398799896,1.4734755445280618
phasenet_big,medium,15,31.364710244139854,0.8826418519020081,0.17004802823066711,1.3491943368580728
phasenet_big,medium,16,31.11663557045871,0.8975128531455994,0.14957447350025177,1.2478584308881981
phasenet_big,medium,17,29.37816646021348,0.8370034694671631,0.19887655973434448,1.4233948758888415
phasenet_big,medium,18,22.698862888996683,0.5779419541358948,0.3872588276863098,1.8557658123278074
phasenet_big,medium,19,25.649696245472214,0.7358742356300354,0.2798607647418976,1.6172196010545647
phasenet_big,medium,20,24.01517389581745,0.6219085454940796,0.3485150933265686,1.851127010545147
phasenet_big,medium,21,25.78111799780567,0.7146286368370056,0.3311428129673004,1.813597895749347
phasenet_big,medium,22,27.014671060092894,0.7824499011039734,0.3063730001449585,1.7452100398081378
phasenet_big,medium,23,28.506210935068236,0.801006019115448,0.3256951570510864,1.7926409565808263
phasenet_big,medium,24,27.87347455970678,0.7998313307762146,0.3471764624118805,1.7735155972240553
phasenet_big,medium,25,30.96300999687426,0.8673148155212402,0.28977030515670776,1.7018121903551566
phasenet_big,medium,26,25.56670271166994,0.7127020955085754,0.4419006109237671,1.895073231155872
phasenet_big,medium,27,24.734559520973235,0.7060953378677368,0.44683876633644104,1.8755377206519412
phasenet_big,medium,28,26.240003105132814,0.7557196021080017,0.3746628165245056,1.7886314412017636
phasenet_big,medium,29,24.560042903045375,0.7174702286720276,0.4043980836868286,1.8293551670281483
phasenet_big,medium,30,24.376451297340918,0.7032370567321777,0.23968085646629333,1.464175303289308
phasenet_big,medium,31,26.484970893092413,0.786288857460022,0.19555407762527466,1.3049932131231827
phasenet_big,medium,32,28.395781639467188,0.8523129820823669,0.14708948135375977,1.190037382055173
phasenet_big,medium,33,30.70732175600172,0.9152327179908752,0.10299498587846756,0.9930266342814944
phasenet_big,medium,34,31.28684815232009,0.9147352576255798,0.10943491756916046,1.0643205109321034
phasenet_big,medium,35,32.93011501751219,0.9523800015449524,0.06370780616998672,0.8837882569345441
phasenet_big,medium,36,34.010702291080705,0.9604784250259399,0.062071096152067184,0.8182843655956035
phasenet_big,medium,37,31.81967775026294,0.931908905506134,0.08578236401081085,1.0546205407420552
phasenet_big,medium,38,33.6238265375122,0.9596253037452698,0.06640512496232986,0.7346302026469579
phasenet_big,medium,39,32.911810054654815,0.9431982636451721,0.07622573524713516,1.083343667678432
phasenet_big,medium,40,25.977406768302416,0.6506685614585876,0.2813872992992401,1.8052765767926071
phasenet_big,medium,41,28.089854707969344,0.773628294467926,0.2971170246601105,1.73571087675598
phasenet_big,medium,42,23.962243910765267,0.5291347503662109,0.41631102561950684,1.8848697931453282
phasenet_big,medium,43,27.03911521245818,0.6815317273139954,0.3137862980365753,1.7086782935523903
phasenet_big,medium,44,29.264227454463914,0.8335107564926147,0.22699597477912903,1.5542504477008081
phasenet_big,medium,45,28.636079066869286,0.7717820405960083,0.30111628770828247,1.6007212204771948
phasenet_big,medium,46,24.28305184220615,0.6927846670150757,0.37409424781799316,1.8241367195186742
phasenet_big,medium,47,25.121538419256115,0.7556521892547607,0.333421915769577,1.6476130315293944
phasenet_big,medium,48,24.387780137039833,0.6647573709487915,0.36608821153640747,1.7879308943728232
phasenet_big,medium,49,21.03849493400172,0.4677179753780365,0.4768874943256378,1.8219955453003078
phasenet_big,medium,50,21.8117858204156,0.5345849990844727,0.37184301018714905,1.866028302600579
phasenet_big,medium,51,19.296570970226682,0.31083980202674866,0.4515919089317322,1.8959480692792936
phasenet_big,medium,52,28.877442982732063,0.8745855093002319,0.15790244936943054,1.2716748276633743
phasenet_big,medium,53,20.605366265825932,0.38387981057167053,0.4131653308868408,1.8799489544408918
phasenet_big,medium,54,25.381188838131585,0.6688867807388306,0.3609949052333832,1.6855522156192588
phasenet_big,medium,55,23.852817700567066,0.6038234829902649,0.3678244650363922,1.7916826999825788
phasenet_big,medium,56,31.78782346213471,0.8881577253341675,0.1674709916114807,1.0988933742367115
phasenet_big,medium,57,24.096685255883866,0.6005536317825317,0.3715090751647949,1.7625477212567147
phasenet_big,medium,58,20.902463448656636,0.434408962726593,0.4198790490627289,1.906101753857381
phasenet_big,medium,59,20.88439988683149,0.448839396238327,0.38671159744262695,1.8705525591073926
phasenet_big,medium,60,28.30612363991979,0.8131036758422852,0.25715434551239014,1.4844735284393262
phasenet_big,medium,61,28.169090958769132,0.8206273317337036,0.2603710889816284,1.4607034250601802
phasenet_big,medium,62,19.611101210058298,0.3863789439201355,0.4377247095108032,1.8847458786047515
phasenet_big,medium,63,24.291444529419994,0.6099393367767334,0.4366515874862671,1.706743466400166
phasenet_big,medium,64,27.71183041945461,0.7926945090293884,0.27801451086997986,1.4884003474339427
phasenet_big,medium,65,17.860765498291094,0.3295789361000061,0.5093091726303101,1.9017586386225684
phasenet_big,medium,66,21.241214652557325,0.48058149218559265,0.39138364791870117,1.84788602965547
phasenet_big,medium,67,22.11843341426686,0.513849675655365,0.36419379711151123,1.8166616774281015
phasenet_big,medium,68,19.94750839586697,0.43121808767318726,0.44695883989334106,1.8459084782369106
phasenet_big,medium,69,27.93765706458055,0.8085595965385437,0.2395225614309311,1.3396728960777073
phasenet_big,medium,70,24.00366637866188,0.7224035859107971,0.24892061948776245,1.6592308039561434
phasenet_big,medium,71,17.705054106763612,0.2931322455406189,0.44260603189468384,1.8899885064970565
phasenet_big,medium,72,19.75390849333905,0.45862916111946106,0.36807817220687866,1.866994759870539
phasenet_big,medium,73,18.821454544769686,0.43077871203422546,0.3860817849636078,1.8927250252004886
phasenet_big,medium,74,19.40525268130434,0.3504197895526886,0.3888642191886902,1.8667349750836373
phasenet_big,medium,75,29.527810031640804,0.8491997718811035,0.1342197209596634,1.4541464267460462
phasenet_big,medium,76,17.927777091573333,0.3223429024219513,0.464343786239624,1.8865132765666026
phasenet_big,medium,77,22.51884148723931,0.5535688996315002,0.3194359242916107,1.8631803696917748
phasenet_big,medium,78,28.517441005850273,0.8411635756492615,0.18170635402202606,1.3787766100224859
phasenet_big,medium,79,32.361321140795866,0.9080439805984497,0.12507104873657227,1.0131254863820527
phasenet_big,medium,80,30.357664326153216,0.8239513039588928,0.20762687921524048,1.5850510916016707
phasenet_big,medium,81,32.40427250087744,0.9135127067565918,0.08721853047609329,1.3001771124057089
phasenet_big,medium,82,19.112182771485212,0.3249206840991974,0.48393890261650085,1.912503671976988
phasenet_big,medium,83,19.49821612725468,0.33527618646621704,0.46245598793029785,1.912013290760295
phasenet_big,medium,84,18.89824440916027,0.30771496891975403,0.47569558024406433,1.8953651133515055
phasenet_big,medium,85,21.697698039472243,0.43303588032722473,0.40143775939941406,1.8830974683289825
phasenet_big,medium,86,25.923122350444416,0.6866543889045715,0.34024778008461,1.6751819858756787
phasenet_big,medium,87,27.048815492472894,0.7369880080223083,0.280957967042923,1.6775540543635388
phasenet_big,medium,88,22.848654580458025,0.47195130586624146,0.4017954170703888,1.9048411444878441
phasenet_big,medium,89,21.860556250883203,0.4744050204753876,0.4063849449157715,1.854205786648638
phasenet_big,medium,90,26.2104000827601,0.768933892250061,0.1981147974729538,1.649339117036472
phasenet_big,medium,91,18.11826792058673,0.35291165113449097,0.4271988868713379,1.8893743178195606
phasenet_big,medium,92,18.212502181509606,0.36567822098731995,0.44949498772621155,1.8891801010614264
phasenet_big,medium,93,18.59832230112144,0.35098695755004883,0.46506351232528687,1.9119847541787016
phasenet_big,medium,94,26.205273935982905,0.7305709719657898,0.3153996169567108,1.6227355357225424
phasenet_big,medium,95,23.075588207778296,0.5225454568862915,0.36921465396881104,1.835642388474598
phasenet_big,medium,96,29.787780712749246,0.8272795677185059,0.24026182293891907,1.4747941577881039
phasenet_big,medium,97,21.57000739644268,0.4689847230911255,0.4056433439254761,1.8926665358631696
phasenet_big,medium,98,21.191079353227696,0.4269980788230896,0.41623613238334656,1.8727468723989833
phasenet_big,medium,99,25.481658115371353,0.7389152646064758,0.23074299097061157,1.5533765604562189
phasenet_big,medium,100,25.910559571545377,0.7400035858154297,0.445266455411911,1.615010868116297
phasenet_big,medium,101,17.98414139446203,0.48689159750938416,0.560471773147583,1.8470847098052277
phasenet_big,medium,102,33.40743952908613,0.8995499610900879,0.24303928017616272,1.3206059418540117
phasenet_big,medium,103,22.53004494348165,0.590389609336853,0.5217099189758301,1.8697197226421025
phasenet_big,medium,104,35.503582525199754,0.9491598606109619,0.15984517335891724,1.1174726618025708
phasenet_big,medium,105,30.81599445749926,0.8387757539749146,0.37697577476501465,1.4991447967362648
phasenet_big,medium,106,31.431475767373858,0.8747983574867249,0.31285926699638367,1.597553099634541
phasenet_big,medium,107,24.900178973480127,0.6848935484886169,0.4510389268398285,1.8113812804827374
phasenet_big,medium,108,21.772551270997997,0.5831781029701233,0.5495124459266663,1.8685813516579695
phasenet_big,medium,109,27.235660274215782,0.7736678123474121,0.42810696363449097,1.7794120012102925
phasenet_big,medium,110,20.92014200721527,0.5224363207817078,0.5376303195953369,1.8830593657260806
phasenet_big,medium,111,20.39417591752224,0.49408283829689026,0.5185512900352478,1.8929701764668307
phasenet_big,medium,112,23.132494597416194,0.6275079250335693,0.5185750126838684,1.7476885786486038
phasenet_big,medium,113,24.2443968858761,0.626177191734314,0.513046383857727,1.7763451398483008
phasenet_big,medium,114,25.265590093838924,0.7066968083381653,0.4179273247718811,1.7531615181063334
phasenet_big,medium,115,28.042758021155993,0.806294322013855,0.2948896586894989,1.5422557111108213
phasenet_big,medium,116,28.647486807423345,0.8190593123435974,0.25660043954849243,1.4858311146270562
phasenet_big,medium,117,30.57344602575286,0.8795804381370544,0.17354607582092285,1.2954250950680297
phasenet_big,medium,118,25.673641641786183,0.7104830741882324,0.33611518144607544,1.6559361170756706
phasenet_big,medium,119,22.892092057098274,0.5682796239852905,0.4005615711212158,1.8706606070189475
phasenet_big,medium,120,26.800852634619808,0.8750249147415161,0.1948569118976593,0.4839206322698836
phasenet_big,medium,121,26.820199961987594,0.8873625993728638,0.1679353266954422,0.6060540312375535
phasenet_big,medium,122,27.943686858249905,0.8930553197860718,0.1647358238697052,0.563847878163349
phasenet_big,medium,123,26.13351164781394,0.8768392205238342,0.1842120736837387,0.45816983470718964
phasenet_big,medium,124,29.59680667215273,0.9073747396469116,0.16070005297660828,0.4360417711091327
phasenet_big,medium,125,27.02846517643064,0.8779886364936829,0.1889784336090088,0.5489893211624063
phasenet_big,medium,126,26.426591088127232,0.8704224228858948,0.17241325974464417,0.6070037505187266
phasenet_big,medium,127,27.049918563350058,0.8723371624946594,0.1772410273551941,0.6853953854245146
phasenet_big,medium,128,26.185815205073197,0.8594547510147095,0.19421981275081635,0.6717459769834558
phasenet_big,medium,129,27.743698237202977,0.9089277982711792,0.13296805322170258,0.6872456605234405
phasenet_big,medium,130,39.83511514112414,0.9878441095352173,0.017797119915485382,0.45229736449597613
phasenet_big,medium,131,40.95166848229177,0.9921646118164062,0.012224825099110603,0.2659382402962496
phasenet_big,medium,132,38.732603425391964,0.9865056276321411,0.01836448349058628,0.47846779161401515
phasenet_big,medium,133,31.11635607152494,0.9421360492706299,0.09083177149295807,0.7495781710464865
phasenet_big,medium,134,31.51336600943398,0.9525162577629089,0.06449106335639954,0.6961945301925722
phasenet_big,medium,135,31.697846479464996,0.9314379096031189,0.08267632126808167,1.1945475443155231
phasenet_big,medium,136,33.053330242663314,0.9591330289840698,0.023423325270414352,1.070182494629319
phasenet_big,medium,137,36.46351129929406,0.9685202240943909,0.05417625978589058,0.7312073191419244
phasenet_big,medium,138,34.648327097465575,0.9558241963386536,0.06939638406038284,0.8092302815006809
phasenet_big,medium,139,40.59490934492389,0.9881455898284912,0.014515780843794346,0.4015188147626825
phasenet_big,medium,140,25.921888988936637,0.6777627468109131,0.31921225786209106,1.8841971529751476
phasenet_big,medium,141,22.269910089276742,0.5658602714538574,0.40196144580841064,1.9128513312583877
phasenet_big,medium,142,22.007153087134608,0.5264292359352112,0.39497339725494385,1.901978562524088
phasenet_big,medium,143,23.990687065003872,0.5909125804901123,0.3624589443206787,1.855114512515412
phasenet_big,medium,144,24.895496269201626,0.6463871002197266,0.3307384252548218,1.8616826348558018
phasenet_big,medium,145,24.841060175310936,0.5912811756134033,0.3477937877178192,1.8538887729009628
phasenet_big,medium,146,25.85187573461652,0.7063572406768799,0.287825345993042,1.802819867929159
phasenet_big,medium,147,25.173983061394672,0.594761073589325,0.3435887098312378,1.8568675285989444
phasenet_big,medium,148,26.858517371571416,0.6652201414108276,0.2804732620716095,1.753559274525124
phasenet_big,medium,149,25.720313396228708,0.622957170009613,0.3312534689903259,1.7854440612582763
phasenet_big,medium,150,28.46235689806615,0.9249005317687988,0.16398170590400696,0.70374019091316
phasenet_big,medium,151,28.963950526714942,0.9262864589691162,0.1611890196800232,0.6868317229030829
phasenet_big,medium,152,28.487361435326513,0.9270703196525574,0.157643124461174,0.708363583090608
phasenet_big,medium,153,28.874633605111455,0.9265870451927185,0.16829775273799896,0.6957101591901823
phasenet_big,medium,154,28.806750370894633,0.9271265864372253,0.16580285131931305,0.6951790284811015
phasenet_big,medium,155,28.236616436676485,0.9241909384727478,0.1681654155254364,0.6956385667946748
phasenet_big,medium,156,27.771483366628047,0.9230625629425049,0.1651913970708847,0.6635924820127298
phasenet_big,medium,157,28.24608558908093,0.9242226481437683,0.16216877102851868,0.6964716176066051
phasenet_big,medium,158,27.96123788841165,0.9246464371681213,0.1660507619380951,0.6877590067180811
phasenet_big,medium,159,28.18003718202204,0.9175399541854858,0.16841261088848114,0.7596544297829095
phasenet_big,medium,160,28.88309260652665,0.9210667610168457,0.2056449055671692,0.745073685547982
phasenet_big,medium,161,28.770280938693062,0.9190316796302795,0.20968984067440033,0.7642480902957858
phasenet_big,medium,162,28.606002654509663,0.9172701835632324,0.21936649084091187,0.7675268808328565
phasenet_big,medium,163,28.443333884361557,0.9142270684242249,0.2202557474374771,0.7691858973671504
phasenet_big,medium,164,28.293098142131363,0.9138583540916443,0.2233888804912567,0.779101588653559
phasenet_big,medium,165,28.25347654677794,0.9114391207695007,0.22874203324317932,0.7805364371114258
phasenet_big,medium,166,28.12001444620728,0.91045081615448,0.2245747148990631,0.7911145120544829
phasenet_big,medium,167,28.00080774500178,0.9082823991775513,0.22742705047130585,0.7936623444846831
phasenet_big,medium,168,27.866157274615787,0.9076000452041626,0.2285182923078537,0.7958688209386822
phasenet_big,medium,169,27.76624430179103,0.9062119722366333,0.2292054146528244,0.7981538266955663
phasenet_big,medium,170,35.466417711259965,0.9623270034790039,0.048294685781002045,0.46017866002353286
phasenet_big,medium,171,33.08286408237368,0.9297196865081787,0.06700101494789124,0.451881784812605
phasenet_big,medium,172,35.65159003270407,0.9608055353164673,0.050581008195877075,0.388544366776492
phasenet_big,medium,173,34.35751553673743,0.9315465092658997,0.0645270124077797,0.47190696284576095
phasenet_big,medium,174,29.418583354316898,0.8612143993377686,0.11600401997566223,0.6700549616928226
phasenet_big,medium,175,31.08165137217727,0.8835813403129578,0.1027042344212532,0.7040696709846835
phasenet_big,medium,176,32.760166893961355,0.9134032726287842,0.086154505610466,0.5993697415651623
phasenet_big,medium,177,32.323520277233115,0.9006932377815247,0.09214767068624496,0.720586359349019
phasenet_big,medium,178,28.69773267713316,0.8731368780136108,0.11955384910106659,0.7928203495697339
phasenet_big,medium,179,32.503788274712335,0.9188359379768372,0.081900455057621,0.6511505271388487
phasenet_big,medium,180,40.23457595983702,0.9725888967514038,0.05790494754910469,1.3284449042282862
phasenet_big,medium,181,41.29585846332034,0.9771913290023804,0.05373139679431915,1.2393405198190552
phasenet_big,medium,182,38.57493094558392,0.9636119604110718,0.07886489480733871,1.3021193082757205
phasenet_big,medium,183,40.71365329364379,0.9801348447799683,0.03330502286553383,1.00033897417657
phasenet_big,medium,184,38.606777251761756,0.9771619439125061,0.04824560880661011,1.1461375352407885
phasenet_big,medium,185,35.68161262290404,0.9782120585441589,0.04662717133760452,1.1145530941818935
phasenet_big,medium,186,33.04927373313744,0.9736315011978149,0.06429310888051987,1.0703721344580428
phasenet_big,medium,187,37.235349223448225,0.9785522222518921,0.05473631992936134,1.110619704373798
phasenet_big,medium,188,38.8911323741046,0.9802761077880859,0.05135160684585571,1.2084135738993198
phasenet_big,medium,189,40.53248343495231,0.9744445085525513,0.058652278035879135,1.3805256237679189
phasenet_big,medium,190,22.375454647403934,0.5272040367126465,0.36503785848617554,1.8377674814560794
phasenet_big,medium,191,21.839831574341474,0.5122342109680176,0.3833441436290741,1.8626161053290784
phasenet_big,medium,192,22.102957742192796,0.5164202451705933,0.37484243512153625,1.8437099221272155
phasenet_big,medium,193,22.423394668308575,0.5220287442207336,0.3596042990684509,1.8200280973639305
phasenet_big,medium,194,21.646828804212856,0.4985356330871582,0.374979704618454,1.8679521089915256
phasenet_big,medium,195,21.60304759133597,0.4950605034828186,0.3621242642402649,1.8758401782625005
phasenet_big,medium,196,22.225575478448725,0.5089284777641296,0.34873005747795105,1.8261272298561273
phasenet_big,medium,197,22.06075169628071,0.505870521068573,0.35184380412101746,1.8289680366908176
phasenet_big,medium,198,23.632118078833045,0.5534548759460449,0.30948781967163086,1.8383042777544916
phasenet_big,medium,199,24.914050232418617,0.6265498995780945,0.25608813762664795,1.8622303173600625
phasenet_big,medium,200,21.92555514851601,0.5032252669334412,0.3835149109363556,1.7878097240933637
phasenet_big,medium,201,21.49938271301664,0.4825696647167206,0.39664244651794434,1.8596369387187064
phasenet_big,medium,202,21.829537177779677,0.5105677843093872,0.3834671974182129,1.7891537237846094
phasenet_big,medium,203,22.488805890275046,0.5313420295715332,0.37542176246643066,1.7812888731556804
phasenet_big,medium,204,22.113739316505892,0.5153229832649231,0.38066625595092773,1.7803191896048145
phasenet_big,medium,205,21.48904947604873,0.4594542384147644,0.43106529116630554,1.8790100136063264
phasenet_big,medium,206,21.5256875201653,0.48836421966552734,0.4213346242904663,1.8971216952834744
phasenet_big,medium,207,22.96683690629088,0.5678041577339172,0.3400335907936096,1.7567493871890427
phasenet_big,medium,208,22.193019435560277,0.5007038712501526,0.39270949363708496,1.8810140705202096
phasenet_big,medium,209,22.467261549367805,0.5226508378982544,0.4002177119255066,1.850977340688405
phasenet_big,medium,210,37.216391895593205,0.9573397040367126,0.07944796979427338,1.253736664735438
phasenet_big,medium,211,36.4290924404402,0.9579296112060547,0.0648140013217926,1.1875610900816134
phasenet_big,medium,212,35.223421247085845,0.940714418888092,0.12005804479122162,1.3900874918231054
phasenet_big,medium,213,36.207556971729474,0.9587365388870239,0.06507454812526703,1.1857403320985225
phasenet_big,medium,214,37.507821360215544,0.9581255912780762,0.08473993092775345,1.2805808141230715
phasenet_big,medium,215,37.66829576079343,0.9639912247657776,0.05838935822248459,1.1418314489376682
phasenet_big,medium,216,37.524394809850186,0.9546401500701904,0.09130173176527023,1.330526909929444
phasenet_big,medium,217,39.12437866631003,0.9716399908065796,0.04410385340452194,1.1315076976171734
phasenet_big,medium,218,39.51957466678182,0.9703347086906433,0.051972705870866776,1.1384183411892554
phasenet_big,medium,219,38.88100610535526,0.969211995601654,0.0547289103269577,1.0851607065026323
phasenet_big,medium,220,26.60247696979723,0.9100480079650879,0.08609932661056519,0.9813234180300975
phasenet_big,medium,221,22.429487710915225,0.8802663087844849,0.0979962944984436,1.05372953792884
phasenet_big,medium,222,22.274603039466506,0.797646164894104,0.15170180797576904,1.2977354011045987
phasenet_big,medium,223,25.548222835641248,0.8440749645233154,0.12727996706962585,1.0731951027768578
phasenet_big,medium,224,25.564376360279454,0.84418123960495,0.12760430574417114,1.1494469443276691
phasenet_big,medium,225,24.987820840541055,0.8367896676063538,0.1382732093334198,1.1986074325948173
phasenet_big,medium,226,23.911418820675863,0.7898131608963013,0.19506128132343292,1.294687663492715
phasenet_big,medium,227,22.866354494451624,0.7065919637680054,0.28393182158470154,1.5434166536165095
phasenet_big,medium,228,27.287665945247774,0.8212823271751404,0.18220216035842896,1.3582362471558804
phasenet_big,medium,229,28.851537159177095,0.8925856947898865,0.11950691044330597,1.2193737552629007
phasenet_big,medium,230,25.04389105921375,0.6911441683769226,0.3634071350097656,1.7780687325858042
phasenet_big,medium,231,24.163716974214466,0.6499448418617249,0.3774971663951874,1.7929544160842088
phasenet_big,medium,232,28.22292359099269,0.8273010849952698,0.31112897396087646,1.4440456162097852
phasenet_big,medium,233,31.943401136845452,0.9267327785491943,0.14769122004508972,1.107983096037192
phasenet_big,medium,234,32.649559644149775,0.9440895318984985,0.125321164727211,0.9487937465203042
phasenet_big,medium,235,35.43292352689023,0.9706622362136841,0.05777986720204353,0.6754719303400468
phasenet_big,medium,236,34.95923673547938,0.9651343822479248,0.07029896974563599,0.8282881187343867
phasenet_big,medium,237,33.07259210597702,0.9447551369667053,0.10841792821884155,1.010919204758995
phasenet_big,medium,238,30.416600750651412,0.9435004591941833,0.10592077672481537,0.814091572103095
phasenet_big,medium,239,28.54658081533605,0.9345241189002991,0.12406519055366516,0.9600845525188196
phasenet_big,medium,240,24.571083699667643,0.8540825843811035,0.3747369647026062,1.9175708265791647
phasenet_big,medium,241,25.496956671572455,0.8939683437347412,0.3028877377510071,1.9101752188053467
phasenet_big,medium,242,27.95929009656316,0.8909903168678284,0.2328384518623352,1.8867421551212904
phasenet_big,medium,243,26.344974635055863,0.8813338279724121,0.3437569737434387,1.879519114602078
phasenet_big,medium,244,24.187160186805166,0.8885300755500793,0.3402539789676666,1.874110276105953
phasenet_big,medium,245,25.547261930215225,0.8753727078437805,0.35826778411865234,1.8961446591267324
phasenet_big,medium,246,27.188627241258377,0.8737945556640625,0.32104966044425964,1.8797315223105053
phasenet_big,medium,247,25.565648469134178,0.9023866057395935,0.2946692109107971,1.7311701308215368
phasenet_big,medium,248,32.70072168109507,0.9153652787208557,0.2933913469314575,1.6623539056545626
phasenet_big,medium,249,28.19504909748958,0.8978866338729858,0.30587464570999146,1.7892581347883272
phasenet_big,medium,250,33.369900162629676,0.9361661076545715,0.09298226237297058,0.8596255404064046
phasenet_big,medium,251,28.627442995135244,0.9133610129356384,0.0821925550699234,1.0153978956651084
phasenet_big,medium,252,27.017374582628406,0.8681628108024597,0.13631518185138702,1.183219301037571
phasenet_big,medium,253,29.30676225624827,0.9337295889854431,0.07929627597332001,0.8851174518583601
phasenet_big,medium,254,30.01535118402234,0.8932642340660095,0.13030880689620972,1.1238481017862108
phasenet_big,medium,255,33.893685327415064,0.9709870219230652,0.03256265074014664,0.729172313739599
phasenet_big,medium,256,31.481566744958393,0.9454600811004639,0.057385534048080444,0.8277643237312231
phasenet_big,medium,257,29.040982517035474,0.839340090751648,0.18959590792655945,1.2339563222933694
phasenet_big,medium,258,22.08825690721305,0.6066285967826843,0.34137651324272156,1.433450012932552
phasenet_big,medium,259,20.6648517570919,0.4831140637397766,0.40078699588775635,1.733777033199797
phasenet_big,medium,260,28.76523034161586,0.9061051607131958,0.12974369525909424,1.0526885168584346
phasenet_big,medium,261,28.58349076148049,0.905154287815094,0.12299489974975586,1.047510976598391
phasenet_big,medium,262,26.167862732470194,0.8727564215660095,0.15215915441513062,1.1703690703547498
phasenet_big,medium,263,26.082250998263056,0.8791210651397705,0.14105093479156494,1.0720140750810672
phasenet_big,medium,264,24.9073757435671,0.8772873282432556,0.15106375515460968,1.0806209094986128
phasenet_big,medium,265,26.29266776738227,0.8798477053642273,0.1450566053390503,1.0859778669949747
phasenet_big,medium,266,27.16534629724447,0.8881307244300842,0.13661602139472961,1.059774529662188
phasenet_big,medium,267,26.63888352329763,0.8739038705825806,0.15079651772975922,1.093732452050367
phasenet_big,medium,268,26.470312522917098,0.8757054805755615,0.15171147882938385,1.1321174150846982
phasenet_big,medium,269,27.155240176969624,0.9029434323310852,0.12254984676837921,1.0566898514024312
phasenet_big,medium,270,30.161674595342085,0.9399760961532593,0.08235806226730347,0.9821642124145025
phasenet_big,medium,271,30.976598219251336,0.9333876967430115,0.10239122062921524,0.8838069809921923
phasenet_big,medium,272,31.527525347463374,0.94871586561203,0.06701119244098663,0.8026943613125754
phasenet_big,medium,273,30.032658720039016,0.9350168108940125,0.08498694747686386,0.6635288638625413
phasenet_big,medium,274,30.62193906543795,0.9443426132202148,0.06821803748607635,0.8090881891679378
phasenet_big,medium,275,30.77429008784582,0.929220974445343,0.11677184700965881,0.6969485639651962
phasenet_big,medium,276,29.441177419522504,0.9329742193222046,0.08649075031280518,0.7147646036236475
phasenet_big,medium,277,29.11653179795676,0.9207950234413147,0.09963417053222656,0.6430875627739765
phasenet_big,medium,278,28.811464187842898,0.9133793115615845,0.10944321006536484,0.709819538145357
phasenet_big,medium,279,30.61714213308217,0.9159777164459229,0.1430290937423706,0.7671744054686971
phasenet_big,medium,280,18.619900024899508,0.4348509609699249,0.4778638482093811,1.9117595831269094
phasenet_big,medium,281,18.248590766641236,0.42718052864074707,0.4900578260421753,1.9118642879293395
phasenet_big,medium,282,17.986997808442073,0.4073226749897003,0.5055209398269653,1.909268226831975
phasenet_big,medium,283,18.183166782361223,0.4071444272994995,0.5164503455162048,1.9032784742535422
phasenet_big,medium,284,19.212297832512515,0.425499826669693,0.4506475031375885,1.8854525828452
phasenet_big,medium,285,19.157837368573002,0.43127986788749695,0.4488680362701416,1.88489676618698
phasenet_big,medium,286,18.560095885863035,0.4058854877948761,0.46525102853775024,1.913955516531157
phasenet_big,medium,287,19.459415809012654,0.4351486563682556,0.427898108959198,1.9187933635970431
phasenet_big,medium,288,19.723598201682748,0.43429890275001526,0.45334428548812866,1.9042776780902078
phasenet_big,medium,289,19.9393903381616,0.44137436151504517,0.4493139684200287,1.876867531252438
phasenet_big,medium,290,18.729908188451255,0.4516270160675049,0.5641535520553589,1.9049882653440924
phasenet_big,medium,291,18.086049729889996,0.44967591762542725,0.5668374300003052,1.9175358384805532
phasenet_big,medium,292,17.923896461294365,0.46819472312927246,0.6240184903144836,1.9244683951799706
phasenet_big,medium,293,18.09866856890921,0.4957946240901947,0.614261269569397,1.9201092657809173
phasenet_big,medium,294,18.656425121866654,0.5384464263916016,0.5966061353683472,1.886869212088233
phasenet_big,medium,295,18.54017468297741,0.5642545223236084,0.5658512711524963,1.8967235698536031
phasenet_big,medium,296,19.18018562711793,0.6112752556800842,0.525471031665802,1.9039796681685468
phasenet_big,medium,297,18.97022886342391,0.5632624626159668,0.596721351146698,1.9118212208343803
phasenet_big,medium,298,17.54558352101864,0.4841649532318115,0.6381221413612366,1.9185582030177195
phasenet_big,medium,299,18.504378191874235,0.47085142135620117,0.6299281120300293,1.8993188975902426
phasenet_big,medium,300,38.24870480781301,0.9845348596572876,0.03775801882147789,1.1600498894909688
phasenet_big,medium,301,31.477033147155748,0.9517243504524231,0.10747639089822769,1.2658740532856037
phasenet_big,medium,302,30.704654833159562,0.9378165006637573,0.13842891156673431,1.3901316096949987
phasenet_big,medium,303,31.10598027611296,0.9489431381225586,0.11482235789299011,1.2513371560373676
phasenet_big,medium,304,31.153772636084046,0.9510025978088379,0.11399234086275101,1.2704921531830329
phasenet_big,medium,305,31.17334483856354,0.9495034217834473,0.12266458570957184,1.2015691604000516
phasenet_big,medium,306,31.026886192419312,0.9467142224311829,0.13234299421310425,1.2628039516795457
phasenet_big,medium,307,31.004210910187233,0.9514580368995667,0.12131812423467636,1.2232070616949597
phasenet_big,medium,308,31.55303957340225,0.9529492259025574,0.11571681499481201,1.252129002853307
phasenet_big,medium,309,32.76575524288906,0.9629331231117249,0.09810317307710648,1.1166391758072147
complex_loss_matched,easy,0,28.39124757698912,0.772220253944397,0.18204359710216522,1.4899522838699764
complex_loss_matched,easy,1,28.973669890236526,0.8096101880073547,0.19154471158981323,1.3339056477940059
complex_loss_matched,easy,2,38.459323471678445,0.9740892648696899,0.026987114921212196,0.5537636320676963
complex_loss_matched,easy,3,36.676434261185605,0.9576314687728882,0.06794439256191254,0.6907225155411704
complex_loss_matched,easy,4,31.21530742508766,0.8643876314163208,0.16768638789653778,1.133117417150143
complex_loss_matched,easy,5,35.024461391049336,0.9280422329902649,0.103040911257267,0.7494786063204861
complex_loss_matched,easy,6,28.712758747424964,0.7944476008415222,0.17946401238441467,1.4183351381586153
complex_loss_matched,easy,7,35.6847117297835,0.9577571749687195,0.04408347234129906,0.6087914230361382
complex_loss_matched,easy,8,34.85473021917404,0.9598281979560852,0.03345067799091339,0.6509293656348075
complex_loss_matched,easy,9,37.38543753402485,0.9751696586608887,0.02155381068587303,0.5430602547547964
complex_loss_matched,easy,10,29.271170092781567,0.8683286309242249,0.16243389248847961,0.9683308587662749
complex_loss_matched,easy,11,34.2190092286059,0.9491519927978516,0.06748370826244354,0.7670154405551353
complex_loss_matched,easy,12,31.880667159505094,0.9293041229248047,0.11284074932336807,0.921412046867561
complex_loss_matched,easy,13,32.379144086176446,0.9415682554244995,0.07114735245704651,0.7453547502768614
complex_loss_matched,easy,14,32.86347707949534,0.9382101893424988,0.07537759840488434,0.7965255478381184
complex_loss_matched,easy,15,32.85323215426293,0.9479168653488159,0.061934780329465866,0.7709666370840654
complex_loss_matched,easy,16,31.91284045465435,0.9566957950592041,0.04290814697742462,0.6855561832884796
complex_loss_matched,easy,17,32.63623661549935,0.9374222159385681,0.06794819235801697,0.7879159193938019
complex_loss_matched,easy,18,27.850394739384225,0.8062360882759094,0.20295940339565277,1.3400089813556095
complex_loss_matched,easy,19,28.86359558838123,0.8826472163200378,0.12295499444007874,1.0269516634056288
complex_loss_matched,easy,20,30.292497852334165,0.8195770978927612,0.19741608202457428,1.3699806029179136
complex_loss_matched,easy,21,31.72517402281304,0.8664944767951965,0.18189245462417603,1.2825124093706073
complex_loss_matched,easy,22,32.43614600901652,0.8863934278488159,0.18550826609134674,1.2502666416523676
complex_loss_matched,easy,23,34.198681741178916,0.9118150472640991,0.17962431907653809,1.2039632011315422
complex_loss_matched,easy,24,33.50011187481484,0.9097083210945129,0.16206392645835876,1.2017149632669974
complex_loss_matched,easy,25,35.8852662973645,0.9387457370758057,0.11664151400327682,1.0631294904697244
complex_loss_matched,easy,26,32.01212599454556,0.8727540969848633,0.2766185998916626,1.3586187377058083
complex_loss_matched,easy,27,30.945998715138302,0.8489635586738586,0.3052173852920532,1.3411034317683563
complex_loss_matched,easy,28,33.23165879675977,0.9117769598960876,0.1737545132637024,1.1098300157884011
complex_loss_matched,easy,29,32.27073402568247,0.8879481554031372,0.2209731787443161,1.241968573671718
complex_loss_matched,easy,30,30.16173914147867,0.8930647969245911,0.08864359557628632,0.7372985792330778
complex_loss_matched,easy,31,31.119167571435767,0.9089670777320862,0.0680222362279892,0.6551841923813494
complex_loss_matched,easy,32,34.40956304379996,0.9583232998847961,0.03591573238372803,0.479314222079205
complex_loss_matched,easy,33,35.81548817523408,0.9752865433692932,0.019177787005901337,0.39344252040793276
complex_loss_matched,easy,34,36.41780901306586,0.9784178137779236,0.016592200845479965,0.3966405190896473
complex_loss_matched,easy,35,37.83423558417452,0.9865559935569763,0.008620310574769974,0.3215506243213229
complex_loss_matched,easy,36,38.10037531705793,0.9876362681388855,0.008026913739740849,0.3080145494503747
complex_loss_matched,easy,37,37.00366441079944,0.983504056930542,0.010342913679778576,0.36171596916147286
complex_loss_matched,easy,38,39.523022031546724,0.9902084469795227,0.0055969953536987305,0.25409529187731894
complex_loss_matched,easy,39,37.91376613141681,0.9869275093078613,0.008446530438959599,0.3354185003745555
complex_loss_matched,easy,40,31.463950056910978,0.857144832611084,0.1301456242799759,1.1732302956179306
complex_loss_matched,easy,41,33.98286104265299,0.9229214787483215,0.10967304557561874,1.0604728664513978
complex_loss_matched,easy,42,28.656560632854426,0.7465313673019409,0.2629745304584503,1.5195987503370567
complex_loss_matched,easy,43,33.35810554510904,0.8853395581245422,0.11860524863004684,1.0827811849250704
complex_loss_matched,easy,44,34.862442195602775,0.9277873635292053,0.12078940868377686,0.8591377468407506
complex_loss_matched,easy,45,34.05987099708066,0.8984560966491699,0.16867870092391968,0.918882851670075
complex_loss_matched,easy,46,29.500781476725987,0.8413483500480652,0.19788745045661926,1.1757036322820005
complex_loss_matched,easy,47,29.77901278624968,0.8665786981582642,0.19301432371139526,1.0247728739364963
complex_loss_matched,easy,48,28.63788689322805,0.8291121125221252,0.20946940779685974,1.2031132035411025
complex_loss_matched,easy,49,24.645140895421243,0.6240636706352234,0.33070966601371765,1.4371600481609985
complex_loss_matched,easy,50,26.37233825254996,0.7633397579193115,0.18306171894073486,1.4662881410115933
complex_loss_matched,easy,51,22.552685267717713,0.5201956033706665,0.2993814945220947,1.567409445578992
complex_loss_matched,easy,52,36.004624317460895,0.973877489566803,0.023724155500531197,0.48310824271331804
complex_loss_matched,easy,53,25.362098370482645,0.6743228435516357,0.2676094174385071,1.488533701710754
complex_loss_matched,easy,54,32.21094545369673,0.8966634273529053,0.1331855058670044,0.9041732133860126
complex_loss_matched,easy,55,30.16141668275347,0.8686479330062866,0.15144580602645874,1.1012939638012853
complex_loss_matched,easy,56,37.35466308551535,0.967758059501648,0.0391911119222641,0.4564558388614151
complex_loss_matched,easy,57,31.736798446858714,0.8895576596260071,0.13270701467990875,0.9148481511944498
complex_loss_matched,easy,58,24.979475881659425,0.6807234287261963,0.23468101024627686,1.5092019512708204
complex_loss_matched,easy,59,25.115711096038194,0.6725252270698547,0.22529281675815582,1.452831553207562
complex_loss_matched,easy,60,35.17299807884743,0.9630711674690247,0.03279351070523262,0.5712365255688507
complex_loss_matched,easy,61,35.691219328739294,0.9668981432914734,0.03588470071554184,0.5619265400381911
complex_loss_matched,easy,62,24.193856097995663,0.6554283499717712,0.2846261262893677,1.5234946077744214
complex_loss_matched,easy,63,32.23652268065636,0.9000678062438965,0.14848825335502625,0.849659580420639
complex_loss_matched,easy,64,34.03984866202493,0.9414864778518677,0.08586427569389343,0.6450653732190251
complex_loss_matched,easy,65,20.84944871720215,0.49043741822242737,0.35669130086898804,1.5909118668579838
complex_loss_matched,easy,66,27.38227319358248,0.7993761897087097,0.1817476898431778,1.2126766341332125
complex_loss_matched,easy,67,28.448344972918,0.8255150318145752,0.16459693014621735,1.074693326600475
complex_loss_matched,easy,68,25.246269968092932,0.7230431437492371,0.2729661464691162,1.2143892405550807
complex_loss_matched,easy,69,35.53501162527792,0.9632835984230042,0.044803593307733536,0.4991693278993508
complex_loss_matched,easy,70,33.92875700520403,0.9673985242843628,0.03351489454507828,0.6673325804190661
complex_loss_matched,easy,71,21.81723501745094,0.5574744343757629,0.31719905138015747,1.5394713767100832
complex_loss_matched,easy,72,25.80526497235317,0.7727798819541931,0.21612417697906494,1.416638855973437
complex_loss_matched,easy,73,22.927166788686076,0.6664140820503235,0.22912809252738953,1.5765963738112043
complex_loss_matched,easy,74,23.854446858331745,0.5815693140029907,0.21314482390880585,1.5387499526590966
complex_loss_matched,easy,75,37.49166632041068,0.980833888053894,0.017067546024918556,0.4680877273213702
complex_loss_matched,easy,76,21.73850299907425,0.4800150990486145,0.3322911560535431,1.526688494649466
complex_loss_matched,easy,77,29.419751453162313,0.8568148016929626,0.14813068509101868,1.255207738435619
complex_loss_matched,easy,78,36.137567984967525,0.9714850187301636,0.025073394179344177,0.5685339206360314
complex_loss_matched,easy,79,37.990511302897374,0.9773656129837036,0.02003014087677002,0.39901693132375526
complex_loss_matched,easy,80,38.44478437031208,0.9711018800735474,0.029230667278170586,0.6734603356423056
complex_loss_matched,easy,81,37.03717147942772,0.9662202596664429,0.02319042757153511,0.614686026582618
complex_loss_matched,easy,82,21.418013526775006,0.41123443841934204,0.31748512387275696,1.5503231249697922
complex_loss_matched,easy,83,22.17643990038014,0.471771240234375,0.30970919132232666,1.5402364067334064
complex_loss_matched,easy,84,21.083121160021932,0.3982735574245453,0.32756829261779785,1.5344289090877241
complex_loss_matched,easy,85,26.620393884834606,0.7064260244369507,0.2406185120344162,1.4726363616547389
complex_loss_matched,easy,86,32.29087228903596,0.8800169229507446,0.1649937629699707,0.9925150501273695
complex_loss_matched,easy,87,35.121326654554295,0.9375547766685486,0.08385524898767471,0.9275172038954586
complex_loss_matched,easy,88,29.195516066925485,0.7854397892951965,0.23074191808700562,1.3461271409562954
complex_loss_matched,easy,89,26.929286426986394,0.7462051510810852,0.22637847065925598,1.33592113026499
complex_loss_matched,easy,90,34.986017954836555,0.9661151170730591,0.02964703179895878,0.6426394353281998
complex_loss_matched,easy,91,21.983000203606334,0.5698647499084473,0.2867238521575928,1.5429904158485594
complex_loss_matched,easy,92,21.997567553296857,0.5674806237220764,0.2892826497554779,1.5278078816396325
complex_loss_matched,easy,93,22.563585989781643,0.5644750595092773,0.29813241958618164,1.5584104269452992
complex_loss_matched,easy,94,33.67950188546216,0.9219110608100891,0.12095195055007935,0.7829137868047993
complex_loss_matched,easy,95,29.027579338943497,0.8025795817375183,0.17203758656978607,1.2651497381107006
complex_loss_matched,easy,96,36.42670716706056,0.9576783776283264,0.04624636843800545,0.6104960830017326
complex_loss_matched,easy,97,27.30297050035994,0.7561347484588623,0.25450363755226135,1.4718522334184794
complex_loss_matched,easy,98,26.331282698661525,0.6912928819656372,0.2834224998950958,1.47194375400617
complex_loss_matched,easy,99,33.03895407976695,0.9303595423698425,0.07051950693130493,0.7882739882053461
complex_loss_matched,easy,100,33.93705722578288,0.9225408434867859,0.16885660588741302,0.8373753272758092
complex_loss_matched,easy,101,21.608095951625597,0.5975993871688843,0.43599382042884827,1.4970130194037246
complex_loss_matched,easy,102,39.61564025293768,0.9803783893585205,0.026321031153202057,0.5374961600367952
complex_loss_matched,easy,103,27.070100522476533,0.7446271181106567,0.4715386629104614,1.5488340358967985
complex_loss_matched,easy,104,41.44280364859768,0.9842576384544373,0.017177805304527283,0.45681465849378006
complex_loss_matched,easy,105,37.967176582920956,0.960448145866394,0.10383480787277222,0.6712810148591074
complex_loss_matched,easy,106,39.05587292065542,0.9741292595863342,0.06704612821340561,0.6564002054442205
complex_loss_matched,easy,107,31.258448098949327,0.8578091263771057,0.2714807987213135,1.2467533127802237
complex_loss_matched,easy,108,24.955386799824648,0.6854220628738403,0.44938191771507263,1.534098515041342
complex_loss_matched,easy,109,34.82271294794693,0.9291916489601135,0.18379293382167816,1.007528035491028
complex_loss_matched,easy,110,24.24448743798456,0.6733974814414978,0.4361044764518738,1.4608970753596104
complex_loss_matched,easy,111,23.868128467158627,0.6158296465873718,0.4149734377861023,1.4910911117634724
complex_loss_matched,easy,112,25.760781729009793,0.7429724931716919,0.382458359003067,1.1372906063592538
complex_loss_matched,easy,113,26.994635636532482,0.7598684430122375,0.3572005033493042,1.2749887558417392
complex_loss_matched,easy,114,27.566079991173915,0.8308334350585938,0.2637030780315399,1.1259505335456754
complex_loss_matched,easy,115,31.581264414414278,0.9064115285873413,0.14913633465766907,0.8440572105764611
complex_loss_matched,easy,116,33.127896792074374,0.9251965284347534,0.1139664351940155,0.8547861136611775
complex_loss_matched,easy,117,34.368363075390214,0.944369375705719,0.0756574496626854,0.7168190363751304
complex_loss_matched,easy,118,29.588284981425943,0.8423702120780945,0.21296289563179016,1.050433777939926
complex_loss_matched,easy,119,26.7076228819652,0.7395917773246765,0.2936568856239319,1.3020910448629746
complex_loss_matched,easy,120,35.575625565094526,0.9848027229309082,0.014255090616643429,0.1617405435802329
complex_loss_matched,easy,121,30.74101532929776,0.971551775932312,0.030281562358140945,0.21468366378150763
complex_loss_matched,easy,122,34.62806769736333,0.9831969738006592,0.012986800633370876,0.2160698728937239
complex_loss_matched,easy,123,31.278167366913653,0.9737949967384338,0.02804267778992653,0.19214732517684932
complex_loss_matched,easy,124,39.575540421479104,0.9918901920318604,0.006725791376084089,0.14654478885166503
complex_loss_matched,easy,125,33.748727678768006,0.9798727631568909,0.01838807575404644,0.2109553784710609
complex_loss_matched,easy,126,31.083855137383903,0.9673261642456055,0.024552231654524803,0.24419792065936077
complex_loss_matched,easy,127,31.422814225282757,0.9558221697807312,0.032073646783828735,0.31663022122359397
complex_loss_matched,easy,128,31.543519581537463,0.9653956890106201,0.02405989170074463,0.29527605974736726
complex_loss_matched,easy,129,30.878082091974726,0.9673548936843872,0.02165960520505905,0.31290738595457346
complex_loss_matched,easy,130,50.01683154603688,0.9974570870399475,0.0025376982521265745,0.19942783487887142
complex_loss_matched,easy,131,55.18749039559516,0.9993782043457031,0.0004528373247012496,0.10524414555512256
complex_loss_matched,easy,132,49.78748037385219,0.9981999397277832,0.00233551487326622,0.1793588738261561
complex_loss_matched,easy,133,36.97143673558885,0.9754047989845276,0.035657644271850586,0.4115826496252842
complex_loss_matched,easy,134,36.51410337338707,0.9745343923568726,0.05015967786312103,0.3651429819124245
complex_loss_matched,easy,135,38.43655253535633,0.9780694842338562,0.02652128040790558,0.5831794395060618
complex_loss_matched,easy,136,39.86485402497507,0.9882625341415405,0.007915405556559563,0.4857027038957449
complex_loss_matched,easy,137,46.295176068897916,0.9947815537452698,0.006519591435790062,0.2617411478608033
complex_loss_matched,easy,138,42.888781282284484,0.9864988923072815,0.024999283254146576,0.3144462273107101
complex_loss_matched,easy,139,53.48240648299618,0.9988556504249573,0.0004308883217163384,0.11711089959727912
complex_loss_matched,easy,140,29.50271759807002,0.7824854850769043,0.22434566915035248,1.4923127923883477
complex_loss_matched,easy,141,25.626606464944956,0.6283453702926636,0.311018168926239,1.5285012187676266
complex_loss_matched,easy,142,25.674132333262246,0.6176005005836487,0.2900679409503937,1.4882150318128933
complex_loss_matched,easy,143,27.950882770567453,0.7367929816246033,0.26046448945999146,1.4224376385304816
complex_loss_matched,easy,144,29.38394891251724,0.8063607215881348,0.21852296590805054,1.2899049832118976
complex_loss_matched,easy,145,28.67635041675627,0.7263558506965637,0.2498924732208252,1.3863511879729522
complex_loss_matched,easy,146,29.65850417002762,0.8244415521621704,0.1704551875591278,1.2040583263490625
complex_loss_matched,easy,147,28.40629958036473,0.7148091197013855,0.24825191497802734,1.3575071641599525
complex_loss_matched,easy,148,30.464315166161605,0.7931271195411682,0.1908726692199707,1.1359324626111122
complex_loss_matched,easy,149,28.896014988352114,0.7388315796852112,0.22803185880184174,1.3046133187799998
complex_loss_matched,easy,150,32.661373968126476,0.9566822052001953,0.09247294813394547,0.39576572841271257
complex_loss_matched,easy,151,33.15175174852693,0.959113597869873,0.08907388895750046,0.37625088328207085
complex_loss_matched,easy,152,32.835887810854686,0.959308385848999,0.08168146014213562,0.3800164974618059
complex_loss_matched,easy,153,33.4504954329024,0.9603177309036255,0.08561854064464569,0.38004378204788186
complex_loss_matched,easy,154,33.4628691575353,0.961738646030426,0.08840446174144745,0.37356074104782677
complex_loss_matched,easy,155,32.71802978350893,0.9572494029998779,0.09220140427350998,0.38182317140853056
complex_loss_matched,easy,156,31.86565540902472,0.9519222378730774,0.09934595227241516,0.3857789540222134
complex_loss_matched,easy,157,32.407521163647964,0.955958366394043,0.09329161047935486,0.38963362103909716
complex_loss_matched,easy,158,31.916481420163343,0.9562175869941711,0.09688537567853928,0.39176522668111285
complex_loss_matched,easy,159,32.08155661654243,0.951036274433136,0.09658019244670868,0.4231482193289242
complex_loss_matched,easy,160,33.6318425998473,0.9549660086631775,0.13433630764484406,0.45225048915010335
complex_loss_matched,easy,161,33.49338797455801,0.9553853869438171,0.12666693329811096,0.4494328204262801
complex_loss_matched,easy,162,33.20568584927706,0.953685998916626,0.13156650960445404,0.46417427806061
complex_loss_matched,easy,163,33.11463881066434,0.9533147215843201,0.1322469264268875,0.45778761782855876
complex_loss_matched,easy,164,32.945472973568265,0.9528139233589172,0.13020659983158112,0.4794524663920133
complex_loss_matched,easy,165,33.04965125527882,0.9531023502349854,0.1277361512184143,0.46304436066133986
complex_loss_matched,easy,166,32.76993891078668,0.9511973261833191,0.13128061592578888,0.4809469261456174
complex_loss_matched,easy,167,32.74769417646992,0.9500489234924316,0.13434888422489166,0.4665773019336392
complex_loss_matched,easy,168,32.61216134595768,0.9494532942771912,0.13568270206451416,0.4845141753872964
complex_loss_matched,easy,169,32.52040844188966,0.9473632574081421,0.14426034688949585,0.4741185361615255
complex_loss_matched,easy,170,44.336459884649855,0.9918067455291748,0.005331987049430609,0.14660985985861075
complex_loss_matched,easy,171,37.93428787303159,0.9704508185386658,0.02170347049832344,0.20010359004818654
complex_loss_matched,easy,172,44.571575946309494,0.9908205270767212,0.008570733480155468,0.13233448843792348
complex_loss_matched,easy,173,42.74577765348993,0.9831709265708923,0.017026470974087715,0.1815659706964253
complex_loss_matched,easy,174,33.213558841303076,0.9185003638267517,0.058090243488550186,0.3516728300365721
complex_loss_matched,easy,175,35.337098874439086,0.9433888792991638,0.03872683271765709,0.33642142975436223
complex_loss_matched,easy,176,38.84475199986274,0.9698525667190552,0.024832991883158684,0.2592742406051558
complex_loss_matched,easy,177,36.97177155182475,0.958846926689148,0.02875673770904541,0.337527781990239
complex_loss_matched,easy,178,32.80570282291695,0.9335180521011353,0.05024607852101326,0.41929381629857015
complex_loss_matched,easy,179,38.45784596812929,0.9722134470939636,0.02179289609193802,0.28092872459845714
complex_loss_matched,easy,180,46.04771657016152,0.989520788192749,0.022601597011089325,0.6905604022229412
complex_loss_matched,easy,181,48.247687819820094,0.9932810664176941,0.014214776456356049,0.5461424176213389
complex_loss_matched,easy,182,44.73450379780094,0.9859006404876709,0.03456117957830429,0.7283500942906437
complex_loss_matched,easy,183,47.11826276507311,0.9928268790245056,0.012864328920841217,0.48946125098600857
complex_loss_matched,easy,184,42.33309174422202,0.9899001121520996,0.014159055426716805,0.543168947624191
complex_loss_matched,easy,185,37.11123164060726,0.985549807548523,0.025868717581033707,0.5233613014473486
complex_loss_matched,easy,186,37.22316883196815,0.9844040274620056,0.03414718434214592,0.5397386259865541
complex_loss_matched,easy,187,43.7677042530578,0.9925819039344788,0.014626523479819298,0.4802742710713069
complex_loss_matched,easy,188,44.73695458224036,0.992243230342865,0.013769149780273438,0.5187512401751189
complex_loss_matched,easy,189,46.90238677592156,0.9919975399971008,0.014178648591041565,0.6233138614668791
complex_loss_matched,easy,190,24.96036966339719,0.6233360171318054,0.27097228169441223,1.4818496461795438
complex_loss_matched,easy,191,24.52004169652589,0.6031321883201599,0.29919636249542236,1.4805365023132844
complex_loss_matched,easy,192,24.909939135292483,0.6204540729522705,0.27451983094215393,1.4777031853727873
complex_loss_matched,easy,193,25.26606125582914,0.6329026818275452,0.2597760260105133,1.475800810644488
complex_loss_matched,easy,194,24.180148926177413,0.5861337184906006,0.27867060899734497,1.489864054518308
complex_loss_matched,easy,195,24.227215180309038,0.586677610874176,0.2824377715587616,1.4878976837197573
complex_loss_matched,easy,196,24.847118193723578,0.6126622557640076,0.25112396478652954,1.4707782683444963
complex_loss_matched,easy,197,24.61067793119075,0.6038229465484619,0.2592785060405731,1.4733345219827017
complex_loss_matched,easy,198,27.835138500314915,0.7545585036277771,0.20549313724040985,1.4541930429830778
complex_loss_matched,easy,199,31.227953604602217,0.8691673874855042,0.18156218528747559,1.1374619809173347
complex_loss_matched,easy,200,25.073855331204612,0.6087202429771423,0.24251261353492737,1.3017142739784147
complex_loss_matched,easy,201,24.55749305459928,0.5784693956375122,0.2826405167579651,1.3807097968045712
complex_loss_matched,easy,202,25.026767955715094,0.6364670395851135,0.2611062824726105,1.2211303611860533
complex_loss_matched,easy,203,25.7160876707159,0.655330240726471,0.23314183950424194,1.1846761466547264
complex_loss_matched,easy,204,25.354066655800352,0.636407732963562,0.26327550411224365,1.2307804793160664
complex_loss_matched,easy,205,24.479406759949747,0.5811688303947449,0.2869453728199005,1.3773839677854272
complex_loss_matched,easy,206,24.39729235600577,0.5957234501838684,0.30650031566619873,1.4998223866817064
complex_loss_matched,easy,207,25.983928838986927,0.6784520149230957,0.2099987268447876,1.2044931675990416
complex_loss_matched,easy,208,25.58130881809555,0.6286272406578064,0.24675431847572327,1.4500718005185969
complex_loss_matched,easy,209,25.271989480615492,0.6281276941299438,0.2709883153438568,1.4499146550815167
complex_loss_matched,easy,210,42.22790643915044,0.9849028587341309,0.02553486078977585,0.5277584902369198
complex_loss_matched,easy,211,41.46082255672164,0.9828821420669556,0.026731958612799644,0.5221639343447743
complex_loss_matched,easy,212,41.60826191641996,0.9835508465766907,0.026819009333848953,0.5563727293971676
complex_loss_matched,easy,213,41.39987177156541,0.9835749268531799,0.02456602081656456,0.5206868082731247
complex_loss_matched,easy,214,42.870438157796215,0.9864113330841064,0.019366305321455002,0.5222992761778875
complex_loss_matched,easy,215,42.54626870823594,0.9859027862548828,0.023355944082140923,0.4787310241062162
complex_loss_matched,easy,216,43.18561988812527,0.9872641563415527,0.018041400238871574,0.5066890482009966
complex_loss_matched,easy,217,43.85998327544159,0.9891394972801208,0.015245932154357433,0.48432303256118187
complex_loss_matched,easy,218,44.79913072140402,0.9901878833770752,0.013936403207480907,0.42357863527930784
complex_loss_matched,easy,219,43.945420290675955,0.9894838929176331,0.01920369639992714,0.4199474480226673
complex_loss_matched,easy,220,28.869178115056297,0.9549092650413513,0.03150119632482529,0.4369056631791446
complex_loss_matched,easy,221,27.423600471843535,0.9449601173400879,0.05206184834241867,0.3378797632793078
complex_loss_matched,easy,222,26.031257062046667,0.8800454139709473,0.08520379662513733,0.7193390599005564
complex_loss_matched,easy,223,30.793994908711348,0.9517452120780945,0.04263084754347801,0.35150476244304213
complex_loss_matched,easy,224,27.827273829269664,0.895051896572113,0.08162808418273926,0.6214898725711401
complex_loss_matched,easy,225,27.424336631356468,0.8876014947891235,0.0886019766330719,0.658849749265597
complex_loss_matched,easy,226,29.128253340143168,0.92979496717453,0.07111154496669769,0.4250130444248503
complex_loss_matched,easy,227,25.835873037704967,0.8622715473175049,0.13356640934944153,0.8397666938105175
complex_loss_matched,easy,228,31.756985257048814,0.9670949578285217,0.02225586771965027,0.47049537894382293
complex_loss_matched,easy,229,33.84893090554159,0.9616292715072632,0.04623084515333176,0.5898546144749034
complex_loss_matched,easy,230,31.54792891078906,0.8868392705917358,0.2646525204181671,0.8794888567267932
complex_loss_matched,easy,231,30.43825941634099,0.8625600337982178,0.2924675941467285,0.9221337039271088
complex_loss_matched,easy,232,33.669367159693834,0.9525474905967712,0.09864766150712967,0.5560792203120055
complex_loss_matched,easy,233,36.64646635914923,0.9720979928970337,0.04783916100859642,0.5050393725434665
complex_loss_matched,easy,234,37.04443160832302,0.9797381162643433,0.03759048134088516,0.4187708573393371
complex_loss_matched,easy,235,41.46333489274951,0.9922609329223633,0.011284132488071918,0.2482400248868614
complex_loss_matched,easy,236,39.604447151782686,0.9901413917541504,0.014011040329933167,0.3084776160923039
complex_loss_matched,easy,237,37.78074476051199,0.979527473449707,0.02720813825726509,0.4167869191843588
complex_loss_matched,easy,238,34.55195200232602,0.9691730737686157,0.04971044138073921,0.4372928713280943
complex_loss_matched,easy,239,32.31161227362135,0.9609310030937195,0.06282781064510345,0.5096439315936162
complex_loss_matched,easy,240,28.422020521522875,0.8820823431015015,0.32345569133758545,1.5112156266345427
complex_loss_matched,easy,241,29.016118376558794,0.915360689163208,0.2975826859474182,1.4525672957687163
complex_loss_matched,easy,242,31.864009877584746,0.9147815108299255,0.17658764123916626,1.4318606484317684
complex_loss_matched,easy,243,29.754570299607703,0.8973689079284668,0.31202125549316406,1.4928527232365216
complex_loss_matched,easy,244,28.145704779573354,0.913216769695282,0.2653595209121704,1.5038739204729594
complex_loss_matched,easy,245,29.499425578810254,0.8984147310256958,0.32712429761886597,1.513261711361345
complex_loss_matched,easy,246,31.353815037272206,0.9025108218193054,0.3190465271472931,1.4523520513344705
complex_loss_matched,easy,247,28.803506901516318,0.9359281659126282,0.19323289394378662,1.1442017949170216
complex_loss_matched,easy,248,39.35265133168838,0.9706689715385437,0.09893258661031723,1.0479498853625115
complex_loss_matched,easy,249,30.909437658651786,0.9254850149154663,0.22208012640476227,1.2568722473645613
complex_loss_matched,easy,250,38.89722890105419,0.9803837537765503,0.029169125482439995,0.32323237617544764
complex_loss_matched,easy,251,34.05562559654853,0.9747300148010254,0.020835349336266518,0.3846710812420757
complex_loss_matched,easy,252,32.962060275143614,0.9585992693901062,0.053625065833330154,0.4845497033967998
complex_loss_matched,easy,253,35.413958629884306,0.9800500869750977,0.02111729234457016,0.34850019560347234
complex_loss_matched,easy,254,34.34689757356934,0.964025616645813,0.03563878685235977,0.5214828158321799
complex_loss_matched,easy,255,39.86398909426102,0.9917856454849243,0.006985371001064777,0.30988128993454483
complex_loss_matched,easy,256,39.16431662200449,0.9871957302093506,0.01403744239360094,0.2940521527592404
complex_loss_matched,easy,257,36.67247793666195,0.9700050354003906,0.041676830500364304,0.43573519060673954
complex_loss_matched,easy,258,24.849807492275215,0.7503998279571533,0.22441366314888,0.9171942364158779
complex_loss_matched,easy,259,21.69253673981377,0.5502025485038757,0.35241231322288513,1.2533997466554905
complex_loss_matched,easy,260,34.72802117928551,0.9678430557250977,0.05622107908129692,0.5300566763322313
complex_loss_matched,easy,261,31.779805812340832,0.9432206749916077,0.07972660660743713,0.6401285926172607
complex_loss_matched,easy,262,32.132180100443044,0.9488407969474792,0.07522043585777283,0.6597717405321725
complex_loss_matched,easy,263,28.88059642700341,0.9211208820343018,0.0957379937171936,0.6625668013498757
complex_loss_matched,easy,264,27.46953334029454,0.9331059455871582,0.09594138711690903,0.6432333153882716
complex_loss_matched,easy,265,29.25846573268142,0.9199204444885254,0.10230590403079987,0.6877040498161816
complex_loss_matched,easy,266,32.61108112282888,0.9440508484840393,0.07850916683673859,0.6204206072380871
complex_loss_matched,easy,267,29.69551123071451,0.9182385802268982,0.10205323249101639,0.6760916546323799
complex_loss_matched,easy,268,32.071928648941906,0.9522229433059692,0.07940584421157837,0.5942585538373867
complex_loss_matched,easy,269,33.18782104878754,0.9602804183959961,0.06668061017990112,0.5423130449650593
complex_loss_matched,easy,270,34.21213836358462,0.9769699573516846,0.02318517304956913,0.3215346390829832
complex_loss_matched,easy,271,36.630981754899274,0.9756330251693726,0.03235383331775665,0.32078213465968125
complex_loss_matched,easy,272,37.10026807450478,0.9827215671539307,0.015268252231180668,0.26086439166514874
complex_loss_matched,easy,273,32.43006158394763,0.9603939652442932,0.03256254643201828,0.2587098693952349
complex_loss_matched,easy,274,36.54085273512456,0.9804198145866394,0.02244933322072029,0.2814771699403207
complex_loss_matched,easy,275,35.69176019419896,0.9739291667938232,0.027373449876904488,0.2705492732756673
complex_loss_matched,easy,276,33.95549818668211,0.9707939028739929,0.028539195656776428,0.2582978888588932
complex_loss_matched,easy,277,34.081298280117664,0.9624537825584412,0.036607567220926285,0.3068841888011344
complex_loss_matched,easy,278,33.58195001633072,0.9566825032234192,0.04111599177122116,0.32430342069598206
complex_loss_matched,easy,279,36.561485747941056,0.9685276746749878,0.045719169080257416,0.2991329366867786
complex_loss_matched,easy,280,21.99820796021541,0.5324490070343018,0.3504600524902344,1.5102458091031261
complex_loss_matched,easy,281,21.547472361469744,0.5252952575683594,0.35814914107322693,1.5272378785627392
complex_loss_matched,easy,282,21.156633348004938,0.4975365400314331,0.3689456582069397,1.5413744451735238
complex_loss_matched,easy,283,20.869627772974933,0.4932813346385956,0.3806121349334717,1.5253379099430802
complex_loss_matched,easy,284,21.919972509655935,0.5329259037971497,0.33223313093185425,1.4736965362368668
complex_loss_matched,easy,285,21.477628567103686,0.5195518136024475,0.32680004835128784,1.5252734178282346
complex_loss_matched,easy,286,21.417073992061674,0.4986961781978607,0.33635494112968445,1.565473198031965
complex_loss_matched,easy,287,22.743907219965035,0.552075982093811,0.2911193072795868,1.5311650327785655
complex_loss_matched,easy,288,23.168115544608156,0.5696107149124146,0.291836678981781,1.518418144604885
complex_loss_matched,easy,289,23.29878161488695,0.5591610670089722,0.29104918241500854,1.4443089381564578
complex_loss_matched,easy,290,21.833598766262668,0.5810154676437378,0.45795896649360657,1.4911415426024985
complex_loss_matched,easy,291,21.600580280406344,0.5976588129997253,0.453054815530777,1.511352305803178
complex_loss_matched,easy,292,19.79058003589092,0.5062960386276245,0.5044195652008057,1.5576336655833805
complex_loss_matched,easy,293,20.213723631727838,0.5316023826599121,0.5026975870132446,1.518599443669662
complex_loss_matched,easy,294,21.221911933667158,0.6024829149246216,0.49960315227508545,1.452970136796363
complex_loss_matched,easy,295,21.582864587194006,0.6447247266769409,0.49146801233291626,1.4889655560227897
complex_loss_matched,easy,296,22.21777261961229,0.6802580952644348,0.4300965666770935,1.5086272658098434
complex_loss_matched,easy,297,21.858898144706792,0.6480597257614136,0.48576679825782776,1.525897973923897
complex_loss_matched,easy,298,19.683942229451986,0.5223985910415649,0.556225597858429,1.4959635034110554
complex_loss_matched,easy,299,20.998122226723737,0.5389490127563477,0.5228213667869568,1.4951917294404955
complex_loss_matched,easy,300,40.94538443101545,0.9932960867881775,0.015153068117797375,0.42866612518980246
complex_loss_matched,easy,301,33.64808964428294,0.9597781300544739,0.08359687030315399,0.8241108110614793
complex_loss_matched,easy,302,33.15901916816416,0.954044759273529,0.11463166773319244,0.7525301601040848
complex_loss_matched,easy,303,32.87645347787867,0.9557157754898071,0.0957338884472847,0.8096014133552846
complex_loss_matched,easy,304,32.83046853852917,0.9586411118507385,0.09797725081443787,0.6950936433399854
complex_loss_matched,easy,305,33.027204495118895,0.9559528827667236,0.10370664298534393,0.800532466273668
complex_loss_matched,easy,306,33.31655830809688,0.9592636227607727,0.10045032948255539,0.7238302342195309
complex_loss_matched,easy,307,33.27093851514248,0.959871232509613,0.09499044716358185,0.7961494946302285
complex_loss_matched,easy,308,34.19133924303977,0.966045618057251,0.07748378068208694,0.7630354427762178
complex_loss_matched,easy,309,37.43773752493381,0.9779781699180603,0.04794986918568611,0.6844081657092939
complex_loss_matched,extreme,0,17.447008195065333,0.3866729438304901,0.6086792945861816,1.5518742494645446
complex_loss_matched,extreme,1,18.329600983567516,0.40350663661956787,0.5336638689041138,1.5598773403376607
complex_loss_matched,extreme,2,21.733187507573298,0.5011619925498962,0.4665583670139313,1.5457879359788536
complex_loss_matched,extreme,3,21.263103586357165,0.431866854429245,0.4836564362049103,1.5358104222279245
complex_loss_matched,extreme,4,20.4400301418638,0.45430025458335876,0.45488956570625305,1.5468023239503947
complex_loss_matched,extreme,5,21.34442660030292,0.47991743683815,0.5040539503097534,1.5160304388616643
complex_loss_matched,extreme,6,18.419562915253206,0.3927239775657654,0.5729317665100098,1.5434676456191518
complex_loss_matched,extreme,7,20.738928218271028,0.4667893648147583,0.45393338799476624,1.5192466638489932
complex_loss_matched,extreme,8,20.494380379353863,0.4814968407154083,0.41890889406204224,1.511793937715506
complex_loss_matched,extreme,9,23.24951914387013,0.6419386267662048,0.34354329109191895,1.2410941289408703
complex_loss_matched,extreme,10,17.03875501776604,0.4281783401966095,0.5307588577270508,1.498373819858167
complex_loss_matched,extreme,11,22.15999790834792,0.5932230353355408,0.4214158058166504,1.4258874490063362
complex_loss_matched,extreme,12,18.978549330060886,0.45238155126571655,0.4892583191394806,1.5318645125511257
complex_loss_matched,extreme,13,20.43349476991752,0.53962242603302,0.4531470239162445,1.4658238085947453
complex_loss_matched,extreme,14,19.08202928785116,0.47251033782958984,0.46338146924972534,1.5004930211384317
complex_loss_matched,extreme,15,22.123002017265804,0.5718981027603149,0.43628183007240295,1.4720029612082186
complex_loss_matched,extreme,16,21.452950496099568,0.5822126269340515,0.3786501884460449,1.433692290520827
complex_loss_matched,extreme,17,20.368020319277967,0.5137940645217896,0.43679410219192505,1.4566006931313311
complex_loss_matched,extreme,18,15.611844531939528,0.29563504457473755,0.5871214866638184,1.544248584192757
complex_loss_matched,extreme,19,17.6616277653925,0.37971118092536926,0.5254932641983032,1.52897217620265
complex_loss_matched,extreme,20,16.87478789097748,0.41412317752838135,0.5528427958488464,1.5389567853287502
complex_loss_matched,extreme,21,16.82540947389268,0.46814629435539246,0.5557229518890381,1.5451909451298382
complex_loss_matched,extreme,22,18.759991346458584,0.5492126941680908,0.5234942436218262,1.532809424938436
complex_loss_matched,extreme,23,19.965047037074125,0.5666190385818481,0.5382472276687622,1.5293554131387157
complex_loss_matched,extreme,24,19.957227364173804,0.5660514831542969,0.522518515586853,1.5487148625638547
complex_loss_matched,extreme,25,21.142434820466672,0.6180260181427002,0.5438307523727417,1.523354223746302
complex_loss_matched,extreme,26,18.713108422074214,0.5252625942230225,0.5941832065582275,1.5383050866980617
complex_loss_matched,extreme,27,18.380671542731474,0.5488739013671875,0.5909233689308167,1.5291006533622327
complex_loss_matched,extreme,28,17.774193850907203,0.5224235653877258,0.5838918685913086,1.5326889326197872
complex_loss_matched,extreme,29,17.337775073838316,0.5143106579780579,0.5683339834213257,1.5192507711424241
complex_loss_matched,extreme,30,17.3284050953584,0.31782761216163635,0.3965693712234497,1.5015126486968404
complex_loss_matched,extreme,31,18.230820767578724,0.3701692223548889,0.35251662135124207,1.4632717290533765
complex_loss_matched,extreme,32,19.11081016891609,0.3991772532463074,0.3454698324203491,1.4974338306799657
complex_loss_matched,extreme,33,21.22903277950496,0.5756784677505493,0.24336232244968414,1.290126795867746
complex_loss_matched,extreme,34,21.26110479223755,0.5413589477539062,0.26518434286117554,1.3924354938631263
complex_loss_matched,extreme,35,20.91801837557522,0.5398833751678467,0.23758286237716675,1.378015816168358
complex_loss_matched,extreme,36,25.48504952514703,0.7620733976364136,0.1689596325159073,1.062721055969333
complex_loss_matched,extreme,37,20.666707970217132,0.5207979679107666,0.2641047537326813,1.3024113062947176
complex_loss_matched,extreme,38,21.428421977990112,0.6086214780807495,0.1866682767868042,1.3398945474291366
complex_loss_matched,extreme,39,24.991186486493007,0.7262030839920044,0.2046036422252655,1.1962020179105375
complex_loss_matched,extreme,40,21.84909589446075,0.49262577295303345,0.4324181079864502,1.4876665758314151
complex_loss_matched,extreme,41,21.014917761555377,0.44907546043395996,0.5251222252845764,1.5475519137111207
complex_loss_matched,extreme,42,20.19689570634775,0.4278973937034607,0.5180964469909668,1.551854402998363
complex_loss_matched,extreme,43,22.66567389762119,0.5303930044174194,0.45514124631881714,1.4967155386881394
complex_loss_matched,extreme,44,21.135971659946236,0.47835248708724976,0.4392237961292267,1.54450288354215
complex_loss_matched,extreme,45,20.400275780794725,0.45914870500564575,0.4698624014854431,1.5378340376211928
complex_loss_matched,extreme,46,18.496903288063095,0.46726498007774353,0.5575252175331116,1.5358286731951558
complex_loss_matched,extreme,47,18.47304754714927,0.5013886094093323,0.5127922296524048,1.5036774069542933
complex_loss_matched,extreme,48,18.80147174522392,0.3927851915359497,0.5301638841629028,1.5610455025656746
complex_loss_matched,extreme,49,17.58155869025704,0.35796937346458435,0.5769420266151428,1.5390127844181898
complex_loss_matched,extreme,50,17.21965769847522,0.32986941933631897,0.5622097849845886,1.5370589280299436
complex_loss_matched,extreme,51,16.81516570135645,0.26514095067977905,0.5372959971427917,1.5501073639184877
complex_loss_matched,extreme,52,17.391108718883203,0.2566765248775482,0.4894467890262604,1.550629596051292
complex_loss_matched,extreme,53,17.09930119774024,0.26373666524887085,0.5394931435585022,1.555946413785109
complex_loss_matched,extreme,54,18.82848452545047,0.33485379815101624,0.5125066041946411,1.5395644887792876
complex_loss_matched,extreme,55,17.912886617362002,0.27793291211128235,0.5173354744911194,1.5455017972249403
complex_loss_matched,extreme,56,20.04206317806103,0.42305460572242737,0.4303903877735138,1.5287527495130016
complex_loss_matched,extreme,57,17.626531738940212,0.30901098251342773,0.5216541886329651,1.5556460453036376
complex_loss_matched,extreme,58,16.241848147244017,0.25894370675086975,0.5623854994773865,1.5519312768803595
complex_loss_matched,extreme,59,16.270217283583456,0.29479068517684937,0.5527013540267944,1.556045041765052
complex_loss_matched,extreme,60,18.413327263003318,0.33186349272727966,0.4568813145160675,1.5435676020353786
complex_loss_matched,extreme,61,18.451464268201978,0.357342392206192,0.49195191264152527,1.5379008823342308
complex_loss_matched,extreme,62,14.37775762894507,0.2250109612941742,0.6077702045440674,1.5565226095148825
complex_loss_matched,extreme,63,17.060499917393624,0.24854739010334015,0.5197667479515076,1.5294334387806574
complex_loss_matched,extreme,64,18.055271548109705,0.3071935474872589,0.5027148127555847,1.5427137315867385
complex_loss_matched,extreme,65,14.835104179988011,0.21327711641788483,0.5804363489151001,1.555449139207868
complex_loss_matched,extreme,66,16.181926931049208,0.23313507437705994,0.506669282913208,1.5389849354986342
complex_loss_matched,extreme,67,16.18932093567,0.21577301621437073,0.5227851271629333,1.5501914868326345
complex_loss_matched,extreme,68,13.530340964335181,0.19345583021640778,0.5960460901260376,1.563183051893809
complex_loss_matched,extreme,69,16.8336218462709,0.244724839925766,0.48062455654144287,1.5527607668814956
complex_loss_matched,extreme,70,15.852852063455805,0.23042304813861847,0.4365466237068176,1.559734408047466
complex_loss_matched,extreme,71,13.847040273703863,0.18963566422462463,0.5821967124938965,1.5611494600364377
complex_loss_matched,extreme,72,14.047980501323597,0.21214640140533447,0.5821396708488464,1.5627017040678979
complex_loss_matched,extreme,73,14.764994434648159,0.2565418481826782,0.5723468661308289,1.5629288741426686
complex_loss_matched,extreme,74,15.884400130079236,0.2696186304092407,0.5191860198974609,1.558037046421538
complex_loss_matched,extreme,75,19.59654865400829,0.44365859031677246,0.43389537930488586,1.4964594994141212
complex_loss_matched,extreme,76,14.81365327099664,0.2626382112503052,0.6021503806114197,1.5603353223285799
complex_loss_matched,extreme,77,16.47814085087634,0.2908617854118347,0.532126784324646,1.5474800073911152
complex_loss_matched,extreme,78,17.16933321317742,0.32618099451065063,0.4526597857475281,1.5453241516513276
complex_loss_matched,extreme,79,19.30048110579836,0.4193057417869568,0.48750805854797363,1.4459170426685173
complex_loss_matched,extreme,80,20.55832102166407,0.34711629152297974,0.4241943657398224,1.5440623489249556
complex_loss_matched,extreme,81,21.478322343899446,0.5122226476669312,0.32336390018463135,1.470441989634427
complex_loss_matched,extreme,82,16.462343706122404,0.27812403440475464,0.5925984978675842,1.5585944699713776
complex_loss_matched,extreme,83,16.074752673226524,0.2692168951034546,0.620302677154541,1.5584204164522257
complex_loss_matched,extreme,84,16.428166873235647,0.2803210914134979,0.5843371152877808,1.563815606114425
complex_loss_matched,extreme,85,17.25962911866286,0.2814252972602844,0.546412467956543,1.5626805707969398
complex_loss_matched,extreme,86,18.87946000143637,0.33335554599761963,0.5527802109718323,1.5566817570023346
complex_loss_matched,extreme,87,20.255515513291876,0.4632718861103058,0.5169983506202698,1.5115179637038023
complex_loss_matched,extreme,88,17.723781430949415,0.31452488899230957,0.5791450142860413,1.5512230714058217
complex_loss_matched,extreme,89,17.481164840828466,0.2853352427482605,0.5240055322647095,1.5466606943285368
complex_loss_matched,extreme,90,16.503564476173167,0.2631739675998688,0.43164655566215515,1.5418561113573528
complex_loss_matched,extreme,91,13.434113971823809,0.2245648205280304,0.5927060842514038,1.552406876405735
complex_loss_matched,extreme,92,13.604387418080588,0.24254727363586426,0.6241093277931213,1.5485940153988367
complex_loss_matched,extreme,93,14.414910058621384,0.24885991215705872,0.6036311388015747,1.5563137309433726
complex_loss_matched,extreme,94,18.313858972596307,0.3627866506576538,0.4999515414237976,1.5402798058075888
complex_loss_matched,extreme,95,18.061226662312393,0.32886505126953125,0.5074924826622009,1.5472550525768807
complex_loss_matched,extreme,96,19.180526894083858,0.3669527769088745,0.5116387009620667,1.5454935520737496
complex_loss_matched,extreme,97,15.360586592951703,0.2828209102153778,0.5946720242500305,1.5657090520454044
complex_loss_matched,extreme,98,16.341894723979365,0.34032151103019714,0.5892140865325928,1.5522519744437517
complex_loss_matched,extreme,99,16.138509850392655,0.32588112354278564,0.4856332540512085,1.5572784216395732
complex_loss_matched,extreme,100,16.332747867868477,0.44693806767463684,0.6882140636444092,1.5362185246999769
complex_loss_matched,extreme,101,15.033778214961057,0.41013070940971375,0.6896060705184937,1.5218794452541466
complex_loss_matched,extreme,102,21.146485340996403,0.5407296419143677,0.5831769704818726,1.4967295555481999
complex_loss_matched,extreme,103,17.893939320074516,0.47411593794822693,0.6334406733512878,1.5554935702744015
complex_loss_matched,extreme,104,25.310041424371583,0.7070090770721436,0.49489444494247437,1.407009101572826
complex_loss_matched,extreme,105,20.978721751003874,0.5646156072616577,0.6083773374557495,1.5135675009570955
complex_loss_matched,extreme,106,20.130056022870907,0.5430700182914734,0.5836518406867981,1.5431287111508682
complex_loss_matched,extreme,107,17.728562572344533,0.4970094561576843,0.59712153673172,1.5535867094210352
complex_loss_matched,extreme,108,17.622422066952584,0.4956282675266266,0.602527916431427,1.5332083935026406
complex_loss_matched,extreme,109,17.617158531835038,0.5237341523170471,0.5911582708358765,1.5496079342176916
complex_loss_matched,extreme,110,16.708277331299044,0.46025678515434265,0.6166232228279114,1.5353372675339474
complex_loss_matched,extreme,111,16.431199945174512,0.37099745869636536,0.643789529800415,1.5206175919472333
complex_loss_matched,extreme,112,18.43045547314798,0.45318153500556946,0.6312928199768066,1.521068578120988
complex_loss_matched,extreme,113,20.461968941106345,0.47208601236343384,0.5704015493392944,1.5271293921733762
complex_loss_matched,extreme,114,21.432599553561992,0.541203498840332,0.5333409309387207,1.5199985894347463
complex_loss_matched,extreme,115,22.29023016161856,0.5468224287033081,0.48458391427993774,1.4971051264712048
complex_loss_matched,extreme,116,22.12619758881842,0.5306934118270874,0.48191776871681213,1.5015989396261447
complex_loss_matched,extreme,117,23.74109027101452,0.6161680817604065,0.4082944691181183,1.433568768755818
complex_loss_matched,extreme,118,20.26333167559661,0.48001012206077576,0.5251388549804688,1.5104899270842793
complex_loss_matched,extreme,119,18.47372971514137,0.39766284823417664,0.5339117050170898,1.5152088877083847
complex_loss_matched,extreme,120,23.27386155548506,0.8515270352363586,0.13590899109840393,0.5863186634833274
complex_loss_matched,extreme,121,23.37912422296276,0.7859781384468079,0.18549662828445435,0.8341744250322559
complex_loss_matched,extreme,122,24.109160008968512,0.838961124420166,0.12559591233730316,0.6744149027342564
complex_loss_matched,extreme,123,23.185127180526464,0.8574241995811462,0.12257298082113266,0.5484903683238284
complex_loss_matched,extreme,124,27.110282216246233,0.8934729099273682,0.0803186222910881,0.5135634262340737
complex_loss_matched,extreme,125,23.82162918324088,0.8599419593811035,0.11542272567749023,0.5469079278881811
complex_loss_matched,extreme,126,22.031376154207262,0.8266624808311462,0.16609348356723785,0.6250598549926051
complex_loss_matched,extreme,127,22.484173201593546,0.7734718918800354,0.22795383632183075,0.7372326922012474
complex_loss_matched,extreme,128,21.475960375348016,0.7347148060798645,0.22718378901481628,0.8379592590028407
complex_loss_matched,extreme,129,25.485545824470762,0.8732395768165588,0.0912742093205452,0.6021773599950585
complex_loss_matched,extreme,130,34.64142520094804,0.9780282378196716,0.024758784100413322,0.4347305192487985
complex_loss_matched,extreme,131,38.31708318171365,0.9824494123458862,0.015213899314403534,0.4462921860684899
complex_loss_matched,extreme,132,34.885884885009155,0.9792106747627258,0.018311597406864166,0.38808543220301445
complex_loss_matched,extreme,133,25.6186054650814,0.9127284288406372,0.11689376831054688,0.6369588065230785
complex_loss_matched,extreme,134,26.371936084558246,0.9196417927742004,0.11434413492679596,0.5058453546526095
complex_loss_matched,extreme,135,26.80092718230486,0.911111056804657,0.10445331782102585,0.9571573523360163
complex_loss_matched,extreme,136,30.98109980628974,0.9243987202644348,0.06729167699813843,1.0255039646832653
complex_loss_matched,extreme,137,29.96879570474153,0.9409728646278381,0.06875896453857422,0.6376681393782994
complex_loss_matched,extreme,138,28.685683916233113,0.9204177856445312,0.10729694366455078,0.6664014996958814
complex_loss_matched,extreme,139,36.13801078514783,0.9632395505905151,0.05570646747946739,0.5057495329776759
complex_loss_matched,extreme,140,20.08531264736394,0.5653908848762512,0.47140195965766907,1.5414153273252529
complex_loss_matched,extreme,141,17.532700299819805,0.5095775723457336,0.5475049018859863,1.5491808101062665
complex_loss_matched,extreme,142,16.364699744112063,0.47187620401382446,0.5583099722862244,1.5402834512994017
complex_loss_matched,extreme,143,17.888307575804955,0.4621305763721466,0.5059414505958557,1.53713795256916
complex_loss_matched,extreme,144,18.9275863297037,0.46482715010643005,0.46907344460487366,1.5383322754925903
complex_loss_matched,extreme,145,18.81371594219809,0.47318726778030396,0.4971236288547516,1.545810280528105
complex_loss_matched,extreme,146,19.427436446028057,0.5141482949256897,0.44736549258232117,1.5414041259404563
complex_loss_matched,extreme,147,20.36194841570702,0.4949173033237457,0.45339447259902954,1.543431949175073
complex_loss_matched,extreme,148,21.500030553612493,0.5205667614936829,0.4191390872001648,1.564679129508363
complex_loss_matched,extreme,149,20.93214510936997,0.4903174340724945,0.45207318663597107,1.5354063755521896
complex_loss_matched,extreme,150,21.882760916708648,0.8869016170501709,0.2191542536020279,0.5154757174283587
complex_loss_matched,extreme,151,22.293263860061565,0.8915991187095642,0.20607474446296692,0.517455596401521
complex_loss_matched,extreme,152,22.106210853050946,0.8845951557159424,0.2283262461423874,0.5299742985028598
complex_loss_matched,extreme,153,22.321111559681867,0.8850469589233398,0.22644807398319244,0.4999298302191651
complex_loss_matched,extreme,154,22.016923602813673,0.8872218728065491,0.2266039252281189,0.49783891343672027
complex_loss_matched,extreme,155,21.708122688536086,0.894173264503479,0.21568819880485535,0.4836742217229824
complex_loss_matched,extreme,156,21.555501860199993,0.889269232749939,0.227713942527771,0.4805570836572813
complex_loss_matched,extreme,157,21.647951501707144,0.8912081718444824,0.2138952612876892,0.5019894127374309
complex_loss_matched,extreme,158,21.892880313143305,0.8922011852264404,0.21054135262966156,0.5060168681011241
complex_loss_matched,extreme,159,21.823628099386294,0.8826755285263062,0.22943386435508728,0.5216504530581431
complex_loss_matched,extreme,160,21.91513970628798,0.8819006681442261,0.26591959595680237,0.5216185430285035
complex_loss_matched,extreme,161,21.92163773386777,0.8804158568382263,0.26693999767303467,0.5225634068403114
complex_loss_matched,extreme,162,21.8209769098172,0.8788642883300781,0.2747083008289337,0.538233205568193
complex_loss_matched,extreme,163,21.740084968192633,0.8766239881515503,0.28382086753845215,0.5189638667006305
complex_loss_matched,extreme,164,21.58924143803882,0.8744311332702637,0.28379908204078674,0.5460524838856639
complex_loss_matched,extreme,165,21.54829206170051,0.8735955953598022,0.2822006940841675,0.5201273839968616
complex_loss_matched,extreme,166,21.368779419073803,0.8723013401031494,0.27827900648117065,0.5431614252907027
complex_loss_matched,extreme,167,21.316240812240128,0.8722259998321533,0.2834598124027252,0.5212077084915184
complex_loss_matched,extreme,168,21.231611379731593,0.8709291219711304,0.288053035736084,0.5489798911297804
complex_loss_matched,extreme,169,21.208630134931013,0.8720759153366089,0.2850925028324127,0.5217656314382128
complex_loss_matched,extreme,170,31.00938096177458,0.8960614204406738,0.063413605093956,0.465675756243156
complex_loss_matched,extreme,171,31.360400678980405,0.8911315202713013,0.0649670660495758,0.3913246244404153
complex_loss_matched,extreme,172,32.431103011698156,0.8942302465438843,0.06472475826740265,0.429879559254585
complex_loss_matched,extreme,173,29.7879415279263,0.8508890271186829,0.08553732186555862,0.4527681413424931
complex_loss_matched,extreme,174,25.438372196500623,0.7880642414093018,0.1720503717660904,0.5381147827262819
complex_loss_matched,extreme,175,26.034159517766753,0.796450138092041,0.16105812788009644,0.5203714723840883
complex_loss_matched,extreme,176,28.694483863382608,0.840462327003479,0.11006943881511688,0.49547213102784804
complex_loss_matched,extreme,177,26.804423162771435,0.8048370480537415,0.15801776945590973,0.6972072951309841
complex_loss_matched,extreme,178,23.380465199601655,0.8059617877006531,0.16652530431747437,0.6972652175183427
complex_loss_matched,extreme,179,26.976015003198526,0.8362988829612732,0.11921116709709167,0.5625621873741947
complex_loss_matched,extreme,180,32.05107369338548,0.9114157557487488,0.2048354595899582,1.3891133820118773
complex_loss_matched,extreme,181,32.74543604772619,0.922297477722168,0.18409918248653412,1.269492419250987
complex_loss_matched,extreme,182,31.311699347186483,0.9228540062904358,0.15700891613960266,1.1748888429676532
complex_loss_matched,extreme,183,33.72819486768101,0.9343724250793457,0.1631310135126114,1.1151656056736305
complex_loss_matched,extreme,184,33.493437701117806,0.924614429473877,0.1671517938375473,1.3009209316113
complex_loss_matched,extreme,185,31.286704004551748,0.91646808385849,0.18319888412952423,1.397601769607195
complex_loss_matched,extreme,186,29.858906942064923,0.9349074959754944,0.16244515776634216,1.1561964616056668
complex_loss_matched,extreme,187,30.252041797954035,0.9318575859069824,0.16844962537288666,1.189027289316271
complex_loss_matched,extreme,188,29.00718935631213,0.9148507118225098,0.2001771628856659,1.3402732629748861
complex_loss_matched,extreme,189,30.3158725033201,0.896830677986145,0.22988396883010864,1.4318102878052557
complex_loss_matched,extreme,190,18.308934284010054,0.4380015432834625,0.46755486726760864,1.5427554555950653
complex_loss_matched,extreme,191,17.92337489280712,0.4272042512893677,0.4767117500305176,1.552666657758218
complex_loss_matched,extreme,192,18.107113925162214,0.4295688569545746,0.4769699275493622,1.5464309587224376
complex_loss_matched,extreme,193,18.07966071865734,0.42734667658805847,0.474465548992157,1.5442171536108817
complex_loss_matched,extreme,194,17.648073297340787,0.4140382409095764,0.48406511545181274,1.5512212832384629
complex_loss_matched,extreme,195,17.69155855292563,0.41617605090141296,0.4778464734554291,1.5494978782430435
complex_loss_matched,extreme,196,17.643411874464185,0.4168073236942291,0.4652848243713379,1.5522415314065607
complex_loss_matched,extreme,197,17.994586726734973,0.41849637031555176,0.4541114866733551,1.5540259848697717
complex_loss_matched,extreme,198,18.88310386544749,0.43052178621292114,0.4346354603767395,1.5445462049502623
complex_loss_matched,extreme,199,19.29378625962731,0.4382573366165161,0.412271112203598,1.5469183502418513
complex_loss_matched,extreme,200,17.740240175914032,0.3470900058746338,0.5255427360534668,1.5558509013652415
complex_loss_matched,extreme,201,17.555472766394537,0.3429081439971924,0.5317054390907288,1.5648527711412035
complex_loss_matched,extreme,202,17.72300559695962,0.3489120602607727,0.523655354976654,1.5566469311411286
complex_loss_matched,extreme,203,18.163174716839737,0.36120671033859253,0.5250946283340454,1.5680748026838405
complex_loss_matched,extreme,204,17.980039889884473,0.35442057251930237,0.5172346830368042,1.564803548718002
complex_loss_matched,extreme,205,17.81773403390206,0.35707995295524597,0.5501691102981567,1.5671819893535588
complex_loss_matched,extreme,206,17.777045363135496,0.35677340626716614,0.5659099221229553,1.5657663986132537
complex_loss_matched,extreme,207,18.52607173193266,0.39162760972976685,0.5045916438102722,1.5236592582589534
complex_loss_matched,extreme,208,18.1708415898417,0.3667007386684418,0.5315719246864319,1.5637283959830748
complex_loss_matched,extreme,209,18.19105093292634,0.37885716557502747,0.5331330299377441,1.5625231530936319
complex_loss_matched,extreme,210,26.92449203470252,0.7388895750045776,0.3381044268608093,1.5662481632027683
complex_loss_matched,extreme,211,26.632090841387253,0.7369492650032043,0.33535706996917725,1.5771756194923519
complex_loss_matched,extreme,212,26.242421052715056,0.7297068238258362,0.3323955237865448,1.5456634244313359
complex_loss_matched,extreme,213,26.8331808559193,0.7457826137542725,0.3290371894836426,1.608271756248671
complex_loss_matched,extreme,214,27.30735688478079,0.7390526533126831,0.3200118839740753,1.5899161423909831
complex_loss_matched,extreme,215,27.558250802124242,0.7366442084312439,0.3084341585636139,1.609660382345944
complex_loss_matched,extreme,216,26.842329768703674,0.7105682492256165,0.3381775915622711,1.554426788896734
complex_loss_matched,extreme,217,27.745355528076907,0.7390583753585815,0.304662823677063,1.5800639790210071
complex_loss_matched,extreme,218,27.76677061463807,0.7306971549987793,0.29112860560417175,1.585742313671983
complex_loss_matched,extreme,219,27.61613734501612,0.7238827347755432,0.29233217239379883,1.559376800101159
complex_loss_matched,extreme,220,21.491365262704974,0.757706880569458,0.20463261008262634,0.9758957557961877
complex_loss_matched,extreme,221,18.37652628531809,0.5962319374084473,0.35739749670028687,1.3489754281788489
complex_loss_matched,extreme,222,17.183475144130004,0.49419334530830383,0.3937394320964813,1.4503693565128766
complex_loss_matched,extreme,223,18.69036096614795,0.5864235758781433,0.31832021474838257,1.1522774148069337
complex_loss_matched,extreme,224,17.801906945010202,0.4035904109477997,0.3821169435977936,1.5191069466215599
complex_loss_matched,extreme,225,17.689077135037007,0.36872372031211853,0.4101635217666626,1.5296772146022155
complex_loss_matched,extreme,226,16.834765645050407,0.33267199993133545,0.4508315324783325,1.5366093559006229
complex_loss_matched,extreme,227,17.291168528194394,0.3530772924423218,0.43857622146606445,1.4681706336265028
complex_loss_matched,extreme,228,17.215251171939315,0.3084445893764496,0.41806402802467346,1.498936909503338
complex_loss_matched,extreme,229,17.532461513055342,0.32697564363479614,0.3825482428073883,1.489640706658472
complex_loss_matched,extreme,230,19.717140017036606,0.5036472678184509,0.5502436757087708,1.5456259143816815
complex_loss_matched,extreme,231,19.099118455772185,0.4892618954181671,0.5301344990730286,1.5546021669381498
complex_loss_matched,extreme,232,19.28141593824746,0.4505598545074463,0.5163813233375549,1.5695633613424
complex_loss_matched,extreme,233,21.642510646724894,0.552722156047821,0.4773719906806946,1.5658952382758355
complex_loss_matched,extreme,234,22.641299921383876,0.6213903427124023,0.3612035810947418,1.4424167829464398
complex_loss_matched,extreme,235,27.68527488363189,0.8917622566223145,0.1805248260498047,0.686242532745064
complex_loss_matched,extreme,236,24.57909375558672,0.6732253432273865,0.3793332576751709,1.3286406206904504
complex_loss_matched,extreme,237,21.905366325384087,0.5452621579170227,0.4064335227012634,1.4891995792454444
complex_loss_matched,extreme,238,24.017393479262346,0.8637259602546692,0.2557515501976013,0.7368561666012986
complex_loss_matched,extreme,239,22.573367345624305,0.7989916205406189,0.33109721541404724,0.997715778799383
complex_loss_matched,extreme,240,19.536559470570243,0.8281378149986267,0.46605047583580017,1.5677437913891534
complex_loss_matched,extreme,241,22.538856782431562,0.8701640367507935,0.38657867908477783,1.5681895690613066
complex_loss_matched,extreme,242,23.04162761047059,0.8639670014381409,0.3830112814903259,1.5638925573662454
complex_loss_matched,extreme,243,19.925039460389854,0.8489619493484497,0.46159347891807556,1.5622929673206134
complex_loss_matched,extreme,244,17.825897511537857,0.8493762016296387,0.45918431878089905,1.5673962264679082
complex_loss_matched,extreme,245,19.38490148229107,0.8474876880645752,0.4258362054824829,1.5573413719801739
complex_loss_matched,extreme,246,21.738733270896162,0.8429736495018005,0.40184086561203003,1.5508304085832822
complex_loss_matched,extreme,247,21.06072942714768,0.8485336899757385,0.4238208532333374,1.5510082227603081
complex_loss_matched,extreme,248,24.77842787687077,0.8550329208374023,0.3777884244918823,1.542406895752076
complex_loss_matched,extreme,249,21.167537769666637,0.8543986082077026,0.41461554169654846,1.526360107475063
complex_loss_matched,extreme,250,21.922201870668083,0.5164756774902344,0.32312580943107605,1.291469346623565
complex_loss_matched,extreme,251,20.907793112721144,0.4922080338001251,0.34348660707473755,1.2275588373249695
complex_loss_matched,extreme,252,20.25436299976274,0.5674303770065308,0.35078591108322144,1.1929597608674845
complex_loss_matched,extreme,253,21.019738159036656,0.6196513772010803,0.2933281660079956,1.1674535008331433
complex_loss_matched,extreme,254,20.57076408878688,0.4472966492176056,0.3762965202331543,1.3275867530790872
complex_loss_matched,extreme,255,26.249968238077738,0.8902992010116577,0.08510766178369522,0.7519624581663956
complex_loss_matched,extreme,256,22.43588909120897,0.6779517531394958,0.21985654532909393,1.2093381726763182
complex_loss_matched,extreme,257,19.74883143976822,0.38948512077331543,0.3889297842979431,1.3366695761569554
complex_loss_matched,extreme,258,17.612374700621064,0.2982734143733978,0.4555663466453552,1.374007221802909
complex_loss_matched,extreme,259,15.722152253522232,0.25509536266326904,0.5259657502174377,1.458534239961265
complex_loss_matched,extreme,260,22.886815409456077,0.8059514164924622,0.2192467749118805,0.9307566186475668
complex_loss_matched,extreme,261,22.964857578929063,0.8131930232048035,0.2163485586643219,0.932636129021633
complex_loss_matched,extreme,262,20.947703765581878,0.7800762057304382,0.247334286570549,0.9789545519859956
complex_loss_matched,extreme,263,21.001322314866712,0.7995498776435852,0.23544318974018097,0.9064619331587475
complex_loss_matched,extreme,264,20.761914195174107,0.7997047901153564,0.2304271012544632,0.9514789152332329
complex_loss_matched,extreme,265,21.133076151631464,0.7952173948287964,0.2440626323223114,0.98168005976035
complex_loss_matched,extreme,266,21.427335792035215,0.7968164086341858,0.23692481219768524,0.9652677726528948
complex_loss_matched,extreme,267,20.419059446781826,0.7887678742408752,0.2514188289642334,0.9831330164771425
complex_loss_matched,extreme,268,21.033467412469996,0.8018359541893005,0.22197262942790985,0.9345273507355983
complex_loss_matched,extreme,269,21.247986071923997,0.7909061908721924,0.23861823976039886,1.0475869782190539
complex_loss_matched,extreme,270,22.90255533096664,0.6477720141410828,0.38081416487693787,1.5455025123037487
complex_loss_matched,extreme,271,23.434056893270302,0.6712700128555298,0.35695880651474,1.40745009180534
complex_loss_matched,extreme,272,24.174755041704714,0.7214978933334351,0.3151519000530243,1.3639524406929342
complex_loss_matched,extreme,273,24.323474151991785,0.8038374781608582,0.25902479887008667,1.0603337914822497
complex_loss_matched,extreme,274,24.520306250212897,0.749483048915863,0.3343542218208313,1.3084356701924067
complex_loss_matched,extreme,275,23.752638669599456,0.8087590336799622,0.24592648446559906,0.7645586832522744
complex_loss_matched,extreme,276,24.159257895112813,0.8323404788970947,0.2481018602848053,0.9043325848385813
complex_loss_matched,extreme,277,24.657056958279266,0.842504620552063,0.201602503657341,0.6827920193798471
complex_loss_matched,extreme,278,24.02392419196149,0.8479554653167725,0.2139521837234497,0.6730766728743666
complex_loss_matched,extreme,279,24.894154510463068,0.779498279094696,0.2792496979236603,0.8378766814754277
complex_loss_matched,extreme,280,15.893714159697108,0.3432581126689911,0.6243122816085815,1.557202033703218
complex_loss_matched,extreme,281,15.490675259461952,0.33365246653556824,0.6423546075820923,1.5590782718362475
complex_loss_matched,extreme,282,15.280158339782163,0.32531437277793884,0.6492893695831299,1.565372962834324
complex_loss_matched,extreme,283,15.182724319039352,0.31483379006385803,0.6341232657432556,1.565850137859402
complex_loss_matched,extreme,284,15.555238406711165,0.31521663069725037,0.6112417578697205,1.5625959406409375
complex_loss_matched,extreme,285,15.539185384670615,0.3077363967895508,0.6080355048179626,1.5610897463181619
complex_loss_matched,extreme,286,15.364105527431827,0.3014235198497772,0.6179848313331604,1.568192315811453
complex_loss_matched,extreme,287,15.397653014318385,0.30355361104011536,0.6035282015800476,1.56558231081213
complex_loss_matched,extreme,288,15.471578233907266,0.3015357553958893,0.6120705604553223,1.565220433810418
complex_loss_matched,extreme,289,15.589351133882069,0.3104833662509918,0.6171797513961792,1.559705683843024
complex_loss_matched,extreme,290,16.053762134694846,0.37439119815826416,0.6747173070907593,1.557899322240688
complex_loss_matched,extreme,291,15.17281678120849,0.36555221676826477,0.7094880938529968,1.5592474876367721
complex_loss_matched,extreme,292,14.525044833225266,0.37850770354270935,0.7339922189712524,1.568095074340081
complex_loss_matched,extreme,293,14.507320698236189,0.39309099316596985,0.7589956521987915,1.5701192897245673
complex_loss_matched,extreme,294,14.907118454710211,0.4411076605319977,0.719460129737854,1.5579779576475978
complex_loss_matched,extreme,295,15.51070851574206,0.46763867139816284,0.7091890573501587,1.5606802638910484
complex_loss_matched,extreme,296,16.40499980860619,0.46438220143318176,0.6980801820755005,1.5651566665768595
complex_loss_matched,extreme,297,15.914010704786348,0.45477616786956787,0.7252594828605652,1.561909374340966
complex_loss_matched,extreme,298,13.806555426896999,0.4175596833229065,0.7763159275054932,1.5629227193868094
complex_loss_matched,extreme,299,14.455654990041754,0.3921612799167633,0.7500717043876648,1.5672719511165383
complex_loss_matched,extreme,300,31.277711713713018,0.89150470495224,0.2788134813308716,1.454354373885095
complex_loss_matched,extreme,301,28.892763742799247,0.8934287428855896,0.25358477234840393,1.377868368089505
complex_loss_matched,extreme,302,27.52210646466,0.8876956701278687,0.2733515799045563,1.3644296020494737
complex_loss_matched,extreme,303,27.47678778202821,0.8912124037742615,0.266323983669281,1.3277276641775566
complex_loss_matched,extreme,304,27.59336724948018,0.9015746116638184,0.24477416276931763,1.246955230095736
complex_loss_matched,extreme,305,27.267062168731073,0.9058049321174622,0.23871101438999176,1.2065620968674613
complex_loss_matched,extreme,306,26.916027448551535,0.9002842903137207,0.24739189445972443,1.2934242608328113
complex_loss_matched,extreme,307,26.42525809596618,0.899918258190155,0.2537919282913208,1.3367858447528613
complex_loss_matched,extreme,308,26.101623935310574,0.9023423194885254,0.2512354254722595,1.3430457071490398
complex_loss_matched,extreme,309,26.356618302475418,0.9080931544303894,0.2409999668598175,1.344616015044456
complex_loss_matched,hard,0,20.047363829223652,0.44024378061294556,0.5194437503814697,1.551074248673964
complex_loss_matched,hard,1,20.69286921778028,0.4821072518825531,0.4137789309024811,1.5462085537853667
complex_loss_matched,hard,2,27.192028151191522,0.7399523854255676,0.2768007516860962,1.3783712470870142
complex_loss_matched,hard,3,23.620572057278018,0.5625600218772888,0.3713058829307556,1.5402893493715781
complex_loss_matched,hard,4,21.923585764281327,0.5311527848243713,0.38236379623413086,1.5296269542021175
complex_loss_matched,hard,5,24.383092860441113,0.5975630879402161,0.42879629135131836,1.438143466620917
complex_loss_matched,hard,6,20.307445939743918,0.443489670753479,0.47403499484062195,1.5481683254964462
complex_loss_matched,hard,7,21.951008968380247,0.5612683296203613,0.38353514671325684,1.4707668257101068
complex_loss_matched,hard,8,20.91874446179931,0.5876834392547607,0.21278584003448486,1.5517792845789622
complex_loss_matched,hard,9,26.21130863173958,0.7274122834205627,0.2909752130508423,1.3216470078314388
complex_loss_matched,hard,10,20.025536709753382,0.5402735471725464,0.45038342475891113,1.4691927664537594
complex_loss_matched,hard,11,26.102377292092523,0.7310988306999207,0.3097821772098541,1.3052887119668528
complex_loss_matched,hard,12,23.61927539185924,0.6291449666023254,0.3874989449977875,1.4672790793676809
complex_loss_matched,hard,13,25.27388607045378,0.7350464463233948,0.30339813232421875,1.2920371061209506
complex_loss_matched,hard,14,23.74409589783078,0.6685436367988586,0.3393803834915161,1.3530160463209693
complex_loss_matched,hard,15,26.824722337912526,0.7608926296234131,0.2676798701286316,1.2194445199270365
complex_loss_matched,hard,16,26.43738375180505,0.7655181884765625,0.25604957342147827,1.2037611174430947
complex_loss_matched,hard,17,24.57800439006828,0.6776002049446106,0.30892661213874817,1.2819149340829716
complex_loss_matched,hard,18,18.538743777327642,0.39348122477531433,0.4850284457206726,1.5344753624320386
complex_loss_matched,hard,19,21.002516396402697,0.5450283288955688,0.3920000493526459,1.438394836846781
complex_loss_matched,hard,20,20.288620411948557,0.5107437372207642,0.4360346794128418,1.5212949781794325
complex_loss_matched,hard,21,20.653315965359464,0.5522308945655823,0.4544018507003784,1.5355484445421264
complex_loss_matched,hard,22,22.706176877819665,0.6694019436836243,0.40171459317207336,1.4672440476709918
complex_loss_matched,hard,23,23.583130130688247,0.6664238572120667,0.42793455719947815,1.5010645310865387
complex_loss_matched,hard,24,23.329758194856606,0.6710094809532166,0.4426751434803009,1.5091295698106169
complex_loss_matched,hard,25,25.330143398699523,0.7291042804718018,0.3978555202484131,1.489327796867415
complex_loss_matched,hard,26,21.33602280226153,0.5699717998504639,0.5280881524085999,1.527400549566618
complex_loss_matched,hard,27,21.156259350305497,0.6141383647918701,0.5124861001968384,1.499267862158871
complex_loss_matched,hard,28,20.88831317685691,0.6121249198913574,0.4549771845340729,1.5121739799928384
complex_loss_matched,hard,29,20.018928741809727,0.5939904451370239,0.4891884922981262,1.4870207369147774
complex_loss_matched,hard,30,20.33948128502159,0.49320828914642334,0.2991262674331665,1.3581921634257557
complex_loss_matched,hard,31,21.712027856251662,0.5751749277114868,0.2603890299797058,1.2917782118101717
complex_loss_matched,hard,32,23.6597151425295,0.6856569051742554,0.20675750076770782,1.16390103191507
complex_loss_matched,hard,33,25.570086832213278,0.7750502824783325,0.15286502242088318,1.0117054434799309
complex_loss_matched,hard,34,25.481244779636643,0.7453040480613708,0.19347596168518066,1.12633206545077
complex_loss_matched,hard,35,26.452764393471597,0.8183725476264954,0.12906362116336823,1.006692186297185
complex_loss_matched,hard,36,29.82245001638625,0.8841783404350281,0.10482680797576904,0.8036345021263896
complex_loss_matched,hard,37,25.128574612443035,0.7479673624038696,0.1716790497303009,1.1545693960944632
complex_loss_matched,hard,38,27.771752734791967,0.8725649118423462,0.08479287475347519,0.8395321504676739
complex_loss_matched,hard,39,26.53791774473881,0.7835591435432434,0.1560642272233963,1.1632491680350627
complex_loss_matched,hard,40,23.315856933300253,0.5329357385635376,0.33714160323143005,1.5351978767967882
complex_loss_matched,hard,41,23.604350224696404,0.561267614364624,0.40248873829841614,1.537265212876229
complex_loss_matched,hard,42,22.003666302414118,0.48297879099845886,0.468595951795578,1.545753355634061
complex_loss_matched,hard,43,24.02042767387593,0.5646215081214905,0.4014972448348999,1.4577013802084036
complex_loss_matched,hard,44,25.05112471171477,0.6912064552307129,0.3083387017250061,1.4601187145743104
complex_loss_matched,hard,45,24.49509872558845,0.6280786395072937,0.3720383644104004,1.4976074460335917
complex_loss_matched,hard,46,20.884713752513946,0.556685209274292,0.452403724193573,1.538125014417516
complex_loss_matched,hard,47,21.371972935305173,0.6182869076728821,0.4355544149875641,1.4411092663711784
complex_loss_matched,hard,48,21.066432815075224,0.4810023307800293,0.4555509090423584,1.5518350899346725
complex_loss_matched,hard,49,18.942539317448706,0.3914121687412262,0.5138053894042969,1.5202681146349122
complex_loss_matched,hard,50,18.816745663017386,0.35894590616226196,0.4656769037246704,1.5365959780283154
complex_loss_matched,hard,51,17.508681257807336,0.26961326599121094,0.49345001578330994,1.544598758191169
complex_loss_matched,hard,52,21.526616072919623,0.5236220359802246,0.35383960604667664,1.3750345785328275
complex_loss_matched,hard,53,18.463825892002713,0.28781330585479736,0.4825974106788635,1.5293300949586122
complex_loss_matched,hard,54,21.16600699907139,0.4428040385246277,0.43336251378059387,1.4994125367406637
complex_loss_matched,hard,55,20.27568611358109,0.36904871463775635,0.45258307456970215,1.553626647912197
complex_loss_matched,hard,56,25.570753032768387,0.6915600895881653,0.3013993799686432,1.2633817370636942
complex_loss_matched,hard,57,20.55475460564376,0.3970071077346802,0.44548550248146057,1.5302547386005891
complex_loss_matched,hard,58,18.460683804291577,0.31429237127304077,0.49435287714004517,1.5505449778113884
complex_loss_matched,hard,59,18.49888495612051,0.3584546446800232,0.47877219319343567,1.5477100756579778
complex_loss_matched,hard,60,21.70728844234489,0.517154335975647,0.36630308628082275,1.4972022330196764
complex_loss_matched,hard,61,22.194283564221983,0.5515501499176025,0.41178351640701294,1.391755712468935
complex_loss_matched,hard,62,16.72002603974417,0.2764800786972046,0.5164915323257446,1.5420923581586365
complex_loss_matched,hard,63,19.56580117631008,0.33852580189704895,0.4955291748046875,1.528529071984386
complex_loss_matched,hard,64,22.065260315692182,0.5241498947143555,0.4154318869113922,1.487087834633561
complex_loss_matched,hard,65,15.914499166179809,0.2466418296098709,0.5477055907249451,1.5503663731319648
complex_loss_matched,hard,66,17.96455886113075,0.2844458520412445,0.4441709518432617,1.535432219725445
complex_loss_matched,hard,67,18.45363154403789,0.29258987307548523,0.4499610662460327,1.543804440279913
complex_loss_matched,hard,68,16.2455610312416,0.2513327896595001,0.5110548734664917,1.554602380441693
complex_loss_matched,hard,69,21.092224184927737,0.47957488894462585,0.4094250798225403,1.375403389294587
complex_loss_matched,hard,70,18.23603565260187,0.3750056028366089,0.32160112261772156,1.5704278914550625
complex_loss_matched,hard,71,15.409635695946628,0.2127397060394287,0.5128660202026367,1.553958834150654
complex_loss_matched,hard,72,16.505914295040462,0.2897695302963257,0.46857139468193054,1.5473773272033873
complex_loss_matched,hard,73,16.36963729329488,0.31148067116737366,0.4824083745479584,1.547996545079925
complex_loss_matched,hard,74,17.073760132656314,0.29174715280532837,0.44783785939216614,1.55057588959125
complex_loss_matched,hard,75,22.556604598441716,0.5655677914619446,0.2651790976524353,1.4420052047019407
complex_loss_matched,hard,76,15.967357508703062,0.2890219986438751,0.5354536175727844,1.5470054683043284
complex_loss_matched,hard,77,18.639216535835647,0.34405431151390076,0.4410915970802307,1.5348034759160285
complex_loss_matched,hard,78,22.31048910885722,0.589018702507019,0.3335699439048767,1.2061767215404489
complex_loss_matched,hard,79,25.01474969935247,0.7197116613388062,0.2333943247795105,1.3125828735714078
complex_loss_matched,hard,80,23.79307058069546,0.5309455394744873,0.3075478971004486,1.572444509078686
complex_loss_matched,hard,81,25.00517684674174,0.6936958432197571,0.19796627759933472,1.4673673208296132
complex_loss_matched,hard,82,17.546784418697072,0.288800984621048,0.519608736038208,1.5469410608231031
complex_loss_matched,hard,83,17.61778387393886,0.2878750264644623,0.5284844636917114,1.5512068904300282
complex_loss_matched,hard,84,17.80808543045606,0.28572413325309753,0.5187316536903381,1.5520439572416482
complex_loss_matched,hard,85,18.993483114972488,0.3207013010978699,0.4767833352088928,1.5440746722554133
complex_loss_matched,hard,86,21.717137608159362,0.46226733922958374,0.45777666568756104,1.5011506720431516
complex_loss_matched,hard,87,23.04301501686404,0.5760869383811951,0.35315626859664917,1.4932056464418046
complex_loss_matched,hard,88,19.982124250668537,0.3474937081336975,0.49108704924583435,1.5767407059914185
complex_loss_matched,hard,89,19.237366233708652,0.3314369022846222,0.4670376777648926,1.5363686168656299
complex_loss_matched,hard,90,19.45848772798023,0.40513014793395996,0.300601601600647,1.5542358944926165
complex_loss_matched,hard,91,15.587839286977838,0.27127623558044434,0.5070973634719849,1.5419862715639059
complex_loss_matched,hard,92,15.532107846275043,0.2870572805404663,0.5393786430358887,1.5441617882054626
complex_loss_matched,hard,93,16.25765636604882,0.2747824490070343,0.5443412661552429,1.5567608523746215
complex_loss_matched,hard,94,21.36346616499249,0.5072016716003418,0.404295951128006,1.4773276259456256
complex_loss_matched,hard,95,19.917466437492426,0.3728931248188019,0.42986541986465454,1.5329351671084102
complex_loss_matched,hard,96,23.302936636968397,0.5626106858253479,0.40446582436561584,1.4888945353518934
complex_loss_matched,hard,97,18.27926253451635,0.3263671398162842,0.5118992328643799,1.5536889110353798
complex_loss_matched,hard,98,18.498097217788633,0.343320369720459,0.48938384652137756,1.5553218958560624
complex_loss_matched,hard,99,19.42388110619071,0.3961790204048157,0.36818990111351013,1.5696943384448456
complex_loss_matched,hard,100,19.8232841890841,0.5261576771736145,0.5926368236541748,1.5264160323939888
complex_loss_matched,hard,101,16.210242394918385,0.4444030821323395,0.62399822473526,1.513305523554864
complex_loss_matched,hard,102,25.765176274565263,0.6899070739746094,0.4789523482322693,1.4334220990869762
complex_loss_matched,hard,103,19.768096237108097,0.5039383769035339,0.6066493988037109,1.5451997369005437
complex_loss_matched,hard,104,29.273514574919965,0.8569558262825012,0.3200537860393524,1.171288540562956
complex_loss_matched,hard,105,24.514590726176245,0.6617371439933777,0.5288838744163513,1.4330205534285954
complex_loss_matched,hard,106,24.741928193022122,0.693306565284729,0.442722886800766,1.528678721389803
complex_loss_matched,hard,107,21.427482436562567,0.5654105544090271,0.5624849200248718,1.5219291454190549
complex_loss_matched,hard,108,19.142797082083945,0.5139439702033997,0.5794588327407837,1.5339239584513547
complex_loss_matched,hard,109,21.635660793040856,0.6192745566368103,0.4998920261859894,1.5341093539361637
complex_loss_matched,hard,110,18.52658941692582,0.48809462785720825,0.5789588689804077,1.53667354133709
complex_loss_matched,hard,111,18.25304762618645,0.41506722569465637,0.5782201886177063,1.505487697152872
complex_loss_matched,hard,112,20.518236031238786,0.5186865329742432,0.575325608253479,1.4711410119866368
complex_loss_matched,hard,113,22.048696981313327,0.5303425192832947,0.5422967672348022,1.4951886391527314
complex_loss_matched,hard,114,23.21345971493961,0.5938400626182556,0.491608202457428,1.5147136839593
complex_loss_matched,hard,115,24.673942226628327,0.6491057872772217,0.42919331789016724,1.4068461930854361
complex_loss_matched,hard,116,25.183878051546486,0.6684436798095703,0.3689485192298889,1.3213649506106213
complex_loss_matched,hard,117,26.887114751906385,0.761379063129425,0.25901705026626587,1.1760292875828948
complex_loss_matched,hard,118,22.649771075467925,0.5736542344093323,0.4346828758716583,1.4454681945330161
complex_loss_matched,hard,119,20.249258217310583,0.4486466944217682,0.4688150882720947,1.496930618456898
complex_loss_matched,hard,120,25.27575418673591,0.8997043371200562,0.09692718088626862,0.4782279224022557
complex_loss_matched,hard,121,26.188512995621515,0.8987431526184082,0.10118046402931213,0.49871488350921905
complex_loss_matched,hard,122,27.03790445506378,0.9062931537628174,0.06684613972902298,0.46931473815972335
complex_loss_matched,hard,123,25.581289809163206,0.9056803584098816,0.08052713423967361,0.4137996475233543
complex_loss_matched,hard,124,31.121846041968432,0.9501457214355469,0.037526097148656845,0.3501069079498604
complex_loss_matched,hard,125,27.049369043208245,0.9258264303207397,0.05822446569800377,0.39160013420731316
complex_loss_matched,hard,126,25.01398582729948,0.892879068851471,0.0975903570652008,0.43983476563523255
complex_loss_matched,hard,127,25.167101260894714,0.8635283708572388,0.11872723698616028,0.5641208258418752
complex_loss_matched,hard,128,24.426524842490927,0.8566980957984924,0.10699933767318726,0.5675863791438158
complex_loss_matched,hard,129,27.362250891948882,0.9205084443092346,0.055368322879076004,0.4560488362207595
complex_loss_matched,hard,130,39.406819220632656,0.9870917201042175,0.01758643053472042,0.3747805724196889
complex_loss_matched,hard,131,41.95585209008014,0.9878984689712524,0.010822845622897148,0.39522821245264944
complex_loss_matched,hard,132,39.18542365901805,0.9896107912063599,0.00877612829208374,0.33821693870219044
complex_loss_matched,hard,133,29.00367899270297,0.9367550611495972,0.09271129220724106,0.5048664607494787
complex_loss_matched,hard,134,30.67449843773836,0.9465460777282715,0.07976040989160538,0.46577510712524983
complex_loss_matched,hard,135,28.559965819337044,0.8999969363212585,0.07027924805879593,1.0652381894195015
complex_loss_matched,hard,136,32.28854326251278,0.9498537182807922,0.023209093138575554,0.8908213386519508
complex_loss_matched,hard,137,33.977005330365124,0.9635716080665588,0.043773092329502106,0.5694134966445364
complex_loss_matched,hard,138,32.408459483037156,0.9474259614944458,0.06129714474081993,0.646850224553862
complex_loss_matched,hard,139,43.36467504675923,0.9872861504554749,0.02116214483976364,0.30056932565840316
complex_loss_matched,hard,140,22.881037494419694,0.612542986869812,0.38719281554222107,1.5313109782600758
complex_loss_matched,hard,141,19.465028514062197,0.5332940220832825,0.461889386177063,1.5387441627303227
complex_loss_matched,hard,142,18.771564490836557,0.486624151468277,0.46721649169921875,1.5386159849703802
complex_loss_matched,hard,143,20.92045896669685,0.5135173201560974,0.4161570072174072,1.5155093569625553
complex_loss_matched,hard,144,21.43205056061571,0.5242087841033936,0.402026891708374,1.538004577497323
complex_loss_matched,hard,145,21.600612147361193,0.5156570076942444,0.4152822494506836,1.5363092827779254
complex_loss_matched,hard,146,22.16766258140901,0.5980615615844727,0.36186206340789795,1.502478989017365
complex_loss_matched,hard,147,22.714248192369656,0.526563823223114,0.3978631794452667,1.536895101893717
complex_loss_matched,hard,148,24.13389479957111,0.5652803182601929,0.3423219919204712,1.5169357339489524
complex_loss_matched,hard,149,23.07532338231557,0.5317139029502869,0.382035493850708,1.5160495312127136
complex_loss_matched,hard,150,25.179864490969052,0.910467267036438,0.17501585185527802,0.4747925919937284
complex_loss_matched,hard,151,25.430045793353703,0.9095150828361511,0.1921709179878235,0.4631262250523735
complex_loss_matched,hard,152,25.26945268230112,0.9093232154846191,0.17739547789096832,0.49160067818900943
complex_loss_matched,hard,153,25.424489257052723,0.9063424468040466,0.20272552967071533,0.4702071360424988
complex_loss_matched,hard,154,25.17121978566938,0.9103599190711975,0.1832566112279892,0.45862962340323826
complex_loss_matched,hard,155,24.872410616802885,0.910566508769989,0.18333961069583893,0.4561472650475186
complex_loss_matched,hard,156,24.50356351756428,0.9086621999740601,0.18139909207820892,0.4419280176765057
complex_loss_matched,hard,157,24.72604885817717,0.9091846942901611,0.18067637085914612,0.46520305899702996
complex_loss_matched,hard,158,24.94535893409584,0.9133769869804382,0.16588753461837769,0.4605539330097026
complex_loss_matched,hard,159,24.990863557183005,0.9050869345664978,0.18099993467330933,0.49838855329414394
complex_loss_matched,hard,160,25.585852511114965,0.9025013446807861,0.222037672996521,0.516614768829157
complex_loss_matched,hard,161,25.4461819606764,0.9021744728088379,0.22689589858055115,0.516709921662326
complex_loss_matched,hard,162,25.119198400871674,0.9010307192802429,0.22981685400009155,0.5350137675015544
complex_loss_matched,hard,163,24.973220677040956,0.9003034830093384,0.23074296116828918,0.5127264141049857
complex_loss_matched,hard,164,24.76047556588224,0.8965576887130737,0.23410101234912872,0.5406057133626728
complex_loss_matched,hard,165,24.688028093209347,0.8940042853355408,0.23921619355678558,0.5151422522224424
complex_loss_matched,hard,166,24.57200385112973,0.8908904194831848,0.2437111735343933,0.5412617790633388
complex_loss_matched,hard,167,24.530098334941993,0.8909808993339539,0.2433268278837204,0.5179066904997317
complex_loss_matched,hard,168,24.409933652486913,0.8894702196121216,0.24377305805683136,0.5459772609806309
complex_loss_matched,hard,169,24.36260653981854,0.8892945647239685,0.24844741821289062,0.523358924889326
complex_loss_matched,hard,170,35.65616493710085,0.9556193351745605,0.02889225259423256,0.3233324408724429
complex_loss_matched,hard,171,33.36086785814587,0.9268466234207153,0.042663950473070145,0.2817117348699329
complex_loss_matched,hard,172,35.95177955067138,0.942827045917511,0.037918128073215485,0.32830252388302084
complex_loss_matched,hard,173,32.84687474124158,0.8971971869468689,0.05650213360786438,0.3472112428724275
complex_loss_matched,hard,174,27.48135932192726,0.8302833437919617,0.12183713167905807,0.43860921298836636
complex_loss_matched,hard,175,28.887542935768757,0.8468524217605591,0.10797451436519623,0.4653091780935985
complex_loss_matched,hard,176,31.291898383015738,0.8900697231292725,0.06890880316495895,0.40339284912730206
complex_loss_matched,hard,177,29.85304319958911,0.8671879172325134,0.08657357841730118,0.5211281116070078
complex_loss_matched,hard,178,26.323606878000074,0.846889317035675,0.129389226436615,0.5632405852651248
complex_loss_matched,hard,179,30.22325405319663,0.8930605053901672,0.07455744594335556,0.44663139048525186
complex_loss_matched,hard,180,36.370965574579834,0.9503824710845947,0.12876197695732117,1.1701730807182154
complex_loss_matched,hard,181,37.37946558390365,0.9576839208602905,0.1018604189157486,1.0521339829657792
complex_loss_matched,hard,182,34.779574551360845,0.94321209192276,0.1071690171957016,1.0307973332001643
complex_loss_matched,hard,183,37.603253264559065,0.9628150463104248,0.07026629894971848,0.892394572120374
complex_loss_matched,hard,184,36.33055362246133,0.9592154622077942,0.08618196845054626,1.021121124214974
complex_loss_matched,hard,185,34.05350718368303,0.957244336605072,0.09472135454416275,1.1938953643566979
complex_loss_matched,hard,186,32.302056408006486,0.9607189297676086,0.09153877943754196,0.9594952846640309
complex_loss_matched,hard,187,33.11075929943102,0.9605024456977844,0.09191687405109406,0.9765559711386714
complex_loss_matched,hard,188,33.63067221318986,0.956719696521759,0.1017792671918869,1.1913793519243263
complex_loss_matched,hard,189,35.36565618504361,0.944725513458252,0.12999720871448517,1.2514911153681365
complex_loss_matched,hard,190,20.185123938813145,0.4742598235607147,0.41344016790390015,1.5341819767652158
complex_loss_matched,hard,191,19.716740985828956,0.4615042805671692,0.4182592034339905,1.5458461531112206
complex_loss_matched,hard,192,19.855803733277195,0.46311628818511963,0.4150702953338623,1.5379373648647923
complex_loss_matched,hard,193,20.15894821362288,0.46375390887260437,0.4072728157043457,1.538041668448666
complex_loss_matched,hard,194,19.562852695657142,0.4518824517726898,0.42511555552482605,1.5432933592290505
complex_loss_matched,hard,195,19.431103978669817,0.44989749789237976,0.41204172372817993,1.5489979976300514
complex_loss_matched,hard,196,19.92843504304068,0.4505097568035126,0.39813360571861267,1.5401692072417354
complex_loss_matched,hard,197,19.864180454530043,0.45208120346069336,0.3883087635040283,1.5257806338093305
complex_loss_matched,hard,198,20.980839287599675,0.46763336658477783,0.35600441694259644,1.550775031151983
complex_loss_matched,hard,199,21.88104909296431,0.49905773997306824,0.32066261768341064,1.539828077911525
complex_loss_matched,hard,200,19.2465377961327,0.40719032287597656,0.4424620270729065,1.5212940096156269
complex_loss_matched,hard,201,19.03931928287638,0.3955290913581848,0.4576658010482788,1.5402621863361852
complex_loss_matched,hard,202,19.39429708129751,0.40969550609588623,0.44614389538764954,1.5330694859315173
complex_loss_matched,hard,203,19.73035792631083,0.4180660843849182,0.44722235202789307,1.5712980058226196
complex_loss_matched,hard,204,19.515251525895053,0.41303759813308716,0.4514576494693756,1.536741068588678
complex_loss_matched,hard,205,19.093496768276562,0.385503888130188,0.4843643009662628,1.562900787863286
complex_loss_matched,hard,206,19.347571857489584,0.4006488621234894,0.48913824558258057,1.5589871270106392
complex_loss_matched,hard,207,20.24338592840231,0.4498364329338074,0.4276459515094757,1.5028781410891716
complex_loss_matched,hard,208,19.815249091743247,0.415823757648468,0.4562956392765045,1.5523430204231854
complex_loss_matched,hard,209,20.050752098268525,0.4311642646789551,0.47314414381980896,1.5630521129699833
complex_loss_matched,hard,210,31.22833631000974,0.8613292574882507,0.2168409526348114,1.4518701270864014
complex_loss_matched,hard,211,31.124000552765327,0.8678544759750366,0.21348397433757782,1.3756563219184177
complex_loss_matched,hard,212,30.28057397571056,0.8514419794082642,0.24077512323856354,1.4406837382327164
complex_loss_matched,hard,213,31.107895935387745,0.8804420232772827,0.20785115659236908,1.2999141986483493
complex_loss_matched,hard,214,32.01996717407488,0.8745027780532837,0.20765119791030884,1.3422191754146542
complex_loss_matched,hard,215,32.19037482009241,0.8797800540924072,0.18727444112300873,1.337855201837663
complex_loss_matched,hard,216,31.036706049195498,0.8385056853294373,0.2178756147623062,1.5469682897325308
complex_loss_matched,hard,217,33.13884474417597,0.8900852203369141,0.18542295694351196,1.2839105297465538
complex_loss_matched,hard,218,32.74950447714627,0.874452531337738,0.17667825520038605,1.3727395546505627
complex_loss_matched,hard,219,33.20081469449915,0.8878970742225647,0.17734558880329132,1.2660253394907042
complex_loss_matched,hard,220,25.029709307588885,0.8766070008277893,0.11340196430683136,0.7067872658632548
complex_loss_matched,hard,221,20.418105416521254,0.7891769409179688,0.18814891576766968,0.963967172813304
complex_loss_matched,hard,222,20.708561285952193,0.7329822778701782,0.20447731018066406,1.077099786205541
complex_loss_matched,hard,223,21.580817880250102,0.7183133959770203,0.2171420007944107,0.9250361141810503
complex_loss_matched,hard,224,21.8020634882833,0.6992268562316895,0.2337433397769928,1.0925495733248127
complex_loss_matched,hard,225,21.484463446331702,0.6599281430244446,0.2691081166267395,1.2459311659811547
complex_loss_matched,hard,226,19.870513364887813,0.5640246272087097,0.35229170322418213,1.3834590256297832
complex_loss_matched,hard,227,20.672347008787312,0.5755998492240906,0.33831319212913513,1.3747141498062145
complex_loss_matched,hard,228,20.0060612369112,0.472486674785614,0.30779534578323364,1.4706073261689891
complex_loss_matched,hard,229,22.119366978727527,0.6169618964195251,0.25772613286972046,1.3925830456708919
complex_loss_matched,hard,230,21.326224288079423,0.557762861251831,0.4616255462169647,1.5067874860275692
complex_loss_matched,hard,231,20.67313280829719,0.522560179233551,0.4622271955013275,1.5053967630284057
complex_loss_matched,hard,232,22.624370015206786,0.5924689769744873,0.3927057087421417,1.5283091745616728
complex_loss_matched,hard,233,27.02566196060491,0.8070623278617859,0.2885156571865082,1.0701263837126476
complex_loss_matched,hard,234,27.77263692457771,0.8308781981468201,0.2958378791809082,0.9445644871283062
complex_loss_matched,hard,235,31.590241210251268,0.9394490718841553,0.10704649984836578,0.5397203704159121
complex_loss_matched,hard,236,30.640785581291127,0.9058772921562195,0.15620234608650208,0.7591519489764075
complex_loss_matched,hard,237,26.943827509486596,0.7714827656745911,0.3005253076553345,1.1672346769918762
complex_loss_matched,hard,238,27.597600298556692,0.9173437356948853,0.15466654300689697,0.5837621960064515
complex_loss_matched,hard,239,25.825750388910784,0.9034607410430908,0.18696795403957367,0.6801931414078023
complex_loss_matched,hard,240,21.663252809032475,0.8333032131195068,0.41944068670272827,1.5646113949556604
complex_loss_matched,hard,241,24.030107170731952,0.8788074851036072,0.3532896637916565,1.5593996347223016
complex_loss_matched,hard,242,25.45126359608553,0.8730661273002625,0.32167157530784607,1.5454491216641102
complex_loss_matched,hard,243,22.60190278690667,0.8633275628089905,0.3871802091598511,1.5574811624567637
complex_loss_matched,hard,244,20.674893817694013,0.8717172741889954,0.38190126419067383,1.523633353025695
complex_loss_matched,hard,245,21.24354951874208,0.8591238260269165,0.3893923759460449,1.5315947685310969
complex_loss_matched,hard,246,23.755017527759264,0.851684033870697,0.35949766635894775,1.534179210066248
complex_loss_matched,hard,247,22.75370339422696,0.8698461651802063,0.3570941984653473,1.5073027942889707
complex_loss_matched,hard,248,28.06812044873428,0.8696383237838745,0.3666137456893921,1.4586420393889286
complex_loss_matched,hard,249,24.448287090444182,0.8656376600265503,0.3825991451740265,1.5119654502559685
complex_loss_matched,hard,250,26.692261352580367,0.7634367942810059,0.22640816867351532,0.9544918304634625
complex_loss_matched,hard,251,25.320400054078366,0.7786730527877808,0.21926504373550415,0.9244565316593686
complex_loss_matched,hard,252,22.990066815828058,0.697827935218811,0.2734028995037079,1.0428009108032275
complex_loss_matched,hard,253,25.394475440814993,0.8535997271537781,0.1701965183019638,0.7418444710785659
complex_loss_matched,hard,254,25.49755796055169,0.7377442121505737,0.2547155022621155,1.0603853671446732
complex_loss_matched,hard,255,29.245226859982132,0.9374431371688843,0.04521234333515167,0.5990709233082029
complex_loss_matched,hard,256,26.414929518530542,0.856991171836853,0.11307194083929062,0.805462452034074
complex_loss_matched,hard,257,22.789207225802556,0.5578590035438538,0.3175338804721832,1.261025197639909
complex_loss_matched,hard,258,19.67658071547065,0.45818766951560974,0.3920396566390991,1.2474380000341072
complex_loss_matched,hard,259,17.282611905030635,0.30744507908821106,0.4824522137641907,1.4404881229222013
complex_loss_matched,hard,260,25.388027749971755,0.8566798567771912,0.16176985204219818,0.8077917264371265
complex_loss_matched,hard,261,25.814721156613587,0.8683536052703857,0.1510002315044403,0.8006403310581701
complex_loss_matched,hard,262,23.118296524812617,0.8254810571670532,0.19612404704093933,0.8580311884972666
complex_loss_matched,hard,263,23.517303554283746,0.8488592505455017,0.1717265248298645,0.7645755345779855
complex_loss_matched,hard,264,22.77784024562321,0.8342430591583252,0.18432584404945374,0.8858575183826781
complex_loss_matched,hard,265,23.41807057199537,0.8455938696861267,0.17399732768535614,0.8122272424012941
complex_loss_matched,hard,266,24.09195638769789,0.8486953973770142,0.17196401953697205,0.7699193873000194
complex_loss_matched,hard,267,23.954379891757664,0.8400332927703857,0.1862521767616272,0.8191893071861501
complex_loss_matched,hard,268,23.261548796850676,0.8312051296234131,0.18375074863433838,0.8388696640890858
complex_loss_matched,hard,269,24.10434053416254,0.8618134260177612,0.16607597470283508,0.8144748659537094
complex_loss_matched,hard,270,26.854971710218877,0.8196746706962585,0.22293409705162048,1.1371682718288014
complex_loss_matched,hard,271,27.48966502193538,0.8485878109931946,0.20278972387313843,0.8750291367091224
complex_loss_matched,hard,272,28.405428152954386,0.879632294178009,0.18424513936042786,0.8053961665258585
complex_loss_matched,hard,273,27.57758459162403,0.9105634689331055,0.13003437221050262,0.5420916097147802
complex_loss_matched,hard,274,28.864941592226607,0.9143443703651428,0.141616553068161,0.652422764153597
complex_loss_matched,hard,275,27.337373902188666,0.8869107961654663,0.15932992100715637,0.5372533934531046
complex_loss_matched,hard,276,27.010665413907518,0.9091445207595825,0.11506378650665283,0.5321156097927026
complex_loss_matched,hard,277,26.571295578785175,0.9013539552688599,0.12453694641590118,0.48221851611105193
complex_loss_matched,hard,278,26.251814533407646,0.8917422294616699,0.1414671093225479,0.5158580773383683
complex_loss_matched,hard,279,27.150919432011477,0.8529558181762695,0.2071036398410797,0.690863485115523
complex_loss_matched,hard,280,16.935745716963584,0.37989717721939087,0.5492789149284363,1.5584899556325233
complex_loss_matched,hard,281,16.629128726203735,0.36347341537475586,0.5602946877479553,1.5722572455404336
complex_loss_matched,hard,282,16.287371566188963,0.3571983575820923,0.5719282031059265,1.5579024798870142
complex_loss_matched,hard,283,16.004538865725696,0.3442251980304718,0.5824543833732605,1.5662714970828524
complex_loss_matched,hard,284,16.92818146844051,0.35922184586524963,0.5425163507461548,1.5592081071141328
complex_loss_matched,hard,285,16.896938898701734,0.35196346044540405,0.5342473983764648,1.5521725759672982
complex_loss_matched,hard,286,16.529668946655153,0.3359324634075165,0.5521026849746704,1.5641377093155178
complex_loss_matched,hard,287,17.082920761230646,0.35055601596832275,0.521846354007721,1.5650303875227916
complex_loss_matched,hard,288,17.060400839556475,0.34562772512435913,0.5263183116912842,1.561659301954369
complex_loss_matched,hard,289,17.218082633977986,0.35442328453063965,0.5177277326583862,1.5639303334899661
complex_loss_matched,hard,290,17.340871761902683,0.40976816415786743,0.6056898832321167,1.5522856110242547
complex_loss_matched,hard,291,16.45588945485801,0.3961307406425476,0.6322152018547058,1.5542200420483672
complex_loss_matched,hard,292,16.182785372937175,0.40265655517578125,0.6713007688522339,1.5735342421787335
complex_loss_matched,hard,293,15.954757055770498,0.43086135387420654,0.685439944267273,1.5653154131387232
complex_loss_matched,hard,294,16.972013214558668,0.482393354177475,0.6545432209968567,1.5405720610797224
complex_loss_matched,hard,295,17.12948004258054,0.5108132362365723,0.641836404800415,1.5417409486108014
complex_loss_matched,hard,296,17.69490912378911,0.5220221281051636,0.6473017930984497,1.5579444358120644
complex_loss_matched,hard,297,17.458920546356357,0.4973774254322052,0.6505945324897766,1.5509918856775824
complex_loss_matched,hard,298,15.166850179824415,0.43969157338142395,0.701637864112854,1.5652393011664287
complex_loss_matched,hard,299,16.26619804063556,0.4159182906150818,0.7054376602172852,1.5491751819481323
complex_loss_matched,hard,300,36.23762811867736,0.9652767777442932,0.08810338377952576,1.164198409495006
complex_loss_matched,hard,301,30.285342622079888,0.9353010058403015,0.15521803498268127,1.127354103305578
complex_loss_matched,hard,302,29.16584853799563,0.9256348609924316,0.1768219918012619,1.1680266168200093
complex_loss_matched,hard,303,29.715444198142364,0.9288297295570374,0.1716609001159668,1.125864072746826
complex_loss_matched,hard,304,29.934178436082945,0.9367854595184326,0.15955322980880737,1.0300907080085446
complex_loss_matched,hard,305,29.615450755688094,0.9333510398864746,0.17170687019824982,1.0138971070544696
complex_loss_matched,hard,306,29.503957710076193,0.932294487953186,0.17594078183174133,1.0096959475919831
complex_loss_matched,hard,307,29.26560536055313,0.9318536520004272,0.17734771966934204,1.0886026595979066
complex_loss_matched,hard,308,29.171300195034885,0.936604380607605,0.16179582476615906,1.0666910859857872
complex_loss_matched,hard,309,29.169667487088855,0.9430228471755981,0.14102980494499207,1.0587437124109604
complex_loss_matched,medium,0,23.155050482008125,0.5620412230491638,0.36427223682403564,1.5385116390942146
complex_loss_matched,medium,1,23.629882548108228,0.6151919364929199,0.28545069694519043,1.5481920607291204
complex_loss_matched,medium,2,32.907039716599854,0.9040257930755615,0.13181884586811066,0.9650389252585585
complex_loss_matched,medium,3,28.997371091811267,0.7945768237113953,0.252178430557251,1.2693854216752924
complex_loss_matched,medium,4,24.71724563737304,0.655377209186554,0.25590717792510986,1.5302373590579081
complex_loss_matched,medium,5,28.768401173050083,0.7725218534469604,0.29592737555503845,1.1970237183936958
complex_loss_matched,medium,6,23.21629908943605,0.5747029185295105,0.32639044523239136,1.5428697375038813
complex_loss_matched,medium,7,28.223573085911152,0.8304409980773926,0.18666212260723114,1.099091979414246
complex_loss_matched,medium,8,26.767016986608304,0.818290650844574,0.15562443435192108,1.210055347094661
complex_loss_matched,medium,9,31.690602683492184,0.8933378458023071,0.14227800071239471,0.9631351997907004
complex_loss_matched,medium,10,24.511085589296865,0.7147193551063538,0.31225186586380005,1.2625376840750249
complex_loss_matched,medium,11,30.87733208071686,0.8668842315673828,0.18460214138031006,1.0859756371491898
complex_loss_matched,medium,12,28.498030816145242,0.8039909601211548,0.254869282245636,1.2477893865024738
complex_loss_matched,medium,13,30.114621854391896,0.872279703617096,0.16602572798728943,1.0023540235673922
complex_loss_matched,medium,14,29.116266554093446,0.8412626385688782,0.19382363557815552,1.1259806412455162
complex_loss_matched,medium,15,31.47920642330188,0.884392261505127,0.15027153491973877,1.0093258765349507
complex_loss_matched,medium,16,31.260987789465474,0.899395227432251,0.1283426135778427,0.9098579520542612
complex_loss_matched,medium,17,29.46667634047646,0.8380081653594971,0.177323117852211,1.0903340739916187
complex_loss_matched,medium,18,22.65729512349165,0.5741022229194641,0.3636297881603241,1.5281304805705807
complex_loss_matched,medium,19,25.639898968017935,0.7335389256477356,0.25471511483192444,1.2656008707483934
complex_loss_matched,medium,20,23.992014334630976,0.619320809841156,0.32865816354751587,1.492354226267171
complex_loss_matched,medium,21,25.780549240980747,0.7119144201278687,0.314330518245697,1.4646162905438083
complex_loss_matched,medium,22,26.998691873566095,0.7796651721000671,0.2893352210521698,1.3941224949829287
complex_loss_matched,medium,23,28.509661925064037,0.7980254292488098,0.3098665773868561,1.4366536756108108
complex_loss_matched,medium,24,27.87357804855455,0.7971672415733337,0.33117344975471497,1.4092354074143756
complex_loss_matched,medium,25,31.089936047333694,0.8663812279701233,0.27144041657447815,1.3280443373989472
complex_loss_matched,medium,26,25.510462873120794,0.7075615525245667,0.42341142892837524,1.5320111801037453
complex_loss_matched,medium,27,24.674255185148954,0.7016036510467529,0.42809703946113586,1.5172314513537264
complex_loss_matched,medium,28,26.213762240941154,0.7514820694923401,0.3573301434516907,1.4562960015294852
complex_loss_matched,medium,29,24.507981262940405,0.7135607600212097,0.3808996379375458,1.4747478510748244
complex_loss_matched,medium,30,24.305807581871477,0.7025842666625977,0.1949308216571808,1.1288205544474452
complex_loss_matched,medium,31,26.377525916675864,0.785175621509552,0.15663373470306396,0.9705142143325768
complex_loss_matched,medium,32,28.307065066774655,0.8527156710624695,0.10799373686313629,0.8490570428053638
complex_loss_matched,medium,33,31.030485393431935,0.9216372966766357,0.06385007500648499,0.6364207315805622
complex_loss_matched,medium,34,31.495423574022485,0.9197500944137573,0.07667683064937592,0.6902157144717395
complex_loss_matched,medium,35,33.576657866706505,0.9592421054840088,0.03196488320827484,0.5317000797724685
complex_loss_matched,medium,36,35.24741201989852,0.9691103100776672,0.02373548597097397,0.4553575976733615
complex_loss_matched,medium,37,32.10391441209802,0.9373511672019958,0.04942803457379341,0.66568490001964
complex_loss_matched,medium,38,35.0438827417604,0.9697343111038208,0.021982798352837563,0.4277191438406809
complex_loss_matched,medium,39,33.28015564850304,0.9488880634307861,0.04101509600877762,0.6487526706956687
complex_loss_matched,medium,40,25.888604587561197,0.6469338536262512,0.2506326138973236,1.4900608102468258
complex_loss_matched,medium,41,28.03735780722567,0.7702648639678955,0.27473369240760803,1.4077270434780205
complex_loss_matched,medium,42,23.92599147670884,0.5239206552505493,0.389970600605011,1.5569880652499555
complex_loss_matched,medium,43,26.964203332991406,0.673726499080658,0.2867869436740875,1.4021677891855242
complex_loss_matched,medium,44,29.22105075903982,0.8316357135772705,0.20394983887672424,1.203149636936331
complex_loss_matched,medium,45,28.5504145511389,0.7672145962715149,0.27775976061820984,1.3093241431136062
complex_loss_matched,medium,46,24.262663438130858,0.6893129944801331,0.3496321439743042,1.503280999138177
complex_loss_matched,medium,47,25.097490649744966,0.7537100315093994,0.30787765979766846,1.2904713791225602
complex_loss_matched,medium,48,24.3252599883887,0.6603679656982422,0.33456674218177795,1.4499116864610624
complex_loss_matched,medium,49,21.017092387217478,0.46368563175201416,0.45084095001220703,1.4914087098827775
complex_loss_matched,medium,50,21.713236846298756,0.5287351012229919,0.3322426676750183,1.5375626721785534
complex_loss_matched,medium,51,19.20908517700202,0.30640479922294617,0.4139576256275177,1.5411442594817995
complex_loss_matched,medium,52,28.952093177318567,0.8771906495094299,0.13301602005958557,0.9214133330233448
complex_loss_matched,medium,53,20.50036628496319,0.3760785162448883,0.3796665370464325,1.542127825581618
complex_loss_matched,medium,54,25.24379718647402,0.6641713976860046,0.3264292776584625,1.3727850061470879
complex_loss_matched,medium,55,23.703999979319196,0.5974432826042175,0.3399221897125244,1.4964898558508442
complex_loss_matched,medium,56,31.888510975259937,0.8894625306129456,0.13975733518600464,0.7405538914452984
complex_loss_matched,medium,57,23.96411364675554,0.5941141247749329,0.3398268520832062,1.4812667614291881
complex_loss_matched,medium,58,20.80439306028467,0.42980316281318665,0.3851386308670044,1.542876168843035
complex_loss_matched,medium,59,20.791614210841345,0.44452202320098877,0.3475642502307892,1.5393920391382157
complex_loss_matched,medium,60,28.054498853583937,0.8081620931625366,0.22000212967395782,1.1392789755320898
complex_loss_matched,medium,61,28.073381278147348,0.8186638951301575,0.22568918764591217,1.1221128150424569
complex_loss_matched,medium,62,19.557516936050515,0.38144350051879883,0.40130361914634705,1.5362226313803191
complex_loss_matched,medium,63,24.164209163772917,0.6048299074172974,0.4087204933166504,1.3909620477066287
complex_loss_matched,medium,64,27.585449903604015,0.7894255518913269,0.24585339426994324,1.1244613000706076
complex_loss_matched,medium,65,17.81227595027821,0.3256484568119049,0.48157787322998047,1.543643193482816
complex_loss_matched,medium,66,21.14103963584041,0.47245749831199646,0.36469072103500366,1.5631264289488502
complex_loss_matched,medium,67,21.994626546572626,0.508194088935852,0.3360779881477356,1.5425113691685723
complex_loss_matched,medium,68,19.89168882713525,0.4266486167907715,0.41916128993034363,1.5244046595247855
complex_loss_matched,medium,69,27.765464774633813,0.8077288866043091,0.21360832452774048,0.9951810549100264
complex_loss_matched,medium,70,23.766099544258147,0.717430830001831,0.22569230198860168,1.399987732585019
complex_loss_matched,medium,71,17.632323429553015,0.2880282402038574,0.4173772931098938,1.5391784814983953
complex_loss_matched,medium,72,19.660810794771216,0.453145295381546,0.33818209171295166,1.5628163327595737
complex_loss_matched,medium,73,18.743441769627175,0.4265759587287903,0.36253392696380615,1.5388402973430726
complex_loss_matched,medium,74,19.32150542061217,0.3443804383277893,0.36273983120918274,1.5252171367626133
complex_loss_matched,medium,75,29.30574910880971,0.8482134342193604,0.10857266187667847,1.0779662729916561
complex_loss_matched,medium,76,17.89263352277864,0.3199835419654846,0.4447389543056488,1.5416433017874092
complex_loss_matched,medium,77,22.401583382468246,0.5492002964019775,0.2922157049179077,1.5701618915646087
complex_loss_matched,medium,78,28.45644222936461,0.841569185256958,0.1560755968093872,1.0403066424583927
complex_loss_matched,medium,79,32.691758896799534,0.9112163782119751,0.09496356546878815,0.6746476131335354
complex_loss_matched,medium,80,30.250791164679832,0.8209907412528992,0.18616566061973572,1.2657354314148634
complex_loss_matched,medium,81,32.42667225829224,0.914978563785553,0.06664881855249405,0.9340198733279056
complex_loss_matched,medium,82,19.052546442751535,0.31886377930641174,0.4487520158290863,1.554095698088546
complex_loss_matched,medium,83,19.465255233046133,0.3321249783039093,0.43423178791999817,1.544611224005222
complex_loss_matched,medium,84,18.823242668266186,0.30014464259147644,0.4486851096153259,1.5294506048615137
complex_loss_matched,medium,85,21.61598492592603,0.42743951082229614,0.37305405735969543,1.5577091548755757
complex_loss_matched,medium,86,25.829043419349013,0.6827448010444641,0.316801518201828,1.3559940945717814
complex_loss_matched,medium,87,26.93603424697018,0.7313903570175171,0.2567565441131592,1.3916213707927245
complex_loss_matched,medium,88,22.746885663801844,0.46539613604545593,0.3758300542831421,1.6016436216289893
complex_loss_matched,medium,89,21.75899906434653,0.4681605398654938,0.3767744302749634,1.5188715208720929
complex_loss_matched,medium,90,26.023918726750587,0.7650960087776184,0.17028091847896576,1.3439980753167966
complex_loss_matched,medium,91,18.071038424962744,0.34878548979759216,0.40401387214660645,1.5189399733283724
complex_loss_matched,medium,92,18.17049228305457,0.36121273040771484,0.427429735660553,1.5334585492628776
complex_loss_matched,medium,93,18.56297750995151,0.34750503301620483,0.4401935935020447,1.5451044515100456
complex_loss_matched,medium,94,26.08338549018763,0.7250298261642456,0.28913891315460205,1.2968769132714104
complex_loss_matched,medium,95,22.966887362103392,0.5168309807777405,0.3397449553012848,1.5183399455772426
complex_loss_matched,medium,96,29.670506938902665,0.8247842788696289,0.21302583813667297,1.1032386201391784
complex_loss_matched,medium,97,21.48291924697385,0.46270129084587097,0.3764216899871826,1.55097489648802
complex_loss_matched,medium,98,21.119739380761843,0.4209604263305664,0.387201726436615,1.53233885657076
complex_loss_matched,medium,99,25.46922845557784,0.7369896769523621,0.20474115014076233,1.235016801870403
complex_loss_matched,medium,100,25.909256050405453,0.7395530343055725,0.42830803990364075,1.3205589221740939
complex_loss_matched,medium,101,17.971666942553373,0.4856777489185333,0.5470209121704102,1.5135072041705335
complex_loss_matched,medium,102,33.497507036851374,0.9020789861679077,0.22282417118549347,0.9678739637412779
complex_loss_matched,medium,103,22.441997571626207,0.5846011638641357,0.511797308921814,1.5288544172293506
complex_loss_matched,medium,104,35.90245331857932,0.9518611431121826,0.14067837595939636,0.7637681974367164
complex_loss_matched,medium,105,30.773759882529834,0.8380014896392822,0.3613108992576599,1.1828742313520964
complex_loss_matched,medium,106,31.357444543025963,0.8746364712715149,0.29796379804611206,1.2733001813978768
complex_loss_matched,medium,107,24.820705752188005,0.6812735199928284,0.4358571767807007,1.5176459017796053
complex_loss_matched,medium,108,21.73152217564796,0.5784359574317932,0.5363109707832336,1.5232910836146256
complex_loss_matched,medium,109,27.25613757046174,0.7723024487495422,0.41204386949539185,1.4790386365234631
complex_loss_matched,medium,110,20.90235092765245,0.5186947584152222,0.5232017636299133,1.5241120683801126
complex_loss_matched,medium,111,20.38287419276358,0.4902907609939575,0.5057379603385925,1.4941964908662808
complex_loss_matched,medium,112,23.115293821687057,0.6237099766731262,0.49328938126564026,1.374365093123389
complex_loss_matched,medium,113,24.230247226214324,0.6229022145271301,0.4893159568309784,1.4279505697334176
complex_loss_matched,medium,114,25.259654297833332,0.7031318545341492,0.40519770979881287,1.3993151932520844
complex_loss_matched,medium,115,28.070489546104383,0.8051040172576904,0.2780229151248932,1.1523339726741912
complex_loss_matched,medium,116,28.68211114374253,0.818577766418457,0.23915797472000122,1.106504697162338
complex_loss_matched,medium,117,30.64291140308371,0.8795631527900696,0.15985113382339478,0.9239602342872241
complex_loss_matched,medium,118,25.66746755267794,0.7079537510871887,0.32509076595306396,1.24372313800785
complex_loss_matched,medium,119,22.8531356052058,0.5633541941642761,0.38500720262527466,1.5089259144629292
complex_loss_matched,medium,120,29.185203679772144,0.9525811672210693,0.054245393723249435,0.27793901558489265
complex_loss_matched,medium,121,28.688491021977963,0.9508179426193237,0.05034022033214569,0.32134487026723524
complex_loss_matched,medium,122,30.67032360387188,0.9606385231018066,0.029337681829929352,0.3106719188672911
complex_loss_matched,medium,123,28.302261818046755,0.9570285081863403,0.034615613520145416,0.249205440123721
complex_loss_matched,medium,124,35.64030906293089,0.9809443950653076,0.01648065075278282,0.22629420668540304
complex_loss_matched,medium,125,29.765722260469772,0.9587417840957642,0.031068868935108185,0.30192445923144656
complex_loss_matched,medium,126,28.01052383655528,0.9364454746246338,0.045687008649110794,0.35185414851043456
complex_loss_matched,medium,127,28.570683595015755,0.9269225597381592,0.06511010229587555,0.3992694096407634
complex_loss_matched,medium,128,27.79932556303723,0.9271842837333679,0.05573403835296631,0.41433414041402994
complex_loss_matched,medium,129,29.26075261668155,0.953539252281189,0.03140944987535477,0.3565334278088789
complex_loss_matched,medium,130,45.257430262808185,0.9945334196090698,0.006945515051484108,0.2683762288996487
complex_loss_matched,medium,131,51.75252345061001,0.9987699389457703,0.0011102675925940275,0.1361130736138961
complex_loss_matched,medium,132,42.43502415402888,0.9937188029289246,0.006325066555291414,0.29699980323983816
complex_loss_matched,medium,133,31.537512722827714,0.9486907124519348,0.07920531928539276,0.48022034828201826
complex_loss_matched,medium,134,31.99348457730757,0.9589040875434875,0.051987916231155396,0.4410945033108815
complex_loss_matched,medium,135,32.07927349820872,0.9361006617546082,0.07091205567121506,0.8575378842633126
complex_loss_matched,medium,136,33.61025657671445,0.9638256430625916,0.015726981684565544,0.7993589448052187
complex_loss_matched,medium,137,37.95348738345707,0.974776566028595,0.042774688452482224,0.48301257685331384
complex_loss_matched,medium,138,35.58054413977512,0.9616234302520752,0.057508327066898346,0.5527512056877588
complex_loss_matched,medium,139,48.2907675831421,0.9949842095375061,0.005412206519395113,0.2007920378591225
complex_loss_matched,medium,140,25.9439890724728,0.6763564348220825,0.30793654918670654,1.5160356794092789
complex_loss_matched,medium,141,22.27816128009092,0.5641964673995972,0.39223387837409973,1.5405734284828785
complex_loss_matched,medium,142,22.012856392715992,0.524051308631897,0.38329362869262695,1.522139218420799
complex_loss_matched,medium,143,24.012825014389456,0.5887672901153564,0.3471529483795166,1.483423631781401
complex_loss_matched,medium,144,24.915425435570256,0.6435356736183167,0.31577393412590027,1.5202924553362618
complex_loss_matched,medium,145,24.859088455311593,0.5885072350502014,0.33478376269340515,1.4844780639529773
complex_loss_matched,medium,146,25.878300495178863,0.7029078602790833,0.27154797315597534,1.4450457824966438
complex_loss_matched,medium,147,25.199013325902545,0.5915845632553101,0.32629600167274475,1.5036003590972873
complex_loss_matched,medium,148,26.889232114676705,0.6628317832946777,0.2662883400917053,1.4294584003560287
complex_loss_matched,medium,149,25.733932249595412,0.6196609735488892,0.3139423131942749,1.4523414061376503
complex_loss_matched,medium,150,28.736124930410867,0.9333708882331848,0.13298392295837402,0.434298283361118
complex_loss_matched,medium,151,29.26385786752722,0.9344470500946045,0.13091211020946503,0.4221082600460953
complex_loss_matched,medium,152,28.74547240412417,0.9350737929344177,0.12762781977653503,0.4395397490093294
complex_loss_matched,medium,153,29.147656504215963,0.9340215921401978,0.13954676687717438,0.43393354633119396
complex_loss_matched,medium,154,29.070731689474336,0.9344266057014465,0.1374647319316864,0.42984911270765913
complex_loss_matched,medium,155,28.463995849247937,0.9315384030342102,0.13978780806064606,0.4270432189087976
complex_loss_matched,medium,156,27.988715549886088,0.9308298826217651,0.13806039094924927,0.40399063314139916
complex_loss_matched,medium,157,28.486914279070795,0.9320457577705383,0.13485674560070038,0.42347540928553284
complex_loss_matched,medium,158,28.18652953732017,0.9323573708534241,0.13892889022827148,0.4183572447261084
complex_loss_matched,medium,159,28.404570205962244,0.9252468347549438,0.13959291577339172,0.46920553218821354
complex_loss_matched,medium,160,29.179475465868062,0.9289502501487732,0.1793142855167389,0.48864006509266983
complex_loss_matched,medium,161,29.055403701337212,0.9265036582946777,0.18377718329429626,0.49554287352687326
complex_loss_matched,medium,162,28.88628184601394,0.924960732460022,0.19190862774848938,0.4990477481957607
complex_loss_matched,medium,163,28.70933679035653,0.921760082244873,0.1943056881427765,0.4952667064119039
complex_loss_matched,medium,164,28.55619543852887,0.9213732481002808,0.19823075830936432,0.5082756824057535
complex_loss_matched,medium,165,28.50380575702097,0.9185826182365417,0.2018457055091858,0.5051951685605437
complex_loss_matched,medium,166,28.367293186618696,0.9178272485733032,0.19900259375572205,0.5159994589699897
complex_loss_matched,medium,167,28.23275363792709,0.915489673614502,0.20159441232681274,0.5132090261768555
complex_loss_matched,medium,168,28.096859688927257,0.9148686528205872,0.20235905051231384,0.5187318595966662
complex_loss_matched,medium,169,27.98572573456111,0.9136297702789307,0.20315523445606232,0.5165625695899743
complex_loss_matched,medium,170,39.49875516507426,0.9781939387321472,0.016174543648958206,0.24426485215783686
complex_loss_matched,medium,171,35.176577915195566,0.946891725063324,0.03266802430152893,0.2616200300115541
complex_loss_matched,medium,172,39.94486297832369,0.976285994052887,0.019216245040297508,0.20765448177731768
complex_loss_matched,medium,173,37.10211541131161,0.9480041861534119,0.030814673751592636,0.27170162794916974
complex_loss_matched,medium,174,29.996824867703058,0.8737832307815552,0.08485310524702072,0.38558919068506636
complex_loss_matched,medium,175,31.89596997543193,0.8969125151634216,0.06773870438337326,0.4132759713892515
complex_loss_matched,medium,176,34.297757730135665,0.9314194917678833,0.04425688832998276,0.3548795263249016
complex_loss_matched,medium,177,33.401976388695736,0.9175033569335938,0.05495189130306244,0.4295835586882655
complex_loss_matched,medium,178,29.108389229059476,0.889667809009552,0.08395789563655853,0.4778906240861436
complex_loss_matched,medium,179,33.9221403936794,0.9366620182991028,0.04291471093893051,0.36797065717337735
complex_loss_matched,medium,180,40.81604379880758,0.9735741019248962,0.05029648542404175,0.9380019640264697
complex_loss_matched,medium,181,42.01758686356666,0.9782893657684326,0.04507150501012802,0.877114920827721
complex_loss_matched,medium,182,38.94250981136209,0.9648275375366211,0.0707467719912529,0.9430340800573082
complex_loss_matched,medium,183,41.413973526500804,0.9818969964981079,0.02349471114575863,0.6505584553145038
complex_loss_matched,medium,184,38.98029283114106,0.9784733653068542,0.038417767733335495,0.8002901336919863
complex_loss_matched,medium,185,35.870258278666824,0.979469895362854,0.038995251059532166,0.7280143174222324
complex_loss_matched,medium,186,33.14448630147204,0.9749078154563904,0.05596545711159706,0.7176717598244231
complex_loss_matched,medium,187,37.49596573643697,0.9798038005828857,0.04633842408657074,0.7818115526553476
complex_loss_matched,medium,188,39.277835330151774,0.9814052581787109,0.04439576715230942,0.844800193941153
complex_loss_matched,medium,189,41.08684704404921,0.9754661917686462,0.050151702016592026,1.0463852578275248
complex_loss_matched,medium,190,22.304762456863315,0.5234038829803467,0.3456723093986511,1.4940081952316469
complex_loss_matched,medium,191,21.775364189351016,0.5087518692016602,0.3619604706764221,1.5330446932607913
complex_loss_matched,medium,192,22.037015693403976,0.5137465000152588,0.3505047559738159,1.5057081181717493
complex_loss_matched,medium,193,22.354759622336196,0.5184034109115601,0.3396470248699188,1.470153030542192
complex_loss_matched,medium,194,21.58432677862126,0.4951867461204529,0.35685139894485474,1.5360625504516519
complex_loss_matched,medium,195,21.53506493091314,0.4913383722305298,0.34154704213142395,1.5414899713278218
complex_loss_matched,medium,196,22.14511730284649,0.5045797824859619,0.3318352699279785,1.4757706400174488
complex_loss_matched,medium,197,21.971005308282155,0.5003767013549805,0.3314465582370758,1.4830392594919584
complex_loss_matched,medium,198,23.51774131115925,0.549640953540802,0.2887129485607147,1.532341797399013
complex_loss_matched,medium,199,24.800123790445202,0.6235958933830261,0.24221979081630707,1.5978101188599088
complex_loss_matched,medium,200,21.885935877162417,0.4990983307361603,0.3635809123516083,1.428396749832917
complex_loss_matched,medium,201,21.461996988044287,0.4784656763076782,0.3798138499259949,1.5195159620966525
complex_loss_matched,medium,202,21.79844892029451,0.5064301490783691,0.3660072386264801,1.4439806925329932
complex_loss_matched,medium,203,22.456617448030855,0.5264568328857422,0.3597692549228668,1.4367185870507055
complex_loss_matched,medium,204,22.07783428942136,0.5101996660232544,0.36511877179145813,1.4299476144792589
complex_loss_matched,medium,205,21.45046954117149,0.4540007710456848,0.41514599323272705,1.5394757005433506
complex_loss_matched,medium,206,21.493195108533705,0.48335742950439453,0.4054790437221527,1.5425058739987565
complex_loss_matched,medium,207,22.932506229412084,0.5625712871551514,0.32911211252212524,1.4017307587184924
complex_loss_matched,medium,208,22.149196892314865,0.49543312191963196,0.37649834156036377,1.5364537578227992
complex_loss_matched,medium,209,22.436794572606754,0.5174111723899841,0.3865780830383301,1.497455430164521
complex_loss_matched,medium,210,37.33878260312112,0.9580893516540527,0.07412926107645035,0.8091531659309531
complex_loss_matched,medium,211,36.56736273678532,0.9589474201202393,0.05951801314949989,0.734324669028633
complex_loss_matched,medium,212,35.250063326619184,0.9405076503753662,0.11556928604841232,0.998272920429187
complex_loss_matched,medium,213,36.327657207264835,0.9599467515945435,0.05911114439368248,0.7521738711324951
complex_loss_matched,medium,214,37.601855959758524,0.9589117765426636,0.08138805627822876,0.8678352295877275
complex_loss_matched,medium,215,37.821077065973846,0.9650837182998657,0.0517033152282238,0.7050234843658845
complex_loss_matched,medium,216,37.58560605035773,0.9551600217819214,0.08834213018417358,0.9017419598445805
complex_loss_matched,medium,217,39.36971757642795,0.9730260968208313,0.03845147415995598,0.6851478507291926
complex_loss_matched,medium,218,39.821671855295435,0.9719610214233398,0.04642454534769058,0.6745029485014893
complex_loss_matched,medium,219,39.18023963903416,0.9711683988571167,0.04709276556968689,0.6365653918116677
complex_loss_matched,medium,220,26.71400432011339,0.9133901596069336,0.07697837054729462,0.6140681212674947
complex_loss_matched,medium,221,22.484212975361288,0.8855433464050293,0.08707059174776077,0.6619394671495668
complex_loss_matched,medium,222,22.29176559948035,0.7997198104858398,0.14026884734630585,0.8936128580370153
complex_loss_matched,medium,223,25.59305725262918,0.8470459580421448,0.11386455595493317,0.7133821604813729
complex_loss_matched,medium,224,25.66595466181047,0.8475496768951416,0.11315560340881348,0.7476086328598424
complex_loss_matched,medium,225,25.030702974858766,0.8401784896850586,0.12270483374595642,0.8013024194494459
complex_loss_matched,medium,226,23.98498563825383,0.7926878333091736,0.17756527662277222,0.9102968496922509
complex_loss_matched,medium,227,22.85941830198879,0.7055326104164124,0.266984760761261,1.1905305882408457
complex_loss_matched,medium,228,27.372699969677594,0.8230443596839905,0.1713845282793045,0.9972925542844395
complex_loss_matched,medium,229,29.199719876982503,0.8984691500663757,0.10938632488250732,0.8155401225696948
complex_loss_matched,medium,230,24.91310577717674,0.685488760471344,0.35543060302734375,1.4763122518370586
complex_loss_matched,medium,231,24.04557038469217,0.6440090537071228,0.3668674826622009,1.48344158297703
complex_loss_matched,medium,232,28.217169360977277,0.8277872800827026,0.2970530688762665,1.0348229242173193
complex_loss_matched,medium,233,32.04111741288956,0.9300161004066467,0.13268621265888214,0.6715955184227557
complex_loss_matched,medium,234,32.8231045147633,0.9476946592330933,0.10820003598928452,0.5553582185971412
complex_loss_matched,medium,235,35.98543290151978,0.9750425219535828,0.042464956641197205,0.37108184916678066
complex_loss_matched,medium,236,35.53489634101113,0.9699838757514954,0.05395402014255524,0.46300836815476315
complex_loss_matched,medium,237,33.35140882950388,0.949321985244751,0.08985144644975662,0.5580257123898574
complex_loss_matched,medium,238,30.591584250570367,0.9482173919677734,0.08800581097602844,0.49169605749473355
complex_loss_matched,medium,239,28.650946703025,0.9390116930007935,0.10504963248968124,0.5747104277405195
complex_loss_matched,medium,240,24.57197371713779,0.8533265590667725,0.3727976679801941,1.5452292073054554
complex_loss_matched,medium,241,25.494392895162633,0.8932463526725769,0.3000826835632324,1.5486043238052456
complex_loss_matched,medium,242,27.958677680440438,0.890163004398346,0.23200252652168274,1.5154170939385907
complex_loss_matched,medium,243,26.342780325396443,0.880384087562561,0.3438180685043335,1.5117788271466732
complex_loss_matched,medium,244,24.186072555393018,0.8879171013832092,0.33683034777641296,1.4907032286360382
complex_loss_matched,medium,245,25.543661061413403,0.8745602965354919,0.35619133710861206,1.5121427743115847
complex_loss_matched,medium,246,27.17568627578455,0.8728050589561462,0.3185636103153229,1.5088561300664098
complex_loss_matched,medium,247,25.562320942140033,0.9018065333366394,0.2908831536769867,1.36756661736906
complex_loss_matched,medium,248,32.68230400968736,0.914588212966919,0.2933115065097809,1.3221897342188191
complex_loss_matched,medium,249,28.190698730337594,0.8968954086303711,0.30410218238830566,1.440806725010668
complex_loss_matched,medium,250,33.786613576525156,0.9406001567840576,0.0814271867275238,0.5238214625682034
complex_loss_matched,medium,251,28.747565070488136,0.9165285229682922,0.0702318400144577,0.6540627337485303
complex_loss_matched,medium,252,27.10192765904675,0.8713564872741699,0.12576143443584442,0.7870885132325594
complex_loss_matched,medium,253,29.486657033431058,0.938198983669281,0.06589435786008835,0.5372111960037804
complex_loss_matched,medium,254,30.225036409078964,0.89749675989151,0.1231587827205658,0.7454977157103286
complex_loss_matched,medium,255,34.35545760868405,0.9759501814842224,0.02112276293337345,0.42317726827091057
complex_loss_matched,medium,256,31.785856656835982,0.9500611424446106,0.044691164046525955,0.49784169403800854
complex_loss_matched,medium,257,29.14994728666878,0.8415670394897461,0.17965161800384521,0.837508026101775
complex_loss_matched,medium,258,22.081091814465985,0.605222225189209,0.328738272190094,1.0845474674257043
complex_loss_matched,medium,259,20.604439222847233,0.47704726457595825,0.38294869661331177,1.4105212136945242
complex_loss_matched,medium,260,28.858342459261888,0.9103568196296692,0.11822745203971863,0.7087647414409756
complex_loss_matched,medium,261,28.70590213990072,0.910503625869751,0.10918426513671875,0.6993013479424435
complex_loss_matched,medium,262,26.215470101381563,0.8773133754730225,0.1397249847650528,0.8003528755205579
complex_loss_matched,medium,263,26.16125925589918,0.8848864436149597,0.12779435515403748,0.705544913559157
complex_loss_matched,medium,264,24.95743847087747,0.8825050592422485,0.13904426991939545,0.7326101686211812
complex_loss_matched,medium,265,26.37297337665067,0.8852775692939758,0.13253140449523926,0.7241631626936581
complex_loss_matched,medium,266,27.238772141659,0.8936269283294678,0.12449272722005844,0.7018890482297834
complex_loss_matched,medium,267,26.733198893088463,0.8794095516204834,0.13674747943878174,0.7310144752079731
complex_loss_matched,medium,268,26.526906736634544,0.8802385330200195,0.1404542326927185,0.7645468464935211
complex_loss_matched,medium,269,27.250774014405078,0.9085039496421814,0.11136673390865326,0.6966922814760798
complex_loss_matched,medium,270,30.665274368329737,0.9505245089530945,0.05859396606683731,0.5288381889841545
complex_loss_matched,medium,271,31.640092954186187,0.9438286423683167,0.08405759930610657,0.46191943604859337
complex_loss_matched,medium,272,32.303054267058435,0.9594681859016418,0.04076828062534332,0.40798949776095556
complex_loss_matched,medium,273,30.677293740101987,0.9473583698272705,0.05890759080648422,0.3454678646871025
complex_loss_matched,medium,274,31.161546409870486,0.9542109966278076,0.04318731278181076,0.4197202018743913
complex_loss_matched,medium,275,31.598948727074077,0.9410666823387146,0.08933498710393906,0.40323176010926964
complex_loss_matched,medium,276,29.985188173924698,0.9441691040992737,0.059028707444667816,0.38121295886735007
complex_loss_matched,medium,277,29.71582255758005,0.9337085485458374,0.07214780151844025,0.3670217499161959
complex_loss_matched,medium,278,29.293217879549324,0.9244656562805176,0.0829879641532898,0.40558483002713985
complex_loss_matched,medium,279,31.237202305088285,0.9257792830467224,0.12081707268953323,0.45763514388303467
complex_loss_matched,medium,280,18.601325545621826,0.4309389293193817,0.46480777859687805,1.5423302523925206
complex_loss_matched,medium,281,18.229928415126114,0.4222942590713501,0.4768529236316681,1.5402128423432486
complex_loss_matched,medium,282,17.97445680831203,0.4029076397418976,0.4937519133090973,1.5478926839957214
complex_loss_matched,medium,283,18.164568964503278,0.40265291929244995,0.5025941133499146,1.5386510189116398
complex_loss_matched,medium,284,19.193706764669294,0.4209904968738556,0.43543753027915955,1.5305808633736477
complex_loss_matched,medium,285,19.13579876338026,0.42683863639831543,0.433836966753006,1.5262961039564693
complex_loss_matched,medium,286,18.537891294962375,0.40147796273231506,0.44915488362312317,1.5564575485678498
complex_loss_matched,medium,287,19.43235415130814,0.4308505952358246,0.41304460167884827,1.5675123558460673
complex_loss_matched,medium,288,19.69569364786328,0.42932531237602234,0.43651360273361206,1.5510064479737375
complex_loss_matched,medium,289,19.918521404332484,0.4372889995574951,0.43238717317581177,1.5230225536560489
complex_loss_matched,medium,290,18.674866413902606,0.44608280062675476,0.5370906591415405,1.5463465138908152
complex_loss_matched,medium,291,18.02551568071987,0.44574230909347534,0.5455818176269531,1.5547738466538412
complex_loss_matched,medium,292,17.878481225603874,0.46444183588027954,0.6054642200469971,1.5698332789918685
complex_loss_matched,medium,293,18.05990737018018,0.49206551909446716,0.6003751754760742,1.562037499320193
complex_loss_matched,medium,294,18.617336343099783,0.5355834364891052,0.5886082053184509,1.5323187438457369
complex_loss_matched,medium,295,18.506205271731936,0.56026691198349,0.5556503534317017,1.5415378781048343
complex_loss_matched,medium,296,19.15477260370986,0.609333336353302,0.5172997713088989,1.5415974776271038
complex_loss_matched,medium,297,18.93500495520524,0.5603334903717041,0.5889256596565247,1.5495897110976706
complex_loss_matched,medium,298,17.51762111162386,0.4810270667076111,0.6301243901252747,1.5452076077614436
complex_loss_matched,medium,299,18.457642383260083,0.46556785702705383,0.618469774723053,1.541773376124129
complex_loss_matched,medium,300,38.33660330431907,0.9854450821876526,0.030611086636781693,0.7771807888663824
complex_loss_matched,medium,301,31.479061788675338,0.9524377584457397,0.10132996737957001,0.8640532302742764
complex_loss_matched,medium,302,30.705942436862543,0.9378831386566162,0.13205067813396454,0.9857231803405034
complex_loss_matched,medium,303,31.109439711038796,0.9496431946754456,0.10958650708198547,0.8550701835633226
complex_loss_matched,medium,304,31.153586679513403,0.9515144228935242,0.10639039427042007,0.8923655738177038
complex_loss_matched,medium,305,31.173228917811258,0.9504419565200806,0.1156124472618103,0.823203867212969
complex_loss_matched,medium,306,31.02946027042393,0.9474508166313171,0.12433117628097534,0.8800933558632466
complex_loss_matched,medium,307,31.00945750691496,0.9525203704833984,0.11293048411607742,0.8358482714904564
complex_loss_matched,medium,308,31.558958647912903,0.953662633895874,0.10871337354183197,0.8669660559044976
complex_loss_matched,medium,309,32.78739307886601,0.9642062783241272,0.0909762904047966,0.7458821538334596
complex_full,easy,0,28.39264026193384,0.7722519636154175,0.1820705384016037,1.4898237935261587
complex_full,easy,1,28.977327457890233,0.8096864819526672,0.19135762751102448,1.3339872362683962
complex_full,easy,2,38.45067830673727,0.9741142988204956,0.026967177167534828,0.5538331935905982
complex_full,easy,3,36.66415008674018,0.9576264023780823,0.06795293837785721,0.6909693211573297
complex_full,easy,4,31.21971768368787,0.8644636273384094,0.1676507443189621,1.1329641886139952
complex_full,easy,5,35.02903405915211,0.9280937314033508,0.10297999531030655,0.74929272614148
complex_full,easy,6,28.708647239452336,0.7944536805152893,0.17947712540626526,1.418165381522669
complex_full,easy,7,35.72903456356025,0.9579412341117859,0.04401252791285515,0.6080079303120919
complex_full,easy,8,34.80224607077357,0.959646999835968,0.03352571278810501,0.6517442298459665
complex_full,easy,9,37.391253068856386,0.9752070903778076,0.021526619791984558,0.542855059673355
complex_full,easy,10,29.271357331187925,0.8684536218643188,0.16236725449562073,0.9682939104249558
complex_full,easy,11,34.23779207880357,0.949339747428894,0.06739170849323273,0.7667421575656296
complex_full,easy,12,31.877496981882615,0.9294460415840149,0.11270665377378464,0.9213393687507092
complex_full,easy,13,32.38023241010768,0.9417297840118408,0.07104146480560303,0.7452992425509741
complex_full,easy,14,32.86130402489356,0.9382864236831665,0.07531800866127014,0.796485495101566
complex_full,easy,15,32.864249907191024,0.948077917098999,0.06180700659751892,0.7708319690281096
complex_full,easy,16,31.906220450113402,0.9567771553993225,0.04284916818141937,0.6856817079349824
complex_full,easy,17,32.6416588263845,0.9375124573707581,0.06784582883119583,0.7877819456652645
complex_full,easy,18,27.848008995084076,0.806347668170929,0.20287343859672546,1.3399399992771972
complex_full,easy,19,28.870302887920204,0.8827555179595947,0.12286361306905746,1.0268631863432993
complex_full,easy,20,30.292247464795395,0.8195947408676147,0.1973872035741806,1.3699550567146483
complex_full,easy,21,31.720486442300416,0.8665066361427307,0.18183466792106628,1.2824837585509465
complex_full,easy,22,32.45199929910638,0.8864333629608154,0.1854362189769745,1.250205277898827
complex_full,easy,23,34.18710164875478,0.9118070006370544,0.17954976856708527,1.2039583300729508
complex_full,easy,24,33.52168407681858,0.909721314907074,0.16205114126205444,1.2016470695456727
complex_full,easy,25,35.82734726647543,0.9387111067771912,0.11654582619667053,1.0631426488272973
complex_full,easy,26,32.02151625351958,0.8727511167526245,0.2765682339668274,1.358678399528429
complex_full,easy,27,30.939852247436512,0.848983645439148,0.30515724420547485,1.3410936832811158
complex_full,easy,28,33.237837049169926,0.9117687344551086,0.17372077703475952,1.1097871519125453
complex_full,easy,29,32.269810923864924,0.8879544734954834,0.22094780206680298,1.2419469284851046
complex_full,easy,30,30.163138139188035,0.8931096196174622,0.08858910948038101,0.7372224897011895
complex_full,easy,31,31.12914118793837,0.9090384244918823,0.06799140572547913,0.6550440631542681
complex_full,easy,32,34.419861272184285,0.9583904147148132,0.03585422411561012,0.47908463941386187
complex_full,easy,33,35.810271784757,0.9753016233444214,0.01915748044848442,0.3933832519159495
complex_full,easy,34,36.421412384965066,0.978447437286377,0.016573477536439896,0.39656516870196395
complex_full,easy,35,37.88963766796343,0.9866787791252136,0.008570455946028233,0.32094031362091074
complex_full,easy,36,38.09729298216614,0.9876508116722107,0.008013666607439518,0.3079170231999595
complex_full,easy,37,37.04492923413891,0.9836136698722839,0.010299304500222206,0.361203711919925
complex_full,easy,38,39.48275791660672,0.990180492401123,0.005610108841210604,0.2542138242400509
complex_full,easy,39,37.91403000629573,0.9869473576545715,0.008446929045021534,0.3352560485617471
complex_full,easy,40,31.46385479769968,0.8571211099624634,0.13014137744903564,1.1732567584362765
complex_full,easy,41,33.986589246910235,0.9229423403739929,0.10966227203607559,1.060204061395764
complex_full,easy,42,28.655447208181876,0.7464702725410461,0.26297491788864136,1.5198638612023843
complex_full,easy,43,33.35805405778836,0.8853213787078857,0.11861250549554825,1.0827423204968667
complex_full,easy,44,34.85819819827782,0.9277706146240234,0.12076622992753983,0.8592258810061141
complex_full,easy,45,34.05693143167389,0.8984355926513672,0.1686592400074005,0.9189208723379724
complex_full,easy,46,29.502874509038758,0.8413841128349304,0.19780614972114563,1.1756198406498306
complex_full,easy,47,29.778831160068577,0.8665695786476135,0.19299224019050598,1.0246901326611761
complex_full,easy,48,28.638399013514515,0.8291304111480713,0.209453284740448,1.2030827214450894
complex_full,easy,49,24.645832839869133,0.6240805983543396,0.33068564534187317,1.4372325183527144
complex_full,easy,50,26.37491134233032,0.7634152770042419,0.1829640418291092,1.466428863981913
complex_full,easy,51,22.554370998616463,0.520240843296051,0.2992667555809021,1.5675619672016
complex_full,easy,52,35.98889317944041,0.9738210439682007,0.023728009313344955,0.4829782522655641
complex_full,easy,53,25.36217031674381,0.6742917895317078,0.26758241653442383,1.4889321741698731
complex_full,easy,54,32.214489108519295,0.8967176675796509,0.13314327597618103,0.9040530757407935
complex_full,easy,55,30.16867556756802,0.8687756657600403,0.1513921320438385,1.1009412723738732
complex_full,easy,56,37.375783085190534,0.967831552028656,0.03915722668170929,0.45604716235398485
complex_full,easy,57,31.729111875534418,0.8895058631896973,0.13270600140094757,0.9151455005056607
complex_full,easy,58,24.979561810726917,0.6807554960250854,0.2346360683441162,1.509244999916362
complex_full,easy,59,25.116665843094243,0.6725631356239319,0.2252507358789444,1.4529118870305613
complex_full,easy,60,35.219932947097774,0.9631921052932739,0.03266385942697525,0.5708009101642434
complex_full,easy,61,35.72555363126953,0.9670508503913879,0.035716019570827484,0.5611660165878201
complex_full,easy,62,24.195736078090842,0.6555501222610474,0.28440147638320923,1.5236384726377887
complex_full,easy,63,32.24036631946937,0.9001502990722656,0.1483440101146698,0.8496391907135044
complex_full,easy,64,34.05737505467282,0.9416126608848572,0.08569321036338806,0.6448572502558793
complex_full,easy,65,20.85068293465621,0.4905703067779541,0.35650673508644104,1.590849407908534
complex_full,easy,66,27.38451427669158,0.7994580864906311,0.1816619336605072,1.2127530485253433
complex_full,easy,67,28.455914626682475,0.8256987929344177,0.16449293494224548,1.0744251451923044
complex_full,easy,68,25.23668475549876,0.7228250503540039,0.27285337448120117,1.2148079283914908
complex_full,easy,69,35.584767177673946,0.9635863304138184,0.044649265706539154,0.49871733846130195
complex_full,easy,70,33.962640507586485,0.9675537347793579,0.03343461826443672,0.6667327380258432
complex_full,easy,71,21.817906543655656,0.5575742125511169,0.31706276535987854,1.5394263536806665
complex_full,easy,72,25.811712256858574,0.7729995846748352,0.21592332422733307,1.4162151247811652
complex_full,easy,73,22.92739138301471,0.6664590835571289,0.22902323305606842,1.5768608300764637
complex_full,easy,74,23.85548056317537,0.5816536545753479,0.2130536139011383,1.538646389617784
complex_full,easy,75,37.49788419109866,0.9808653593063354,0.017049631103873253,0.46804879244411546
complex_full,easy,76,21.739658102739075,0.48011478781700134,0.3321715295314789,1.5265901522969945
complex_full,easy,77,29.421184030481395,0.8569164872169495,0.14795416593551636,1.2549947566939892
complex_full,easy,78,36.117577920393735,0.9715138673782349,0.025036342442035675,0.5686748003426229
complex_full,easy,79,37.95010384353062,0.9773545861244202,0.02001325413584709,0.3992787285466863
complex_full,easy,80,38.438004727420825,0.9711349606513977,0.029197024181485176,0.6735752322114804
complex_full,easy,81,37.08164252751515,0.9663934111595154,0.023104801774024963,0.6140620116825426
complex_full,easy,82,21.418348243074057,0.41128724813461304,0.31742924451828003,1.550242345338564
complex_full,easy,83,22.176445575141997,0.4717746675014496,0.3096339702606201,1.5402999085636628
complex_full,easy,84,21.08291329152089,0.3982885777950287,0.3274523913860321,1.5344364048082915
complex_full,easy,85,26.61321833911067,0.706217885017395,0.24063444137573242,1.4728022149808977
complex_full,easy,86,32.29937797035601,0.8800919651985168,0.16497346758842468,0.9923088649881985
complex_full,easy,87,35.119815993280916,0.9375605583190918,0.08383078873157501,0.9274416889537594
complex_full,easy,88,29.196519786504645,0.7854596376419067,0.23069331049919128,1.3459705603894407
complex_full,easy,89,26.92870210599542,0.7462084293365479,0.22635473310947418,1.3360010445555213
complex_full,easy,90,34.99239529130189,0.966153085231781,0.029646292328834534,0.6425302919054624
complex_full,easy,91,21.9841458858528,0.5699207186698914,0.28663021326065063,1.5429445834714366
complex_full,easy,92,21.998889477393604,0.5675361156463623,0.28917866945266724,1.5277584895297525
complex_full,easy,93,22.563721382006186,0.5644552707672119,0.2979865074157715,1.55871826205139
complex_full,easy,94,33.668664620797585,0.9218578338623047,0.12093912065029144,0.7831022408218103
complex_full,easy,95,29.027428186061282,0.802579402923584,0.17201220989227295,1.2650349989012737
complex_full,easy,96,36.44571238947212,0.9577591419219971,0.04620148241519928,0.6101240507234093
complex_full,easy,97,27.304396078632642,0.7561764121055603,0.25441962480545044,1.4718200355588882
complex_full,easy,98,26.33426805031505,0.691394031047821,0.2833785116672516,1.4716500687581415
complex_full,easy,99,33.067320240188884,0.9305961728096008,0.0703963041305542,0.7876176489699372
complex_full,easy,100,33.91919002895068,0.922558605670929,0.16875728964805603,0.8378871765791969
complex_full,easy,101,21.609600940841922,0.5976799130439758,0.4358293116092682,1.496964155888974
complex_full,easy,102,39.625583384882425,0.9804428815841675,0.026272127404808998,0.5373051654686768
complex_full,easy,103,27.071749969226808,0.7447166442871094,0.4713401794433594,1.5487136518976463
complex_full,easy,104,41.411174699137376,0.9842457175254822,0.017185108736157417,0.45716968639741107
complex_full,easy,105,37.94647991328955,0.9604406356811523,0.10381567478179932,0.6717151922508369
complex_full,easy,106,39.06374911034526,0.974155843257904,0.06700389087200165,0.6563616154204555
complex_full,easy,107,31.260956359448564,0.8578919172286987,0.27128738164901733,1.2467420404810483
complex_full,easy,108,24.957341896190812,0.6855299472808838,0.44894441962242126,1.5340684087892476
complex_full,easy,109,34.83753223187145,0.9292920827865601,0.183430477976799,1.0070797171859491
complex_full,easy,110,24.244216862069706,0.6733853816986084,0.4359862208366394,1.4608889173070578
complex_full,easy,111,23.868526664689675,0.6158157587051392,0.41491323709487915,1.4910989330255118
complex_full,easy,112,25.76237756805048,0.7429959177970886,0.38245832920074463,1.1372428456589396
complex_full,easy,113,26.995160050185003,0.7598629593849182,0.35719937086105347,1.2749588886747218
complex_full,easy,114,27.566433049585793,0.8308411836624146,0.2636461555957794,1.1259513078805077
complex_full,easy,115,31.580657598998357,0.9064120054244995,0.14910291135311127,0.8439970198568932
complex_full,easy,116,33.12467368511416,0.9251879453659058,0.11394862830638885,0.8547707016303855
complex_full,easy,117,34.366488612760065,0.944366455078125,0.07564599066972733,0.7168294385661372
complex_full,easy,118,29.58907232824931,0.8423517942428589,0.2129702866077423,1.050437966356301
complex_full,easy,119,26.706611929804644,0.739590048789978,0.29361629486083984,1.3020234853886223
complex_full,easy,120,35.595930743584745,0.9848446249961853,0.014211921021342278,0.1611329764126085
complex_full,easy,121,30.74259238855865,0.9715536832809448,0.030248839408159256,0.2144852507276193
complex_full,easy,122,34.64522377264882,0.9832504987716675,0.012938590720295906,0.21556504127013013
complex_full,easy,123,31.278222333524297,0.9737552404403687,0.02802170068025589,0.1919929789406529
complex_full,easy,124,39.545506385885275,0.9918559789657593,0.006738955155014992,0.1465419447811986
complex_full,easy,125,33.75809509219611,0.9798956513404846,0.018380992114543915,0.21045400776176323
complex_full,easy,126,31.087034304527936,0.9673196077346802,0.024533674120903015,0.2439682521929715
complex_full,easy,127,31.424392360591533,0.9558058381080627,0.03207135200500488,0.31642996003829643
complex_full,easy,128,31.54685097409688,0.9654226303100586,0.024043496698141098,0.2948819415190919
complex_full,easy,129,30.874441232038908,0.967290997505188,0.021688207983970642,0.31295746671938457
complex_full,easy,130,50.1301062008774,0.9974883198738098,0.0025290469639003277,0.19915125304671388
complex_full,easy,131,55.68192743217163,0.9994109272956848,0.0004451972199603915,0.10459796680793282
complex_full,easy,132,49.922795915610465,0.9982326030731201,0.0023135398514568806,0.17908493750351162
complex_full,easy,133,36.9766674103103,0.9754416346549988,0.03554726764559746,0.41144733576340387
complex_full,easy,134,36.52081506578446,0.9745842814445496,0.05003415420651436,0.3649756471592438
complex_full,easy,135,38.414471497963525,0.9781641364097595,0.026452096179127693,0.5831199773785228
complex_full,easy,136,39.901984108307246,0.9883043766021729,0.007884399965405464,0.4854442460454799
complex_full,easy,137,46.311532269359816,0.9948129057884216,0.0064861467108130455,0.26161227647511437
complex_full,easy,138,42.90306337774338,0.9865560531616211,0.024880249053239822,0.31416711256248764
complex_full,easy,139,53.76057478670879,0.9988852739334106,0.00042148775537498295,0.11655187663022025
complex_full,easy,140,29.503891411493363,0.7825226783752441,0.2240711748600006,1.4923666490498697
complex_full,easy,141,25.62701022694818,0.6284044981002808,0.31069719791412354,1.5285038949547227
complex_full,easy,142,25.675892781023574,0.6176604628562927,0.2898606061935425,1.4882124585076781
complex_full,easy,143,27.952129786192145,0.7368829846382141,0.2602759003639221,1.4224095216893644
complex_full,easy,144,29.387996252794824,0.8064646124839783,0.21823042631149292,1.2898523114147737
complex_full,easy,145,28.679788999155512,0.7263899445533752,0.24964991211891174,1.3864601012030855
complex_full,easy,146,29.654335047841144,0.8245668411254883,0.1702004075050354,1.2038831998632915
complex_full,easy,147,28.407843570993915,0.7149366140365601,0.24793773889541626,1.357509642710312
complex_full,easy,148,30.47257488716868,0.7932575345039368,0.1907074898481369,1.1357710177970877
complex_full,easy,149,28.897686436730933,0.7389561533927917,0.22769352793693542,1.3046410546721432
complex_full,easy,150,32.66422741607359,0.9567211866378784,0.09231681376695633,0.39563724758242724
complex_full,easy,151,33.15471694688472,0.9591461420059204,0.08889633417129517,0.37613516421277887
complex_full,easy,152,32.83527006553526,0.9593382477760315,0.08155524730682373,0.3799126875298973
complex_full,easy,153,33.4527363206931,0.9603468179702759,0.08545643091201782,0.3799311611494858
complex_full,easy,154,33.46428536047574,0.96177077293396,0.08819809556007385,0.37345830086064263
complex_full,easy,155,32.71874642586019,0.9572877883911133,0.09206369519233704,0.3817116731206693
complex_full,easy,156,31.86789343116889,0.9519619345664978,0.09915276616811752,0.3856466635611846
complex_full,easy,157,32.408941484799406,0.9559858441352844,0.0931275263428688,0.38952426627921727
complex_full,easy,158,31.920442097410636,0.956253170967102,0.09670916199684143,0.3916535629001691
complex_full,easy,159,32.082067360182066,0.9510667324066162,0.09640803933143616,0.423041892780671
complex_full,easy,160,33.6351168660737,0.9550079107284546,0.1341511607170105,0.452076477583903
complex_full,easy,161,33.49624223986092,0.9554331302642822,0.1264994740486145,0.44926954375244343
complex_full,easy,162,33.2068777777685,0.9537271857261658,0.13139395415782928,0.46404326697990544
complex_full,easy,163,33.11641860771093,0.9533601999282837,0.13200248777866364,0.45766596230633216
complex_full,easy,164,32.94599500798985,0.9528561234474182,0.13002033531665802,0.4793453173734445
complex_full,easy,165,33.05129436894971,0.953143835067749,0.1275293529033661,0.46293381993225546
complex_full,easy,166,32.770907227154346,0.9512361884117126,0.1311081498861313,0.48084012686107763
complex_full,easy,167,32.75018680831931,0.950096845626831,0.13415561616420746,0.4664568789931569
complex_full,easy,168,32.61326214000195,0.9494963884353638,0.1354750543832779,0.48440852414117885
complex_full,easy,169,32.522481122296625,0.9474103450775146,0.1440025269985199,0.4740143656380443
complex_full,easy,170,44.32957953025156,0.9920092225074768,0.005319614429026842,0.14657292311707573
complex_full,easy,171,37.942677192186,0.9708213210105896,0.021641386672854424,0.19984430080575546
complex_full,easy,172,44.5954794221238,0.9909675121307373,0.008541584946215153,0.1319452032996958
complex_full,easy,173,42.77521452050412,0.9835949540138245,0.01695426180958748,0.1812347923987724
complex_full,easy,174,33.21626436510152,0.9191000461578369,0.05775761231780052,0.35161648978185206
complex_full,easy,175,35.341179797156144,0.9440675377845764,0.038441382348537445,0.33631468671926773
complex_full,easy,176,38.8542895918591,0.9704001545906067,0.024541152641177177,0.25910653378733955
complex_full,easy,177,36.983238526014986,0.9595287442207336,0.028373200446367264,0.33723974815696184
complex_full,easy,178,32.8105132459386,0.9341831803321838,0.04982490837574005,0.41920826848246023
complex_full,easy,179,38.47067898738133,0.9727171659469604,0.02154417335987091,0.2807245915799373
complex_full,easy,180,45.99846040703411,0.9895213842391968,0.02265167608857155,0.6904643814982282
complex_full,easy,181,48.222068202184985,0.9932827353477478,0.014255375601351261,0.5460209558122768
complex_full,easy,182,44.7692776442008,0.9859054684638977,0.03461470454931259,0.7281994132191006
complex_full,easy,183,47.016942459195135,0.9928244948387146,0.012878225184977055,0.4894673607836803
complex_full,easy,184,42.30701381265539,0.9899055361747742,0.01417904905974865,0.543009269999414
complex_full,easy,185,37.11819945873627,0.9855523109436035,0.025866998359560966,0.5232641055583552
complex_full,easy,186,37.23450900953856,0.9844092726707458,0.03413165733218193,0.5396768526292559
complex_full,easy,187,43.74520887363636,0.9925850629806519,0.014638750813901424,0.48015374593091115
complex_full,easy,188,44.78677524857048,0.9922426342964172,0.013803886249661446,0.5187549926706027
complex_full,easy,189,46.77996877658253,0.991997480392456,0.01422191970050335,0.623163758797323
complex_full,easy,190,24.961115605587562,0.623399555683136,0.2709200084209442,1.481785659446046
complex_full,easy,191,24.519620276316523,0.6031918525695801,0.2991548776626587,1.4805010051884953
complex_full,easy,192,24.909684826323417,0.6205149292945862,0.2744680345058441,1.4777411603848927
complex_full,easy,193,25.266662350518065,0.6329557299613953,0.2597820460796356,1.4757286519753805
complex_full,easy,194,24.180765047915187,0.5861982703208923,0.2786525785923004,1.4898199543030126
complex_full,easy,195,24.22698528630883,0.5866997838020325,0.2823806703090668,1.4879241711887505
complex_full,easy,196,24.847236736043115,0.6126866936683655,0.2510966658592224,1.4707867405548907
complex_full,easy,197,24.609436236954913,0.6038253903388977,0.25927603244781494,1.4734060668656828
complex_full,easy,198,27.83647314240099,0.7547067999839783,0.2054690420627594,1.4541631008123133
complex_full,easy,199,31.233160752601346,0.8693123459815979,0.18157286942005157,1.137257026945831
complex_full,easy,200,25.072592590340335,0.6086933612823486,0.24231913685798645,1.3016956811951441
complex_full,easy,201,24.557683367700246,0.5784708261489868,0.28251755237579346,1.38071027029805
complex_full,easy,202,25.025711499335095,0.6364771723747253,0.2608979046344757,1.221141226989008
complex_full,easy,203,25.717016517475777,0.6553354263305664,0.23292335867881775,1.184616664959085
complex_full,easy,204,25.353222331142664,0.636367917060852,0.2630373537540436,1.2307152959797518
complex_full,easy,205,24.47982060818746,0.5811678767204285,0.2867482304573059,1.3773577670732235
complex_full,easy,206,24.396462745619573,0.5957204699516296,0.30629920959472656,1.4998371195578855
complex_full,easy,207,25.98487024613823,0.6784379482269287,0.20983874797821045,1.2044044023628147
complex_full,easy,208,25.579861818260493,0.6286148428916931,0.24654415249824524,1.4500663418710562
complex_full,easy,209,25.27270818048486,0.628157913684845,0.2707832455635071,1.4499044673141466
complex_full,easy,210,42.27722840955962,0.9848954081535339,0.025511259213089943,0.5278632392128545
complex_full,easy,211,41.5077183227364,0.9828964471817017,0.026714792475104332,0.5219909241775845
complex_full,easy,212,41.585751676620916,0.9835593700408936,0.026813004165887833,0.5561720610887343
complex_full,easy,213,41.43735312774335,0.9835752844810486,0.02457352727651596,0.5205754802487234
complex_full,easy,214,42.93018655255766,0.9864245653152466,0.019368544220924377,0.5221877362349872
complex_full,easy,215,42.48344502083257,0.9858936071395874,0.023365270346403122,0.4787596423324559
complex_full,easy,216,43.21270189157585,0.9872621297836304,0.018037522211670876,0.506720066600795
complex_full,easy,217,43.89514774737246,0.9891433119773865,0.015241189859807491,0.48428715216955665
complex_full,easy,218,44.84431288422873,0.9901937246322632,0.013931136578321457,0.4233529173194302
complex_full,easy,219,43.85199270291106,0.989484429359436,0.01921050064265728,0.4198095638423979
complex_full,easy,220,28.87029314331464,0.9549532532691956,0.031498514115810394,0.4366252966828166
complex_full,easy,221,27.42785208146749,0.944989800453186,0.05205120891332626,0.33806860605019157
complex_full,easy,222,26.03379234486455,0.8801437616348267,0.08517381548881531,0.7191960392575103
complex_full,easy,223,30.784204301755334,0.9516935348510742,0.04265875741839409,0.3512726957071015
complex_full,easy,224,27.832191147262545,0.8951570391654968,0.08156207203865051,0.6213425042546317
complex_full,easy,225,27.426756080523123,0.887657880783081,0.08860248327255249,0.6587181002262711
complex_full,easy,226,29.117552498541354,0.9296898245811462,0.07112424075603485,0.42545979666334804
complex_full,easy,227,25.83544977185628,0.862262487411499,0.13358847796916962,0.8397754373257582
complex_full,easy,228,31.81366944721927,0.9675071835517883,0.022150211036205292,0.46944729106297495
complex_full,easy,229,33.865361620821666,0.9616844654083252,0.0461769700050354,0.5896700217598578
complex_full,easy,230,31.547002215654395,0.8868726491928101,0.2645217478275299,0.8793851048535485
complex_full,easy,231,30.4381358197507,0.8625739812850952,0.29234185814857483,0.9221384829057634
complex_full,easy,232,33.66262653298074,0.9525383114814758,0.09863771498203278,0.5562042316245205
complex_full,easy,233,36.65188740506958,0.972115695476532,0.04781563952565193,0.504911082884626
complex_full,easy,234,37.05394468834479,0.9797770380973816,0.03755291923880577,0.4185592627820227
complex_full,easy,235,41.48187049847063,0.992289662361145,0.011274455115199089,0.24794162077475548
complex_full,easy,236,39.62059782535853,0.9901710748672485,0.013986979611217976,0.3082660089096446
complex_full,easy,237,37.78049492632508,0.9795306921005249,0.02719694748520851,0.4166898662703559
complex_full,easy,238,34.55537180142075,0.9691943526268005,0.04968062788248062,0.43714879898628906
complex_full,easy,239,32.30457576680711,0.9608811736106873,0.06283587217330933,0.5098233129133249
complex_full,easy,240,28.41983614039437,0.8820977210998535,0.323250412940979,1.511228322493612
complex_full,easy,241,29.0178738023914,0.9153625965118408,0.29744648933410645,1.4525532773878933
complex_full,easy,242,31.862650269914255,0.9147835373878479,0.17649321258068085,1.431865020440917
complex_full,easy,243,29.75421625988638,0.8973713517189026,0.31195080280303955,1.4928525092208893
complex_full,easy,244,28.14625968461258,0.9132170677185059,0.26524025201797485,1.50385865447733
complex_full,easy,245,29.5005574923158,0.898408830165863,0.3270754814147949,1.5132635051376706
complex_full,easy,246,31.352249566448336,0.9025124907493591,0.31897231936454773,1.4523901780487691
complex_full,easy,247,28.803562558021145,0.9359272718429565,0.19317394495010376,1.1441970963245678
complex_full,easy,248,39.34279709464781,0.9706544876098633,0.09891572594642639,1.0479079288458077
complex_full,easy,249,30.90902158646397,0.9254772663116455,0.2220434993505478,1.2568688551068432
complex_full,easy,250,38.890807309613834,0.9803389310836792,0.02916507050395012,0.3234054542872109
complex_full,easy,251,34.05094679156874,0.9747439026832581,0.020835183560848236,0.38497219069201516
complex_full,easy,252,32.969953953272,0.9587149024009705,0.0535883828997612,0.4841296806259072
complex_full,easy,253,35.4130384906555,0.9800799489021301,0.021098125725984573,0.3483624637491924
complex_full,easy,254,34.28845850181654,0.963692307472229,0.03570352494716644,0.5220336679782406
complex_full,easy,255,39.872509612605256,0.991814136505127,0.006981796585023403,0.30974914884150023
complex_full,easy,256,39.2010778851619,0.987250804901123,0.014028916135430336,0.2938895004803519
complex_full,easy,257,36.69212721411695,0.970160961151123,0.04159357398748398,0.43525722348267704
complex_full,easy,258,24.83620856743841,0.7495400309562683,0.22439640760421753,0.9176312272703457
complex_full,easy,259,21.68847004782507,0.5498255491256714,0.352294385433197,1.2538499947445148
complex_full,easy,260,34.726558724646594,0.9678416848182678,0.056234803050756454,0.5299922889432076
complex_full,easy,261,31.792083603289555,0.9433233737945557,0.07975494116544724,0.639866205574109
complex_full,easy,262,32.13582208081796,0.9488754868507385,0.07521896809339523,0.6596442173141487
complex_full,easy,263,28.887113662434473,0.9212135672569275,0.09577056765556335,0.6623641090323781
complex_full,easy,264,27.470492783196406,0.9331325888633728,0.09594674408435822,0.6431586721928556
complex_full,easy,265,29.26658356354967,0.9200285077095032,0.1023205816745758,0.6874867241909796
complex_full,easy,266,32.61606474930023,0.9440822005271912,0.07850039005279541,0.6203287542998372
complex_full,easy,267,29.70111262063782,0.9183166027069092,0.10207290947437286,0.6759158804426105
complex_full,easy,268,32.07197182722285,0.9522455334663391,0.07941040396690369,0.5942063930143103
complex_full,easy,269,33.18930891038191,0.9603258967399597,0.06664875894784927,0.5422228470441037
complex_full,easy,270,34.21475590462067,0.9770199060440063,0.023182446137070656,0.3212476100387836
complex_full,easy,271,36.63717328505028,0.9756621718406677,0.03230343759059906,0.3205262092124397
complex_full,easy,272,37.076936774102386,0.9827292561531067,0.015279289335012436,0.2610085998032495
complex_full,easy,273,32.432289853609106,0.9604120254516602,0.03249581903219223,0.2584726811871364
complex_full,easy,274,36.53462049057717,0.9804635047912598,0.022431932389736176,0.2814052783900108
complex_full,easy,275,35.69070524091411,0.9739407300949097,0.027357030659914017,0.27022919461522993
complex_full,easy,276,33.94983332395447,0.9707925915718079,0.028531089425086975,0.2582163271219294
complex_full,easy,277,34.08857421978256,0.9624684453010559,0.03656808286905289,0.3066717828268795
complex_full,easy,278,33.581442827192305,0.9567099809646606,0.04104834794998169,0.3240541164629512
complex_full,easy,279,36.579110441061516,0.9685772061347961,0.04564876854419708,0.29893319440364813
complex_full,easy,280,21.998815456951903,0.5324835777282715,0.3502165377140045,1.510238728590693
complex_full,easy,281,21.54765026775408,0.5253251194953918,0.3579864799976349,1.5272347457180242
complex_full,easy,282,21.156836592442172,0.49755653738975525,0.36876562237739563,1.5413825272744124
complex_full,easy,283,20.869757732903853,0.493304967880249,0.38042569160461426,1.5253501363236184
complex_full,easy,284,21.919670439495572,0.5329318642616272,0.3321037292480469,1.4737245455455195
complex_full,easy,285,21.477294650147385,0.5195392966270447,0.3266463577747345,1.5252936148879532
complex_full,easy,286,21.41720515594197,0.4987145662307739,0.33621424436569214,1.565441721200395
complex_full,easy,287,22.74414764199905,0.5521020293235779,0.29103630781173706,1.5311392496708842
complex_full,easy,288,23.16772380878403,0.5696321129798889,0.2916513979434967,1.5184163776900508
complex_full,easy,289,23.299139962944786,0.5591666102409363,0.2908918857574463,1.4443348547350052
complex_full,easy,290,21.834114560380268,0.5810158848762512,0.45786455273628235,1.4911585021608473
complex_full,easy,291,21.601036672588222,0.5976808667182922,0.4529760181903839,1.5113746740262395
complex_full,easy,292,19.79059815101064,0.506313681602478,0.5043252110481262,1.5576470956667123
complex_full,easy,293,20.21454838410677,0.5316689014434814,0.502572774887085,1.518637649294684
complex_full,easy,294,21.22270565925095,0.6025059223175049,0.4994255304336548,1.4529787802863956
complex_full,easy,295,21.58320788566911,0.6447345018386841,0.49135464429855347,1.4889740873602708
complex_full,easy,296,22.21801594144072,0.680253267288208,0.4300016462802887,1.5086077193169245
complex_full,easy,297,21.859386231871312,0.6480503082275391,0.48568710684776306,1.5258632657074884
complex_full,easy,298,19.684166754202067,0.5224059820175171,0.5561809539794922,1.495917276461115
complex_full,easy,299,20.99790286393126,0.538937509059906,0.5227629542350769,1.4951889397616664
complex_full,easy,300,40.94020206954031,0.9932940006256104,0.015150983817875385,0.428659519917826
complex_full,easy,301,33.648445095402664,0.9597758650779724,0.08358372002840042,0.8241012600056382
complex_full,easy,302,33.15920412272338,0.9540471434593201,0.11460497975349426,0.752498043871061
complex_full,easy,303,32.876253954293674,0.9557139873504639,0.09569033980369568,0.8095761631717111
complex_full,easy,304,32.83008437397977,0.9586482644081116,0.09791611135005951,0.694975709539226
complex_full,easy,305,33.02634528594544,0.955949068069458,0.10367220640182495,0.8004929045792063
complex_full,easy,306,33.31646282462914,0.9592657685279846,0.10040336847305298,0.7237606402587841
complex_full,easy,307,33.271068167950745,0.9598731994628906,0.09494945406913757,0.7960818958998884
complex_full,easy,308,34.19205630883556,0.9660506248474121,0.07745246589183807,0.7629882442532434
complex_full,easy,309,37.440015271805805,0.9779853820800781,0.04791714996099472,0.6843256540592989
complex_full,extreme,0,17.447642768199568,0.38669154047966003,0.6086359024047852,1.55186675260064
complex_full,extreme,1,18.331667233224938,0.40360578894615173,0.5335161685943604,1.559898192201332
complex_full,extreme,2,21.730396343959832,0.501156210899353,0.46647053956985474,1.5458501760273144
complex_full,extreme,3,21.262452004437485,0.43178078532218933,0.48358869552612305,1.5358419881777265
complex_full,extreme,4,20.438709930522315,0.4541727602481842,0.4547857642173767,1.5468251511231335
complex_full,extreme,5,21.343328427910077,0.47990307211875916,0.5039576888084412,1.516061389819739
complex_full,extreme,6,18.419979506140667,0.3927718997001648,0.5728429555892944,1.5434905108178016
complex_full,extreme,7,20.74091518932903,0.4668462574481964,0.45383620262145996,1.519252351039765
complex_full,extreme,8,20.48750754131077,0.48118624091148376,0.4189106225967407,1.5121785410268744
complex_full,extreme,9,23.258495967749127,0.6423941254615784,0.3434014618396759,1.2409632291366604
complex_full,extreme,10,17.038901464701397,0.4281677305698395,0.5306773781776428,1.4984986347533165
complex_full,extreme,11,22.16267108596869,0.5933305025100708,0.42126888036727905,1.4258456292900903
complex_full,extreme,12,18.97913761348454,0.4524494409561157,0.4891606569290161,1.5318386081910482
complex_full,extreme,13,20.432277965667108,0.5396435260772705,0.4529784321784973,1.4659174643521904
complex_full,extreme,14,19.082596065580034,0.47256872057914734,0.4632362723350525,1.5004482022547956
complex_full,extreme,15,22.121990532310555,0.5719459056854248,0.4360869526863098,1.472040877356268
complex_full,extreme,16,21.450708478338257,0.5822606682777405,0.37845781445503235,1.433833129258816
complex_full,extreme,17,20.368665754579347,0.5138735175132751,0.43666955828666687,1.4565822344002657
complex_full,extreme,18,15.612127564519032,0.2956978678703308,0.5870075225830078,1.5442409333484644
complex_full,extreme,19,17.6621046600222,0.3797477185726166,0.5253405570983887,1.5290045476741492
complex_full,extreme,20,16.875486343489904,0.41414251923561096,0.552754282951355,1.5389434702986045
complex_full,extreme,21,16.825866326637968,0.46815943717956543,0.5556521415710449,1.5451885824810143
complex_full,extreme,22,18.76062342299472,0.5491802096366882,0.5234492421150208,1.5328301483893423
complex_full,extreme,23,19.965037407659096,0.5666468739509583,0.538185179233551,1.5293729422313411
complex_full,extreme,24,19.95759263945164,0.5660346150398254,0.5224728584289551,1.5486603742770528
complex_full,extreme,25,21.14090577008338,0.6180129051208496,0.5437326431274414,1.5233152921084567
complex_full,extreme,26,18.7129619627851,0.5252631902694702,0.5941081047058105,1.5382942904911576
complex_full,extreme,27,18.38020550161463,0.5489108562469482,0.5908786058425903,1.5290722341237826
complex_full,extreme,28,17.77384547726125,0.5223191380500793,0.5838502645492554,1.5326894941865383
complex_full,extreme,29,17.337882439003604,0.514177680015564,0.5682706832885742,1.519211526251089
complex_full,extreme,30,17.32782880475014,0.31779560446739197,0.3964196443557739,1.5015306704920832
complex_full,extreme,31,18.232018034982318,0.3703460693359375,0.35239019989967346,1.4631881172047478
complex_full,extreme,32,19.111000672355875,0.3991945683956146,0.3453456163406372,1.4974348294875768
complex_full,extreme,33,21.223064786009985,0.5752750039100647,0.2433539777994156,1.2903555008676832
complex_full,extreme,34,21.25398843397532,0.5408684015274048,0.2651200294494629,1.392743736729992
complex_full,extreme,35,20.93110302870833,0.5408048033714294,0.23746946454048157,1.3776636373391913
complex_full,extreme,36,25.47841393368788,0.7618554830551147,0.16896019876003265,1.0628973759942544
complex_full,extreme,37,20.673222069757884,0.5213150382041931,0.2639956474304199,1.3023606660220644
complex_full,extreme,38,21.409966799953718,0.6074307560920715,0.1866755187511444,1.3404374828675696
complex_full,extreme,39,24.995990501271926,0.7263916730880737,0.2045271098613739,1.196146185979077
complex_full,extreme,40,21.846844329664634,0.4925887882709503,0.4323523938655853,1.487699949300085
complex_full,extreme,41,21.015207989391982,0.44907107949256897,0.5250111818313599,1.5475782710913013
complex_full,extreme,42,20.198111809577128,0.4279003441333771,0.5180270671844482,1.5518559201577176
complex_full,extreme,43,22.666580750745705,0.530462920665741,0.45507800579071045,1.4966689570375609
complex_full,extreme,44,21.1330790393502,0.4781891107559204,0.43918377161026,1.5445047578766917
complex_full,extreme,45,20.397470543626337,0.45904549956321716,0.4698098301887512,1.5378359923431753
complex_full,extreme,46,18.498393175390582,0.4672383964061737,0.5574066042900085,1.535891834670357
complex_full,extreme,47,18.47267790638034,0.5014031529426575,0.5127864480018616,1.5036740696751687
complex_full,extreme,48,18.80183024788501,0.39282429218292236,0.5300793051719666,1.5610587204481978
complex_full,extreme,49,17.58110770681498,0.3579724431037903,0.5768533945083618,1.5390082031431003
complex_full,extreme,50,17.221243573222452,0.32986584305763245,0.5620335936546326,1.5370965953344047
complex_full,extreme,51,16.815496746448893,0.2651515603065491,0.5372437834739685,1.5501304223057522
complex_full,extreme,52,17.392350629390382,0.2567501366138458,0.48936477303504944,1.5506805489962334
complex_full,extreme,53,17.100716329998495,0.26379212737083435,0.5393877029418945,1.555913060660437
complex_full,extreme,54,18.82804136332494,0.3348563611507416,0.5124495029449463,1.5395646326635959
complex_full,extreme,55,17.912642993469,0.2779347896575928,0.5172098875045776,1.5454784453095112
complex_full,extreme,56,20.04511135518264,0.42320001125335693,0.43027374148368835,1.5287400829059763
complex_full,extreme,57,17.626084490721116,0.3089483380317688,0.5215466022491455,1.5556701660037209
complex_full,extreme,58,16.24154750851736,0.2589043974876404,0.5623448491096497,1.5519328915782402
complex_full,extreme,59,16.269459944148025,0.2948080003261566,0.5526084899902344,1.5560432074521244
complex_full,extreme,60,18.41326074147973,0.33184146881103516,0.4567040205001831,1.5435137617115953
complex_full,extreme,61,18.452757366168193,0.35750868916511536,0.49177080392837524,1.5378554646521956
complex_full,extreme,62,14.376844479714075,0.22505366802215576,0.6076551675796509,1.5565265304988307
complex_full,extreme,63,17.060994518161106,0.2486347109079361,0.5196274518966675,1.5294147471538866
complex_full,extreme,64,18.05563652430671,0.30725112557411194,0.502587616443634,1.5426847314112877
complex_full,extreme,65,14.836040135591242,0.21334248781204224,0.5803102254867554,1.5554491039247036
complex_full,extreme,66,16.182845497095748,0.2332301139831543,0.5065916180610657,1.5390318263577105
complex_full,extreme,67,16.19058191846324,0.215934157371521,0.5226750373840332,1.550154112319934
complex_full,extreme,68,13.529615929861109,0.19351528584957123,0.5959675908088684,1.563170647440721
complex_full,extreme,69,16.8340452235315,0.24484433233737946,0.4803723096847534,1.5527407066946781
complex_full,extreme,70,15.852781706901036,0.23044438660144806,0.4364033341407776,1.5597692547415842
complex_full,extreme,71,13.847692762912462,0.18970635533332825,0.5821071863174438,1.5611267477833028
complex_full,extreme,72,14.049747756645594,0.21220672130584717,0.5820252895355225,1.562699916556827
complex_full,extreme,73,14.765218841486739,0.25655242800712585,0.572248101234436,1.5629276132207501
complex_full,extreme,74,15.88483979766316,0.2696681618690491,0.5191057324409485,1.558048339561798
complex_full,extreme,75,19.59222397222056,0.443495512008667,0.4337295889854431,1.496825589378082
complex_full,extreme,76,14.814446370963044,0.2626992464065552,0.602040708065033,1.560315489404739
complex_full,extreme,77,16.477273764284558,0.2908881604671478,0.5319799780845642,1.5474855761208968
complex_full,extreme,78,17.169255648908546,0.3264060616493225,0.45253756642341614,1.5452277735980713
complex_full,extreme,79,19.301114657486075,0.4194236397743225,0.48735570907592773,1.445960731838829
complex_full,extreme,80,20.55762562346065,0.34712961316108704,0.4240557551383972,1.5440447254477387
complex_full,extreme,81,21.482716373270755,0.5126267671585083,0.3231948912143707,1.4703220326570001
complex_full,extreme,82,16.46165239817314,0.27808254957199097,0.5925068259239197,1.558607863936093
complex_full,extreme,83,16.074924029481114,0.26925110816955566,0.620246410369873,1.5584267760122794
complex_full,extreme,84,16.429288340394276,0.28038060665130615,0.5842757225036621,1.563790386222771
complex_full,extreme,85,17.259096309907335,0.2814554274082184,0.5463736057281494,1.562667795641272
complex_full,extreme,86,18.88018252896265,0.3333980441093445,0.55271977186203,1.5566793944890318
complex_full,extreme,87,20.258579932936595,0.4635249376296997,0.5169571042060852,1.5114696586658487
complex_full,extreme,88,17.72351035221004,0.31448712944984436,0.5790754556655884,1.5512278790391167
complex_full,extreme,89,17.48025681145863,0.2853451669216156,0.5239262580871582,1.5466359743199887
complex_full,extreme,90,16.504785167039255,0.26327162981033325,0.43153929710388184,1.5418728956568026
complex_full,extreme,91,13.434760082006116,0.2245662808418274,0.5925937294960022,1.552406674910845
complex_full,extreme,92,13.604962518424607,0.2425636500120163,0.6240215301513672,1.5485912486324789
complex_full,extreme,93,14.415160012421644,0.24883832037448883,0.6034739017486572,1.5563120989105406
complex_full,extreme,94,18.31281994195215,0.36274614930152893,0.49986669421195984,1.5402835126499832
complex_full,extreme,95,18.061087416410974,0.32885119318962097,0.5074619650840759,1.547262244906998
complex_full,extreme,96,19.180999822569817,0.3669058680534363,0.5114481449127197,1.545497842380769
complex_full,extreme,97,15.360539341010476,0.2828098237514496,0.59454345703125,1.5657021942205056
complex_full,extreme,98,16.342570364207813,0.3402855694293976,0.5891389846801758,1.5522580326337687
complex_full,extreme,99,16.13988853095315,0.3259677588939667,0.485535591840744,1.557270865356317
complex_full,extreme,100,16.332504145687597,0.4470386505126953,0.6880600452423096,1.5361875472343351
complex_full,extreme,101,15.033146121759469,0.4101599454879761,0.6894329786300659,1.521866254942638
complex_full,extreme,102,21.146547487698925,0.540733277797699,0.5829523801803589,1.4968976730043275
complex_full,extreme,103,17.893750049760733,0.4741044044494629,0.6332689523696899,1.5554816537322151
complex_full,extreme,104,25.310698441078202,0.7070905566215515,0.4946281313896179,1.4067212795822623
complex_full,extreme,105,20.97868780179004,0.5646635293960571,0.6082286834716797,1.5135318791139254
complex_full,extreme,106,20.130016847245486,0.5431048274040222,0.5834447145462036,1.5431006964879803
complex_full,extreme,107,17.72903057025242,0.49695324897766113,0.5969747304916382,1.55360463092348
complex_full,extreme,108,17.62277862434322,0.495589017868042,0.6023384928703308,1.5331988428728194
complex_full,extreme,109,17.620170629280278,0.5237523317337036,0.5909402966499329,1.5495682255290255
complex_full,extreme,110,16.707098521825554,0.4602263271808624,0.6166017651557922,1.5353332250060012
complex_full,extreme,111,16.43154210310572,0.37100914120674133,0.6437060832977295,1.5206145043331156
complex_full,extreme,112,18.432250582832722,0.4532025158405304,0.6312909126281738,1.521031307552244
complex_full,extreme,113,20.461858275948114,0.47212734818458557,0.5703617930412292,1.527110245491306
complex_full,extreme,114,21.42986118537145,0.5412173867225647,0.533247709274292,1.5199686930500207
complex_full,extreme,115,22.293204536943648,0.5468900203704834,0.48452723026275635,1.4970245407845741
complex_full,extreme,116,22.126582020659416,0.5307088494300842,0.4818432629108429,1.5015291127830217
complex_full,extreme,117,23.740633241767874,0.6162205338478088,0.4082123637199402,1.4335278499325732
complex_full,extreme,118,20.262697408397386,0.47998446226119995,0.5251258611679077,1.5104789668056107
complex_full,extreme,119,18.473671369508267,0.3976439833641052,0.5338449478149414,1.5152144814365156
complex_full,extreme,120,23.278040973595992,0.8518275022506714,0.1357899159193039,0.5856728394955762
complex_full,extreme,121,23.380862507655248,0.7860519886016846,0.1854020655155182,0.8339955439888279
complex_full,extreme,122,24.11189778171861,0.8390402793884277,0.12557466328144073,0.6741362635527802
complex_full,extreme,123,23.1803934256861,0.8571072220802307,0.12260426580905914,0.5490478441131116
complex_full,extreme,124,27.120949008202896,0.8936917185783386,0.08019889146089554,0.5131061954929939
complex_full,extreme,125,23.825085811027208,0.8601231575012207,0.11534734815359116,0.5463376279457289
complex_full,extreme,126,22.03082832332372,0.8267233967781067,0.1660822629928589,0.6248431005543464
complex_full,extreme,127,22.485247938016318,0.7735369801521301,0.22792086005210876,0.7370503291070883
complex_full,extreme,128,21.477645903067994,0.7349655032157898,0.2270711362361908,0.8376315954931696
complex_full,extreme,129,25.490010061099543,0.8734063506126404,0.09123014658689499,0.6017528895260388
complex_full,extreme,130,34.64471069593715,0.9780572056770325,0.024704409763216972,0.43460427841300203
complex_full,extreme,131,38.32124046800338,0.9824705719947815,0.015203118324279785,0.4462352675750069
complex_full,extreme,132,34.89241893835528,0.9792678356170654,0.018241841346025467,0.38794505093185494
complex_full,extreme,133,25.61784820062647,0.9127770662307739,0.11679845303297043,0.6368783923147489
complex_full,extreme,134,26.372580799341407,0.9196929931640625,0.11422456800937653,0.505710670046937
complex_full,extreme,135,26.79873340169437,0.9113429188728333,0.1044270247220993,0.9569268585421166
complex_full,extreme,136,30.98380477545809,0.9245331287384033,0.06712260842323303,1.0252084684210672
complex_full,extreme,137,29.970833159322964,0.9410136938095093,0.06868810951709747,0.6376654232861134
complex_full,extreme,138,28.689559858173844,0.9204950928688049,0.1071753203868866,0.6660379569117648
complex_full,extreme,139,36.13802039480182,0.9632731676101685,0.055633652955293655,0.5056779544517753
complex_full,extreme,140,20.08919304425199,0.5654451251029968,0.4711933135986328,1.541418425659088
complex_full,extreme,141,17.532906556153446,0.5095750689506531,0.5473755598068237,1.549180226980262
complex_full,extreme,142,16.36369252738088,0.47185227274894714,0.5582257509231567,1.5402670224885784
complex_full,extreme,143,17.887659453147858,0.4621557891368866,0.5057446956634521,1.5371387352284616
complex_full,extreme,144,18.930069283801863,0.46492859721183777,0.46887898445129395,1.5383434694525506
complex_full,extreme,145,18.81448671946717,0.4732973873615265,0.4969691038131714,1.545804265053608
complex_full,extreme,146,19.425371917990716,0.5141552090644836,0.4471307396888733,1.5414109126054585
complex_full,extreme,147,20.36569033009071,0.49502813816070557,0.453203022480011,1.5434307587007876
complex_full,extreme,148,21.495323056267797,0.5206921100616455,0.41895774006843567,1.5646361435800593
complex_full,extreme,149,20.93617343020511,0.49043139815330505,0.45184260606765747,1.535391624429958
complex_full,extreme,150,21.883338123092614,0.8869530558586121,0.21890094876289368,0.5153825719704198
complex_full,extreme,151,22.293559459004992,0.8916441202163696,0.20577368140220642,0.5173804545199411
complex_full,extreme,152,22.10647001157153,0.8846498131752014,0.22803127765655518,0.5299035660784638
complex_full,extreme,153,22.321745929959825,0.8850995898246765,0.22615550458431244,0.49984327468007606
complex_full,extreme,154,22.0177528856713,0.8872723579406738,0.22632870078086853,0.4977383121243754
complex_full,extreme,155,21.708099912446205,0.894223690032959,0.21538881957530975,0.48357236399767584
complex_full,extreme,156,21.555479581274405,0.889309823513031,0.22746753692626953,0.4804604811922655
complex_full,extreme,157,21.648323335475972,0.8912537097930908,0.21360105276107788,0.5018953408476196
complex_full,extreme,158,21.895046686363166,0.8922432065010071,0.21025386452674866,0.5059271597648413
complex_full,extreme,159,21.825798682874556,0.8827194571495056,0.22914981842041016,0.5215690394372703
complex_full,extreme,160,21.915806424656456,0.8819268345832825,0.2658371329307556,0.5215367232306489
complex_full,extreme,161,21.922400217423004,0.88044273853302,0.2668193280696869,0.5224712792228345
complex_full,extreme,162,21.821621944131195,0.8788928985595703,0.2745763659477234,0.5381500812709014
complex_full,extreme,163,21.740420995760154,0.8766535520553589,0.28367868065834045,0.5188710888735432
complex_full,extreme,164,21.589244937168278,0.8744586110115051,0.2836928367614746,0.5459670521795754
complex_full,extreme,165,21.548357632848575,0.873626708984375,0.28203096985816956,0.5200389941898729
complex_full,extreme,166,21.368873932061536,0.8723347187042236,0.2781420946121216,0.5430668640414305
complex_full,extreme,167,21.31652341236809,0.8722599744796753,0.283342182636261,0.5211093590079731
complex_full,extreme,168,21.232069540098962,0.8709666728973389,0.287923663854599,0.5488975322322179
complex_full,extreme,169,21.209269416408674,0.8721144199371338,0.2849750816822052,0.5216705772200754
complex_full,extreme,170,31.006525835103925,0.8966758847236633,0.06319966912269592,0.46592772521273523
complex_full,extreme,171,31.360311467700125,0.8915637731552124,0.0647636279463768,0.39138152141171756
complex_full,extreme,172,32.43293164448038,0.8947162628173828,0.06447635591030121,0.42996046128287846
complex_full,extreme,173,29.797454655333773,0.8515597581863403,0.0851968303322792,0.4521786188334882
complex_full,extreme,174,25.4404497470045,0.7886207103729248,0.17170394957065582,0.537967504516757
complex_full,extreme,175,26.036633165132685,0.7970677614212036,0.16054071485996246,0.5201520232432465
complex_full,extreme,176,28.698387152568174,0.8411465287208557,0.10964840650558472,0.4953145483891072
complex_full,extreme,177,26.80763056841898,0.8054805994033813,0.15769125521183014,0.6971029020873706
complex_full,extreme,178,23.379741152905726,0.806483805179596,0.1661992073059082,0.6972064715290992
complex_full,extreme,179,26.981356598421776,0.836708664894104,0.11884250491857529,0.5624300376336094
complex_full,extreme,180,32.049852023155196,0.9114155769348145,0.20483334362506866,1.3890851815812038
complex_full,extreme,181,32.74441061883937,0.9222925901412964,0.18414679169654846,1.2694370730078113
complex_full,extreme,182,31.31168806358422,0.9228287935256958,0.15703514218330383,1.1750317999095532
complex_full,extreme,183,33.72348178476729,0.9343463182449341,0.16314300894737244,1.1152250989493175
complex_full,extreme,184,33.48322632814424,0.9245918393135071,0.16712553799152374,1.300988386080087
complex_full,extreme,185,31.29014752015715,0.9164559841156006,0.18320059776306152,1.3977544039947591
complex_full,extreme,186,29.87103710736055,0.9349451661109924,0.16245397925376892,1.1559871186489383
complex_full,extreme,187,30.250158619077375,0.9318543076515198,0.16842973232269287,1.1889538404542304
complex_full,extreme,188,29.009539225708817,0.9148117303848267,0.2002110779285431,1.3404362997778199
complex_full,extreme,189,30.31293682078191,0.8968237638473511,0.22985897958278656,1.431811686986797
complex_full,extreme,190,18.30957799818386,0.4380028247833252,0.4675244688987732,1.5427058413578167
complex_full,extreme,191,17.92360156679998,0.427214115858078,0.476674884557724,1.5526758269044683
complex_full,extreme,192,18.10686360533197,0.42956411838531494,0.47691047191619873,1.5464346108793652
complex_full,extreme,193,18.079633426463463,0.42733636498451233,0.4744347333908081,1.5442126142457402
complex_full,extreme,194,17.64860566417271,0.41404205560684204,0.4840517044067383,1.5512158784574845
complex_full,extreme,195,17.69159611064923,0.4161822497844696,0.4778427481651306,1.5494810611718723
complex_full,extreme,196,17.64335545433847,0.41681715846061707,0.4653271734714508,1.5522406610738688
complex_full,extreme,197,17.99510876118977,0.41851964592933655,0.4541144073009491,1.5540169163057775
complex_full,extreme,198,18.882836161233648,0.4304956793785095,0.4346129298210144,1.5446221031758203
complex_full,extreme,199,19.29431019079024,0.4383130967617035,0.4123077392578125,1.5468941759174808
complex_full,extreme,200,17.740169983884332,0.34709981083869934,0.5253873467445374,1.5558688213625782
complex_full,extreme,201,17.554985324324946,0.342915803194046,0.531613826751709,1.5648341824082983
complex_full,extreme,202,17.723416484364463,0.34893226623535156,0.5235353708267212,1.556612677594247
complex_full,extreme,203,18.163578024741298,0.3611829876899719,0.5248405337333679,1.568093483518034
complex_full,extreme,204,17.979787389415147,0.35447949171066284,0.5170415639877319,1.5647951376090965
complex_full,extreme,205,17.817778082546944,0.35711869597435,0.5500249862670898,1.5671972851843368
complex_full,extreme,206,17.776787423721633,0.3567904531955719,0.5657240152359009,1.565762070836233
complex_full,extreme,207,18.526073460327463,0.39165881276130676,0.5044195652008057,1.5236334652968395
complex_full,extreme,208,18.17021413178618,0.36671143770217896,0.5314086079597473,1.5637523047588402
complex_full,extreme,209,18.19110426914188,0.37887638807296753,0.5329767465591431,1.562531228968
complex_full,extreme,210,26.924165325658137,0.7388836741447449,0.33809366822242737,1.566331834899022
complex_full,extreme,211,26.631875729329817,0.7369733452796936,0.33537691831588745,1.5770470996544006
complex_full,extreme,212,26.24143702986574,0.7297018766403198,0.3323728144168854,1.5457452848388398
complex_full,extreme,213,26.83359102133575,0.7457808256149292,0.32903075218200684,1.6081497255970614
complex_full,extreme,214,27.3074129121415,0.7390446662902832,0.32000425457954407,1.589929060584119
complex_full,extreme,215,27.55827471869025,0.7366399765014648,0.3084416389465332,1.6095238832723793
complex_full,extreme,216,26.841236157810634,0.7105679512023926,0.3382319211959839,1.5543186746598796
complex_full,extreme,217,27.745819141312843,0.7390205264091492,0.30471891164779663,1.58008390761655
complex_full,extreme,218,27.766856777612734,0.7306957244873047,0.2912115752696991,1.585722743010024
complex_full,extreme,219,27.615764163277685,0.7239444851875305,0.29238054156303406,1.559186992355609
complex_full,extreme,220,21.491594770968838,0.7577327489852905,0.20463895797729492,0.9758303919720093
complex_full,extreme,221,18.377542811722794,0.5963798761367798,0.35739487409591675,1.3488733744909382
complex_full,extreme,222,17.18437437285653,0.49433091282844543,0.3936440050601959,1.4502891007885061
complex_full,extreme,223,18.69120800388344,0.5865691900253296,0.318376362323761,1.1521892392954083
complex_full,extreme,224,17.801010255631546,0.4036122262477875,0.3820842206478119,1.5190967022122488
complex_full,extreme,225,17.689125599649604,0.36882662773132324,0.41003477573394775,1.5297017412938594
complex_full,extreme,226,16.8345911874873,0.33263280987739563,0.4507860839366913,1.5365894527561947
complex_full,extreme,227,17.29040816189499,0.3529691696166992,0.43855684995651245,1.4682129671125264
complex_full,extreme,228,17.21431443435437,0.3084092140197754,0.41809454560279846,1.4989268359013472
complex_full,extreme,229,17.536209366508135,0.3271806240081787,0.38250240683555603,1.4895786062289338
complex_full,extreme,230,19.71700018141496,0.5036889314651489,0.5501836538314819,1.5456352518140681
complex_full,extreme,231,19.09949746042742,0.4893192648887634,0.5300097465515137,1.5546199456782615
complex_full,extreme,232,19.28212933936444,0.45064777135849,0.5163180828094482,1.5695799410485771
complex_full,extreme,233,21.64381027912125,0.5528132915496826,0.47731900215148926,1.5657619332563486
complex_full,extreme,234,22.640457762858695,0.6213771104812622,0.3611117899417877,1.442138898726216
complex_full,extreme,235,27.68772782655045,0.8918397426605225,0.1804528385400772,0.6859403479417813
complex_full,extreme,236,24.57570061763061,0.6731515526771545,0.37928637862205505,1.3287854918937994
complex_full,extreme,237,21.90421991544255,0.5451133251190186,0.4063933491706848,1.4897070304496711
complex_full,extreme,238,24.01901311929525,0.8638209104537964,0.2557412087917328,0.7368054886322696
complex_full,extreme,239,22.57440841130096,0.7990967035293579,0.3309987783432007,0.9976219374357984
complex_full,extreme,240,19.53659473313412,0.8281668424606323,0.4658173620700836,1.5677514634553313
complex_full,extreme,241,22.542939070824495,0.8701736330986023,0.3863651156425476,1.568178544496498
complex_full,extreme,242,23.041651239527145,0.8639655709266663,0.3829199969768524,1.5638868539179018
complex_full,extreme,243,19.92726868042217,0.8489633202552795,0.4615046977996826,1.5622882489286791
complex_full,extreme,244,17.8280541059673,0.8494000434875488,0.459052175283432,1.5673832302128214
complex_full,extreme,245,19.387587880181393,0.8474750518798828,0.4257570505142212,1.557340816496929
complex_full,extreme,246,21.736407573595887,0.8429890275001526,0.4017426669597626,1.5508102777796717
complex_full,extreme,247,21.06261043830985,0.8485423922538757,0.42369499802589417,1.5509951150293837
complex_full,extreme,248,24.778549724673702,0.855017900466919,0.37776967883110046,1.54243639930909
complex_full,extreme,249,21.16787860226639,0.8544208407402039,0.414447546005249,1.5263625875829856
complex_full,extreme,250,21.920894897633474,0.5162916779518127,0.3230869770050049,1.2915202892461703
complex_full,extreme,251,20.90452618639221,0.4918546974658966,0.34338870644569397,1.2278128273904378
complex_full,extreme,252,20.25269417732946,0.5672627091407776,0.35070139169692993,1.1930989619083971
complex_full,extreme,253,21.024532675818975,0.6199262738227844,0.29317569732666016,1.167029929378676
complex_full,extreme,254,20.57105147323737,0.44733208417892456,0.37613943219184875,1.327539871989411
complex_full,extreme,255,26.249291161301592,0.8903922438621521,0.08505962789058685,0.7521877843084911
complex_full,extreme,256,22.44839006696973,0.6788413524627686,0.2197144627571106,1.2084259674569875
complex_full,extreme,257,19.750611094148937,0.3896270990371704,0.38879966735839844,1.3367396114742307
complex_full,extreme,258,17.613498021147777,0.2983195185661316,0.4554750323295593,1.3740181262909406
complex_full,extreme,259,15.721894280296393,0.2551012337207794,0.5258516073226929,1.4585308445371996
complex_full,extreme,260,22.88377836437185,0.8056922554969788,0.21933385729789734,0.9309584624824492
complex_full,extreme,261,22.966597849814082,0.8132087588310242,0.21632547676563263,0.9325775520965633
complex_full,extreme,262,20.9482159521735,0.7800509929656982,0.2473604381084442,0.9788695670287408
complex_full,extreme,263,21.001974332352795,0.7995840311050415,0.2354351431131363,0.9064474575106773
complex_full,extreme,264,20.761677523916013,0.799665093421936,0.2304477095603943,0.9514852815110916
complex_full,extreme,265,21.133441857106646,0.7950983643531799,0.24409137666225433,0.981780852101791
complex_full,extreme,266,21.426228813729683,0.7966039180755615,0.23696686327457428,0.9654706646678233
complex_full,extreme,267,20.41908082801218,0.7886709570884705,0.2514099180698395,0.9831191158707693
complex_full,extreme,268,21.032749596682585,0.8017199039459229,0.22197945415973663,0.9346065444126528
complex_full,extreme,269,21.248472921886794,0.7909191250801086,0.23861518502235413,1.0476251382440305
complex_full,extreme,270,22.904698699969206,0.6478416323661804,0.38068604469299316,1.544932386870152
complex_full,extreme,271,23.433032728291785,0.6712271571159363,0.35696375370025635,1.40756733909031
complex_full,extreme,272,24.174842037888475,0.7214705348014832,0.315079003572464,1.363548097867738
complex_full,extreme,273,24.328322114227117,0.8039203882217407,0.25902894139289856,1.059868276691656
complex_full,extreme,274,24.523299921769855,0.7495042085647583,0.33432143926620483,1.3083977608765058
complex_full,extreme,275,23.75591689889162,0.8088162541389465,0.2457922101020813,0.7642831656593424
complex_full,extreme,276,24.155075822037077,0.8322601914405823,0.2480621188879013,0.9046278843625452
complex_full,extreme,277,24.65931029293126,0.8425590395927429,0.20142781734466553,0.6825836347914936
complex_full,extreme,278,24.024152012626175,0.8479270339012146,0.21379037201404572,0.6732553228087225
complex_full,extreme,279,24.894272471233112,0.7794910073280334,0.2791685163974762,0.8377008560134684
complex_full,extreme,280,15.892562872295207,0.34325578808784485,0.6242130994796753,1.5572086696083758
complex_full,extreme,281,15.489494568437134,0.33365535736083984,0.6422510147094727,1.5590769470084382
complex_full,extreme,282,15.278436154203359,0.32532012462615967,0.6491873264312744,1.565371401580748
complex_full,extreme,283,15.181866639674215,0.31482112407684326,0.6340035200119019,1.5658605338916036
complex_full,extreme,284,15.55465066022509,0.31522104144096375,0.6111668944358826,1.5625840473470027
complex_full,extreme,285,15.538356562875101,0.30772268772125244,0.6079410314559937,1.5610881561665522
complex_full,extreme,286,15.36322740380034,0.30142125487327576,0.6178926825523376,1.568201929024254
complex_full,extreme,287,15.397172824340355,0.3035790026187897,0.6034322381019592,1.565573777972782
complex_full,extreme,288,15.471121448803446,0.30153900384902954,0.6119757890701294,1.565215435115529
complex_full,extreme,289,15.588733852438496,0.3104895353317261,0.6171101927757263,1.5597187665895966
complex_full,extreme,290,16.053926143375868,0.3744395077228546,0.6747062802314758,1.5578867536613956
complex_full,extreme,291,15.172783507250463,0.36555951833724976,0.7094584703445435,1.5592529878924448
complex_full,extreme,292,14.524181345713469,0.3785104751586914,0.7338712215423584,1.5680961683927475
complex_full,extreme,293,14.506979521001071,0.39312878251075745,0.7588649392127991,1.5701265379887202
complex_full,extreme,294,14.906462969118234,0.4411330819129944,0.7193803787231445,1.557967041694824
complex_full,extreme,295,15.510852670911937,0.4676319360733032,0.7091687917709351,1.5606795068226997
complex_full,extreme,296,16.40573625393121,0.46439018845558167,0.6980499625205994,1.565144719923059
complex_full,extreme,297,15.91571250580153,0.4548032879829407,0.725219190120697,1.5619144290497715
complex_full,extreme,298,13.80656514408197,0.4175724685192108,0.7762497067451477,1.5629188820626545
complex_full,extreme,299,14.456902690555617,0.3921506106853485,0.7500637769699097,1.5672685122251668
complex_full,extreme,300,31.274461440180556,0.891504168510437,0.2788228392601013,1.4544782346049312
complex_full,extreme,301,28.891385197104093,0.893441379070282,0.25358256697654724,1.3780442318033985
complex_full,extreme,302,27.52232593573677,0.8876911401748657,0.2733096182346344,1.3644329225057874
complex_full,extreme,303,27.47746343418044,0.8912416696548462,0.2662687599658966,1.3276117789140927
complex_full,extreme,304,27.59334575327374,0.9016328454017639,0.24473261833190918,1.2467025318694926
complex_full,extreme,305,27.26659090185326,0.905806303024292,0.23868829011917114,1.206440216425072
complex_full,extreme,306,26.916347580537465,0.9003096222877502,0.24734622240066528,1.2933878101953997
complex_full,extreme,307,26.42550494838882,0.8999224901199341,0.25373247265815735,1.3367634225329639
complex_full,extreme,308,26.10219141347781,0.9023503661155701,0.251189649105072,1.3430151617750068
complex_full,extreme,309,26.35829803700064,0.9081298112869263,0.24100902676582336,1.344560412873334
complex_full,hard,0,20.047514717235046,0.44022315740585327,0.5194001197814941,1.5510749565397806
complex_full,hard,1,20.695494078465067,0.48221611976623535,0.41368526220321655,1.546096468065932
complex_full,hard,2,27.17977529295794,0.7397502064704895,0.27676478028297424,1.3786656999368274
complex_full,hard,3,23.61785164682553,0.562430739402771,0.3712601959705353,1.5403786668107828
complex_full,hard,4,21.921989681153246,0.5310230255126953,0.3822636008262634,1.5297830344856347
complex_full,hard,5,24.383544796940196,0.5976138114929199,0.42871779203414917,1.4380865786081813
complex_full,hard,6,20.305987042845672,0.4434053599834442,0.4740069508552551,1.5482320925680364
complex_full,hard,7,21.95809673611234,0.5616231560707092,0.38340410590171814,1.4705435483056941
complex_full,hard,8,20.912762993169956,0.587489664554596,0.2128061056137085,1.5518365477885643
complex_full,hard,9,26.213015950173855,0.7273910641670227,0.2908812165260315,1.3220398639902016
complex_full,hard,10,20.02637287429347,0.5403424501419067,0.45026105642318726,1.4692742571515194
complex_full,hard,11,26.109349980387684,0.7312912344932556,0.3096015751361847,1.3052845158917552
complex_full,hard,12,23.619234441038582,0.629228949546814,0.38735419511795044,1.4673070278487563
complex_full,hard,13,25.267322698610563,0.7349889874458313,0.30328938364982605,1.292227247074968
complex_full,hard,14,23.744456540446013,0.6685866117477417,0.33926185965538025,1.3530637215287085
complex_full,hard,15,26.827610150403064,0.7610267400741577,0.26746124029159546,1.2194151975887528
complex_full,hard,16,26.432556820336934,0.7655671238899231,0.2558892071247101,1.2039168182661537
complex_full,hard,17,24.57949805690457,0.6777121424674988,0.30878549814224243,1.2817940216623482
complex_full,hard,18,18.538649305602036,0.39354807138442993,0.48491257429122925,1.534502668623208
complex_full,hard,19,21.003893767588583,0.5450868606567383,0.3918628990650177,1.4384552599105858
complex_full,hard,20,20.28947291514814,0.5107752084732056,0.435966819524765,1.5212965861471757
complex_full,hard,21,20.653529878828245,0.5522390604019165,0.4543192386627197,1.53553935947925
complex_full,hard,22,22.708128124470278,0.6694357395172119,0.4016041159629822,1.4673054690829144
complex_full,hard,23,23.58309274971464,0.666447103023529,0.42787331342697144,1.5010251804429726
complex_full,hard,24,23.33118809235566,0.6709921956062317,0.44260406494140625,1.5092483703339965
complex_full,hard,25,25.3243003509655,0.7290636897087097,0.39777249097824097,1.4891801020356628
complex_full,hard,26,21.336320722549097,0.5699669718742371,0.5280193090438843,1.527369316351795
complex_full,hard,27,21.155619907327804,0.6141273975372314,0.5124185681343079,1.49921676388236
complex_full,hard,28,20.88898269320215,0.6120418310165405,0.45492759346961975,1.5121058509800631
complex_full,hard,29,20.019397968557794,0.5940694212913513,0.48912107944488525,1.487050711539722
complex_full,hard,30,20.337462493366118,0.4930881857872009,0.2990674674510956,1.3582773166171955
complex_full,hard,31,21.714930298139468,0.5753706097602844,0.2602701485157013,1.2916941445153538
complex_full,hard,32,23.663708068047878,0.6858410239219666,0.20663520693778992,1.1637939195774836
complex_full,hard,33,25.561861645853448,0.7748318314552307,0.15286263823509216,1.0119101804898485
complex_full,hard,34,25.477861335864958,0.7452346682548523,0.19341954588890076,1.1265607392777024
complex_full,hard,35,26.486556030149192,0.8191936016082764,0.1288534253835678,1.005995812247235
complex_full,hard,36,29.803059196988286,0.8839819431304932,0.10482338815927505,0.8039964491061706
complex_full,hard,37,25.14916638821505,0.748613178730011,0.17151296138763428,1.1542353419086524
complex_full,hard,38,27.726465053317458,0.8717646598815918,0.0849531888961792,0.8404039201353473
complex_full,hard,39,26.53803119911293,0.7835780382156372,0.1560748666524887,1.1632630698854722
complex_full,hard,40,23.313793121478618,0.5327154994010925,0.3371047377586365,1.535255836261695
complex_full,hard,41,23.60692993740113,0.5614020228385925,0.4024401307106018,1.5373097549888446
complex_full,hard,42,22.003830870898504,0.48295676708221436,0.46850574016571045,1.5457870347174525
complex_full,hard,43,24.02168544263546,0.5646635293960571,0.4014376103878021,1.4577467578536012
complex_full,hard,44,25.04794670528886,0.6911659240722656,0.3083152174949646,1.4603420347411358
complex_full,hard,45,24.49456757287541,0.6281706690788269,0.3719816207885742,1.4975465458389021
complex_full,hard,46,20.885161037909626,0.5566003918647766,0.4523348808288574,1.5382692285702797
complex_full,hard,47,21.371386070508393,0.6182369589805603,0.4355000853538513,1.441157458509023
complex_full,hard,48,21.0672756790072,0.48109546303749084,0.4554864466190338,1.5518396168082476
complex_full,hard,49,18.943189334478134,0.39147353172302246,0.5137039422988892,1.5202869500739944
complex_full,hard,50,18.81863938797842,0.35899579524993896,0.4654960334300995,1.5365219727314663
complex_full,hard,51,17.510254538394033,0.2698103189468384,0.49332255125045776,1.544610191194163
complex_full,hard,52,21.532632764818086,0.5239884257316589,0.35372644662857056,1.3744427285039509
complex_full,hard,53,18.46387359862816,0.28769558668136597,0.48246273398399353,1.529299470173908
complex_full,hard,54,21.165856226458004,0.44285598397254944,0.43327057361602783,1.4994044512705258
complex_full,hard,55,20.274920336805188,0.3689439296722412,0.45250505208969116,1.5537174347148124
complex_full,hard,56,25.58384213703897,0.6919968128204346,0.30128318071365356,1.2627607022060643
complex_full,hard,57,20.55991046139509,0.39751341938972473,0.4453747868537903,1.5300360718933976
complex_full,hard,58,18.459110350432265,0.3141668438911438,0.4942198395729065,1.5505463377398474
complex_full,hard,59,18.499484156562453,0.3585304319858551,0.4786621332168579,1.5477605752337615
complex_full,hard,60,21.703684207567242,0.5169464945793152,0.36607789993286133,1.4976350780342542
complex_full,hard,61,22.198335142151304,0.5517998337745667,0.4115028977394104,1.3918019912188127
complex_full,hard,62,16.720546070631844,0.2765662372112274,0.5162445306777954,1.542120077593439
complex_full,hard,63,19.565052799275303,0.33852747082710266,0.49540823698043823,1.5285812787961515
complex_full,hard,64,22.069019340485397,0.5244439840316772,0.415233314037323,1.4871828196881218
complex_full,hard,65,15.915786100289552,0.24672377109527588,0.5475232005119324,1.550371976934635
complex_full,hard,66,17.964368006751016,0.28442996740341187,0.4440169334411621,1.5353251609195804
complex_full,hard,67,18.452114733880634,0.2923673391342163,0.44981271028518677,1.5438911480824977
complex_full,hard,68,16.245748121958496,0.2514289915561676,0.5108465552330017,1.5545979212172876
complex_full,hard,69,21.092168271962034,0.4796369671821594,0.4091692566871643,1.3753352217924943
complex_full,hard,70,18.23683493291616,0.3751228153705597,0.32151123881340027,1.5703362107807777
complex_full,hard,71,15.410155220346658,0.21278700232505798,0.5127585530281067,1.5539742438794495
complex_full,hard,72,16.506105707899078,0.2896609604358673,0.4683854579925537,1.5474171477499457
complex_full,hard,73,16.3710019003923,0.3116183280944824,0.4822967052459717,1.5479929660554947
complex_full,hard,74,17.073876835844604,0.2917047441005707,0.44772446155548096,1.5505398845756069
complex_full,hard,75,22.548424706379848,0.5651801228523254,0.26508453488349915,1.442439590210381
complex_full,hard,76,15.967859999201243,0.2890665829181671,0.5353312492370605,1.5469906909682614
complex_full,hard,77,18.640419780503148,0.3443104922771454,0.4409288465976715,1.534841349145249
complex_full,hard,78,22.30845286538164,0.5891438722610474,0.3333628475666046,1.2060772123180399
complex_full,hard,79,24.995036044267145,0.7192390561103821,0.23334366083145142,1.3134044781778644
complex_full,hard,80,23.7919174905956,0.5310165286064148,0.3074003756046295,1.5723867397136526
complex_full,hard,81,25.02249867208939,0.6945657730102539,0.19778716564178467,1.4668011196370558
complex_full,hard,82,17.54724012949454,0.2888742983341217,0.5195025205612183,1.5469412123969126
complex_full,hard,83,17.618061521045277,0.2878897786140442,0.5284306406974792,1.5512124785759314
complex_full,hard,84,17.808586008589018,0.2856994569301605,0.5186469554901123,1.552024918672279
complex_full,hard,85,18.99388028206331,0.3208889365196228,0.4767528176307678,1.5440628900240319
complex_full,hard,86,21.717614825223247,0.4622940719127655,0.457643985748291,1.5010660319606803
complex_full,hard,87,23.04443914823314,0.576228678226471,0.35310259461402893,1.493149685559495
complex_full,hard,88,19.982176615877027,0.34750673174858093,0.49104925990104675,1.5767960899793356
complex_full,hard,89,19.23726749007231,0.3314181864261627,0.4669800400733948,1.5363830953099493
complex_full,hard,90,19.45973759483276,0.4052436947822571,0.3005233108997345,1.5540814903738902
complex_full,hard,91,15.588714810979283,0.2713263928890228,0.5069910883903503,1.5419796857722246
complex_full,hard,92,15.533183333295034,0.2871018350124359,0.5392290949821472,1.5441634482503221
complex_full,hard,93,16.258526149917433,0.27488526701927185,0.5442022681236267,1.5567513306613165
complex_full,hard,94,21.3639104875016,0.5071737766265869,0.40421488881111145,1.4772612637142102
complex_full,hard,95,19.91917364332246,0.37307143211364746,0.42975708842277527,1.5329167165039106
complex_full,hard,96,23.305004817972474,0.5626689791679382,0.40436309576034546,1.4890533207263257
complex_full,hard,97,18.27943589846705,0.3263680338859558,0.5117834806442261,1.5536911244289484
complex_full,hard,98,18.498635051270124,0.3433185815811157,0.4892558157444,1.5552911023571545
complex_full,hard,99,19.426558059901158,0.3963812589645386,0.3680925965309143,1.5697239200727366
complex_full,hard,100,19.818783323903,0.5261507034301758,0.5924447178840637,1.5263595041891438
complex_full,hard,101,16.211443535775018,0.44443631172180176,0.6238195300102234,1.513307399185253
complex_full,hard,102,25.769053065256514,0.6901066303253174,0.47858065366744995,1.4335745343299244
complex_full,hard,103,19.76852685825394,0.5039547085762024,0.6064453125,1.5451794557718816
complex_full,hard,104,29.264844214016247,0.8568858504295349,0.3198852241039276,1.1715999765538687
complex_full,hard,105,24.512272611523166,0.6617711782455444,0.5286462306976318,1.4328759708593173
complex_full,hard,106,24.73907810875317,0.6932615637779236,0.44252434372901917,1.528964053078029
complex_full,hard,107,21.428223600941045,0.5654241442680359,0.562181293964386,1.5219379548289946
complex_full,hard,108,19.143923439725654,0.5139292478561401,0.5792452096939087,1.5338964734596754
complex_full,hard,109,21.640865554622057,0.6194146275520325,0.49946796894073486,1.5340884572658176
complex_full,hard,110,18.526053295764246,0.48808252811431885,0.5788396000862122,1.536631646931858
complex_full,hard,111,18.25339579122526,0.41506528854370117,0.5781493186950684,1.5054854699026492
complex_full,hard,112,20.51933448051843,0.5186623930931091,0.5752763748168945,1.471069607838839
complex_full,hard,113,22.047559745182696,0.5303359627723694,0.5422291159629822,1.4951868579784733
complex_full,hard,114,23.212249824531025,0.5938436985015869,0.49155423045158386,1.5146825049342578
complex_full,hard,115,24.676926484356343,0.6492078900337219,0.42909184098243713,1.4067759045071113
complex_full,hard,116,25.18517824408381,0.6684592962265015,0.3688852787017822,1.3212686638512088
complex_full,hard,117,26.88604337547295,0.7613916993141174,0.2589660584926605,1.1759164277869092
complex_full,hard,118,22.649554060715737,0.5736279487609863,0.43465301394462585,1.4454015375374916
complex_full,hard,119,20.249021768290593,0.44861605763435364,0.4687671661376953,1.4969121339544131
complex_full,hard,120,25.281773799251578,0.8999225497245789,0.09684101492166519,0.4776370541719352
complex_full,hard,121,26.192224722713302,0.8987979292869568,0.10115227103233337,0.49845251622129566
complex_full,hard,122,27.041786924056904,0.9063306450843811,0.06684479117393494,0.4690309738733805
complex_full,hard,123,25.576604817713644,0.9055022597312927,0.08058787137269974,0.4141542601434793
complex_full,hard,124,31.127529763751202,0.9501688480377197,0.03750580921769142,0.3499503070558491
complex_full,hard,125,27.05515633360242,0.9259267449378967,0.05817620828747749,0.3910645174890632
complex_full,hard,126,25.01229622568339,0.8928323984146118,0.09763767570257187,0.43978034586489684
complex_full,hard,127,25.16585596690458,0.8634690046310425,0.11876203864812851,0.5641998490866091
complex_full,hard,128,24.43065900273378,0.8569400310516357,0.10686109960079193,0.5669698673040039
complex_full,hard,129,27.35752589232751,0.9203792810440063,0.05542274937033653,0.4562355561952575
complex_full,hard,130,39.41898602765362,0.9871273040771484,0.01753181219100952,0.37459014868844553
complex_full,hard,131,41.960675903029816,0.9879196882247925,0.010830873623490334,0.39512618309348113
complex_full,hard,132,39.202341016220636,0.9896610379219055,0.00873012188822031,0.33802166707357745
complex_full,hard,133,29.004131601899847,0.9367877840995789,0.09258291125297546,0.5047697294632522
complex_full,hard,134,30.676938024811538,0.9465930461883545,0.07960469275712967,0.4656546921796496
complex_full,hard,135,28.551252907805168,0.9002150893211365,0.07016738504171371,1.0650385933066466
complex_full,hard,136,32.28784325686948,0.9499053955078125,0.023139912635087967,0.8907356503704266
complex_full,hard,137,33.976516157954265,0.9636176824569702,0.043691087514162064,0.5693661224318213
complex_full,hard,138,32.415834898053376,0.9474933743476868,0.061180587857961655,0.646555226269356
complex_full,hard,139,43.38870602841275,0.9873268604278564,0.02105768397450447,0.3004519920832057
complex_full,hard,140,22.883337210616496,0.6125723719596863,0.3869900405406952,1.5313034975093143
complex_full,hard,141,19.46592258505369,0.5333068370819092,0.4616781175136566,1.5387565644403771
complex_full,hard,142,18.772405260803914,0.4866429567337036,0.46701374650001526,1.5386189818241565
complex_full,hard,143,20.920852948582525,0.5135572552680969,0.41598331928253174,1.5155086515381073
complex_full,hard,144,21.434038176742952,0.5243173837661743,0.40177232027053833,1.5380104104998098
complex_full,hard,145,21.6011457343221,0.5157055854797363,0.41503942012786865,1.536324823459393
complex_full,hard,146,22.165479095116424,0.5979909300804138,0.3616073727607727,1.5025351257669444
complex_full,hard,147,22.714852360672644,0.5266791582107544,0.39757704734802246,1.5369094135185748
complex_full,hard,148,24.134796253787826,0.5654462575912476,0.3420442044734955,1.5168514301996592
complex_full,hard,149,23.07801960847934,0.5318267345428467,0.38174939155578613,1.516070703835112
complex_full,hard,150,25.180488104984178,0.9105237126350403,0.17468558251857758,0.4746898440120759
complex_full,hard,151,25.431891900529443,0.9095646739006042,0.19185122847557068,0.46303119275309085
complex_full,hard,152,25.269459486861223,0.909363329410553,0.17711813747882843,0.4915284144343523
complex_full,hard,153,25.425594423331326,0.9063989520072937,0.2024112343788147,0.470109884015341
complex_full,hard,154,25.172490241609754,0.910408616065979,0.18293839693069458,0.45853483686329066
complex_full,hard,155,24.873319243020905,0.910608172416687,0.18304908275604248,0.4560373652967313
complex_full,hard,156,24.5046945642841,0.9087070822715759,0.1811200976371765,0.4418208963740333
complex_full,hard,157,24.726385409867348,0.9092287421226501,0.18036822974681854,0.46511126914707474
complex_full,hard,158,24.948875423828795,0.9134184718132019,0.16558636724948883,0.46044998822237293
complex_full,hard,159,24.992188932883586,0.9051336050033569,0.18070989847183228,0.4983048940850377
complex_full,hard,160,25.58691167017331,0.9025386571884155,0.22184604406356812,0.5165242138446658
complex_full,hard,161,25.447290180557975,0.9022181630134583,0.2266838401556015,0.516610135185962
complex_full,hard,162,25.12009540135089,0.9010728001594543,0.2296159416437149,0.5349249274356919
complex_full,hard,163,24.973671015341658,0.9003417491912842,0.2305542379617691,0.5126295144188115
complex_full,hard,164,24.76077212611252,0.8965994119644165,0.23390328884124756,0.5405121475801566
complex_full,hard,165,24.688395044722945,0.8940501809120178,0.2390461415052414,0.5150493634281798
complex_full,hard,166,24.572986797504186,0.8909447193145752,0.2434859722852707,0.5411670761415426
complex_full,hard,167,24.531205313656564,0.8910362720489502,0.2431510090827942,0.5178137962792898
complex_full,hard,168,24.410776170463283,0.8895166516304016,0.2435636967420578,0.5458942469220273
complex_full,hard,169,24.363532441668312,0.8893372416496277,0.2482089102268219,0.5232696308012822
complex_full,hard,170,35.65517529734086,0.956139326095581,0.028810737654566765,0.3234146199870667
complex_full,hard,171,33.36475445297621,0.9273447394371033,0.0425485223531723,0.2814979111990152
complex_full,hard,172,35.95634278771414,0.9432997107505798,0.03778493404388428,0.3281651910592503
complex_full,hard,173,32.85559047061902,0.897853672504425,0.05621437728404999,0.34688841366752615
complex_full,hard,174,27.48405946069225,0.8307986855506897,0.12150125205516815,0.43851192123229693
complex_full,hard,175,28.890991966758254,0.8474665284156799,0.10759897530078888,0.4651282438771643
complex_full,hard,176,31.29545639096837,0.890728235244751,0.06852640211582184,0.4032629807504175
complex_full,hard,177,29.85931758810722,0.8679185509681702,0.08610965311527252,0.5208377743617437
complex_full,hard,178,26.325406654423567,0.8474317789077759,0.12899371981620789,0.5631411937534048
complex_full,hard,179,30.229167972838322,0.8935897946357727,0.07417009025812149,0.4464330499834425
complex_full,hard,180,36.368431793382086,0.9503779411315918,0.12875141203403473,1.170119949996465
complex_full,hard,181,37.37781190844425,0.9576810598373413,0.10186052322387695,1.0520472492269803
complex_full,hard,182,34.7783441654611,0.9431955814361572,0.10715898871421814,1.0308921204669812
complex_full,hard,183,37.59735852731042,0.9627930521965027,0.07032272219657898,0.8925328265215621
complex_full,hard,184,36.32789542638426,0.9592130780220032,0.08620256930589676,1.0211657587449106
complex_full,hard,185,34.05418898830302,0.9572582244873047,0.09470882266759872,1.1939015091013663
complex_full,hard,186,32.31249134750292,0.9607369899749756,0.09157511591911316,0.9592897948853483
complex_full,hard,187,33.10759179532985,0.9605050683021545,0.09193142503499985,0.9764591052832549
complex_full,hard,188,33.63647999890649,0.9567015767097473,0.1018141508102417,1.1915369774581304
complex_full,hard,189,35.36595621469245,0.9447278380393982,0.13002711534500122,1.2513944576909943
complex_full,hard,190,20.185435446503206,0.47427526116371155,0.41336286067962646,1.5341377860422991
complex_full,hard,191,19.71718700887957,0.4615226984024048,0.418229341506958,1.5457971154428112
complex_full,hard,192,19.855898419090735,0.46313536167144775,0.41502952575683594,1.5379956768861434
complex_full,hard,193,20.159168900262216,0.46376630663871765,0.40719813108444214,1.5379963856342211
complex_full,hard,194,19.56346315475455,0.4519049823284149,0.425026535987854,1.5433005546732785
complex_full,hard,195,19.43115187817232,0.4498952329158783,0.41203975677490234,1.5490001189887075
complex_full,hard,196,19.928930006426658,0.45052215456962585,0.3980509042739868,1.540172515716603
complex_full,hard,197,19.86510884485005,0.4521274268627167,0.38827380537986755,1.5257598082449952
complex_full,hard,198,20.9800779097581,0.46759021282196045,0.35599416494369507,1.5508307912557997
complex_full,hard,199,21.881121445033752,0.4990887939929962,0.3206518888473511,1.5398840937087266
complex_full,hard,200,19.246419801624075,0.40721502900123596,0.44233861565589905,1.5213164594542032
complex_full,hard,201,19.03897726269877,0.39552807807922363,0.45749831199645996,1.5402620254615016
complex_full,hard,202,19.39446103010557,0.4097159802913666,0.4459465444087982,1.5330819758290917
complex_full,hard,203,19.73056015463255,0.41804778575897217,0.447028785943985,1.5713092755211318
complex_full,hard,204,19.5153578819555,0.4131234884262085,0.4512672424316406,1.5367323571486209
complex_full,hard,205,19.093965894600547,0.38553330302238464,0.4841977655887604,1.562833325724391
complex_full,hard,206,19.347742405333946,0.40066608786582947,0.4889255464076996,1.558996219141452
complex_full,hard,207,20.243570306582114,0.44985735416412354,0.4275074601173401,1.5027984905433633
complex_full,hard,208,19.81510489844339,0.41583454608917236,0.45616036653518677,1.5523018366769297
complex_full,hard,209,20.050884688427374,0.4311753511428833,0.4729408025741577,1.5630768949577967
complex_full,hard,210,31.22882304194119,0.8613520860671997,0.21681836247444153,1.4515429268343458
complex_full,hard,211,31.12302612709015,0.8678357005119324,0.21349170804023743,1.3757822947211853
complex_full,hard,212,30.277826975561062,0.8513943552970886,0.24076519906520844,1.4407571019593546
complex_full,hard,213,31.104823722297084,0.8803337216377258,0.20790717005729675,1.3003800779663124
complex_full,hard,214,32.02148887413842,0.8745040893554688,0.20766443014144897,1.3420238849133703
complex_full,hard,215,32.186089606893105,0.8796792030334473,0.18729574978351593,1.3381621912499677
complex_full,hard,216,31.034780465465914,0.838487446308136,0.2179276943206787,1.54711300390471
complex_full,hard,217,33.13925122696758,0.8900272250175476,0.18547090888023376,1.2840535336570005
complex_full,hard,218,32.74892841216801,0.8744549751281738,0.17665110528469086,1.3728101285510785
complex_full,hard,219,33.19931786983499,0.8878849148750305,0.1773422658443451,1.2661838447046285
complex_full,hard,220,25.031133870802243,0.8766447901725769,0.11340335011482239,0.7066390009464429
complex_full,hard,221,20.419868888874472,0.7892869710922241,0.18808361887931824,0.9638421200417483
complex_full,hard,222,20.70930842402861,0.7330564856529236,0.20448455214500427,1.077085853656809
complex_full,hard,223,21.581772269126684,0.7184028625488281,0.21712876856327057,0.9249256745791872
complex_full,hard,224,21.802742779971336,0.6993182897567749,0.23361614346504211,1.0925209386146568
complex_full,hard,225,21.48564430678857,0.6600223183631897,0.2691204845905304,1.2458493066321794
complex_full,hard,226,19.86985190637555,0.5639484524726868,0.3523026704788208,1.3833296393280268
complex_full,hard,227,20.671981074968457,0.5755770206451416,0.3382722735404968,1.3747389712147788
complex_full,hard,228,20.00506982893824,0.472459077835083,0.30781692266464233,1.4707104512288958
complex_full,hard,229,22.12074792839587,0.6170498132705688,0.25770309567451477,1.3924632580110237
complex_full,hard,230,21.325880405044245,0.5577965974807739,0.46157050132751465,1.5067740267717273
complex_full,hard,231,20.673334475688545,0.5225918292999268,0.4622126519680023,1.505396533421676
complex_full,hard,232,22.62440221197712,0.5925460457801819,0.39271068572998047,1.5279872554027445
complex_full,hard,233,27.02854985690648,0.8070831298828125,0.2884064018726349,1.070124057708826
complex_full,hard,234,27.76938861575108,0.8308218717575073,0.2956988513469696,0.9445585594542617
complex_full,hard,235,31.592841053596512,0.9394918084144592,0.1070212870836258,0.5395200546201758
complex_full,hard,236,30.630950432996258,0.9057947993278503,0.15614095330238342,0.7593792678348724
complex_full,hard,237,26.949441199237505,0.7716189026832581,0.30046534538269043,1.167072974784397
complex_full,hard,238,27.597396762035483,0.9173421263694763,0.15465812385082245,0.5837653249778422
complex_full,hard,239,25.826097292886452,0.9034693241119385,0.18688489496707916,0.6801936649813376
complex_full,hard,240,21.662135341931155,0.8333187103271484,0.419243723154068,1.5646288357126148
complex_full,hard,241,24.032342078129677,0.8788086175918579,0.35310098528862,1.5593991456836855
complex_full,hard,242,25.449080515796922,0.8730589747428894,0.3215707540512085,1.5454479147593039
complex_full,hard,243,22.601088110003484,0.8633216023445129,0.38708189129829407,1.5574883124673764
complex_full,hard,244,20.673425630533284,0.8717185854911804,0.38176998496055603,1.523634744822037
complex_full,hard,245,21.24378918747928,0.8591153025627136,0.38935554027557373,1.5316001917975075
complex_full,hard,246,23.754482699129117,0.8517051935195923,0.35940876603126526,1.5341642477782385
complex_full,hard,247,22.753371326754397,0.8698487281799316,0.35695141553878784,1.5072748094409298
complex_full,hard,248,28.066887305215783,0.8696359395980835,0.3665924072265625,1.458681921462522
complex_full,hard,249,24.44777852660537,0.8656392693519592,0.3824979066848755,1.511949936893824
complex_full,hard,250,26.687466337216364,0.7631986141204834,0.22637754678726196,0.9546076250443414
complex_full,hard,251,25.31953333801693,0.7787138223648071,0.21920424699783325,0.9247693351277307
complex_full,hard,252,22.98502531202983,0.6974974274635315,0.2733990550041199,1.0431612452508159
complex_full,hard,253,25.398530836794457,0.8537277579307556,0.17007122933864594,0.7414394447750955
complex_full,hard,254,25.495990552668722,0.737667441368103,0.2546391189098358,1.0602838637406016
complex_full,hard,255,29.236279413869806,0.9373842477798462,0.04521481692790985,0.5996217340447026
complex_full,hard,256,26.424457254134733,0.8573484420776367,0.11298945546150208,0.8053660757950126
complex_full,hard,257,22.79188688528074,0.5580785274505615,0.317371129989624,1.260872514927536
complex_full,hard,258,19.677581758415577,0.45813775062561035,0.39196282625198364,1.2475446860079693
complex_full,hard,259,17.282351434199875,0.30748075246810913,0.4823019504547119,1.4404769460580986
complex_full,hard,260,25.38705025278459,0.8565914630889893,0.161838561296463,0.8077891312001023
complex_full,hard,261,25.819406200984005,0.8684680461883545,0.15099534392356873,0.8004121170289235
complex_full,hard,262,23.118705391244553,0.8254637122154236,0.1960945427417755,0.8579879603446723
complex_full,hard,263,23.518306414611374,0.8488995432853699,0.17170514166355133,0.764482593291155
complex_full,hard,264,22.77739707175375,0.8342067003250122,0.18435469269752502,0.8858390069450172
complex_full,hard,265,23.419255196952445,0.8456394672393799,0.17396703362464905,0.8121418912691364
complex_full,hard,266,24.091154563788784,0.8486407399177551,0.17199745774269104,0.7699973597143498
complex_full,hard,267,23.95380988895773,0.8399690985679626,0.1862196922302246,0.8191190717951436
complex_full,hard,268,23.262426571766216,0.8312743902206421,0.18371805548667908,0.8389318237613357
complex_full,hard,269,24.10334731574168,0.8617268204689026,0.16610457003116608,0.8146617789186744
complex_full,hard,270,26.860419128643617,0.8197094202041626,0.2229321300983429,1.1365869020306796
complex_full,hard,271,27.48981988981159,0.8485602140426636,0.2027134746313095,0.8750989828023776
complex_full,hard,272,28.398134357273833,0.8795419335365295,0.18429765105247498,0.8057979761779509
complex_full,hard,273,27.58024156062154,0.9106024503707886,0.1298055797815323,0.5417608775091401
complex_full,hard,274,28.862393178958957,0.9143568873405457,0.14139620959758759,0.6524758925164608
complex_full,hard,275,27.338782603121118,0.8869031071662903,0.15919728577136993,0.5370874140449606
complex_full,hard,276,27.00869926751067,0.9091176390647888,0.11496580392122269,0.5323326253777015
complex_full,hard,277,26.572809198897332,0.9013826251029968,0.12439175695180893,0.4819972448696203
complex_full,hard,278,26.252058547064152,0.8917617797851562,0.14129404723644257,0.5157789951507813
complex_full,hard,279,27.15377477347676,0.8529928922653198,0.20700806379318237,0.6905523588025918
complex_full,hard,280,16.93591749437471,0.37991803884506226,0.5491406321525574,1.5584934192930742
complex_full,hard,281,16.62920689807587,0.36349260807037354,0.5601406097412109,1.5722752318716724
complex_full,hard,282,16.28701890487128,0.3572113811969757,0.571802020072937,1.5578915064563652
complex_full,hard,283,16.00452564815873,0.34425199031829834,0.582285463809967,1.5662905533186138
complex_full,hard,284,16.92836969633917,0.3592124581336975,0.5423449873924255,1.5592245867955927
complex_full,hard,285,16.89679795318129,0.35196685791015625,0.5341001749038696,1.5521633321585535
complex_full,hard,286,16.529843217829864,0.3359476327896118,0.5519770979881287,1.564127291793293
complex_full,hard,287,17.083263353984684,0.35057875514030457,0.5216996073722839,1.5650008403599294
complex_full,hard,288,17.060510606424,0.34564369916915894,0.5261457562446594,1.5616489001323586
complex_full,hard,289,17.218149564729192,0.35443612933158875,0.5175615549087524,1.563952279133198
complex_full,hard,290,17.34119234086518,0.4097658395767212,0.6056374311447144,1.5522578227064574
complex_full,hard,291,16.456345172242543,0.3962543308734894,0.6321263909339905,1.5542272799308463
complex_full,hard,292,16.18326974875519,0.4027314782142639,0.6712069511413574,1.5735361279400408
complex_full,hard,293,15.954298462152412,0.43080249428749084,0.6853102445602417,1.5653314626327859
complex_full,hard,294,16.97355227640561,0.4825257658958435,0.654451847076416,1.540570430437844
complex_full,hard,295,17.129993423818625,0.5108312368392944,0.6417793035507202,1.541727026682229
complex_full,hard,296,17.69552530141758,0.5220701098442078,0.6472262740135193,1.5579668826138535
complex_full,hard,297,17.460003060599647,0.4974164068698883,0.6505386829376221,1.5510073003083031
complex_full,hard,298,15.166573462500782,0.4396824240684509,0.701580822467804,1.5652235538677848
complex_full,hard,299,16.266082995630846,0.41589292883872986,0.7054466009140015,1.5492036354981573
complex_full,hard,300,36.23194168260455,0.9652594327926636,0.0881008505821228,1.1642761874440293
complex_full,hard,301,30.284532818886824,0.9353119730949402,0.15521450340747833,1.127322824636756
complex_full,hard,302,29.16701027179409,0.9256319403648376,0.1767706274986267,1.1680402311873639
complex_full,hard,303,29.715477344710624,0.9288417100906372,0.17160511016845703,1.1257613543883922
complex_full,hard,304,29.93375019400572,0.9368109107017517,0.1595117300748825,1.0299069396483074
complex_full,hard,305,29.61591537416146,0.9333579540252686,0.17169690132141113,1.0138237977609146
complex_full,hard,306,29.50404159952948,0.9323067665100098,0.17592036724090576,1.0096159691867035
complex_full,hard,307,29.26497995555963,0.9318620562553406,0.17729397118091583,1.0885712897982394
complex_full,hard,308,29.171243380357943,0.9366185665130615,0.1617356389760971,1.0666144579702228
complex_full,hard,309,29.17127888944393,0.9430566430091858,0.1409509778022766,1.058582460098425
complex_full,medium,0,23.15520102811252,0.5620550513267517,0.3642147183418274,1.538512069695976
complex_full,medium,1,23.62985362580041,0.6151861548423767,0.2852802872657776,1.548347668808175
complex_full,medium,2,32.89955763237892,0.9040346741676331,0.13179856538772583,0.9653447125234697
complex_full,medium,3,28.994327058244878,0.7946195006370544,0.25214385986328125,1.2696566820137358
complex_full,medium,4,24.716881632589143,0.6553551554679871,0.2558223009109497,1.5305800470560413
complex_full,medium,5,28.770240943311208,0.7725731730461121,0.29585614800453186,1.1969305469102338
complex_full,medium,6,23.219148809375557,0.5750342011451721,0.3263411223888397,1.5425495938641927
complex_full,medium,7,28.24725046683347,0.8308824300765991,0.18654753267765045,1.0983449619749432
complex_full,medium,8,26.74592099810461,0.817903995513916,0.15564097464084625,1.2107778969680882
complex_full,medium,9,31.694732619996376,0.89339679479599,0.14217983186244965,0.9629882814884979
complex_full,medium,10,24.513085197268573,0.7148312926292419,0.3121325969696045,1.2625093657519912
complex_full,medium,11,30.890889382576155,0.867150068283081,0.18446844816207886,1.0857842606062775
complex_full,medium,12,28.499466405528327,0.804142951965332,0.254738450050354,1.2477724627838063
complex_full,medium,13,30.111626603603835,0.8724005222320557,0.1658942550420761,1.0023578274042486
complex_full,medium,14,29.118241627708073,0.8413444757461548,0.19376954436302185,1.125981764668116
complex_full,medium,15,31.480591890370242,0.8845921754837036,0.1501324623823166,1.0092552999473536
complex_full,medium,16,31.250354789318262,0.8994644284248352,0.1282157152891159,0.9101538279179988
complex_full,medium,17,29.465671243099735,0.8381311297416687,0.1771828830242157,1.090217291843217
complex_full,medium,18,22.657946988965577,0.5742008090019226,0.36347922682762146,1.5281111870700572
complex_full,medium,19,25.643602434905528,0.7336562871932983,0.2545958161354065,1.265505515930442
complex_full,medium,20,23.99304530172803,0.6193721294403076,0.32857200503349304,1.4923268627647666
complex_full,medium,21,25.780252644327135,0.7119131684303284,0.31429624557495117,1.4646063256773874
complex_full,medium,22,27.002073953403002,0.7797227501869202,0.2892249822616577,1.39405956497044
complex_full,medium,23,28.51032705061634,0.7980043888092041,0.3098696768283844,1.4366067612750626
complex_full,medium,24,27.874543960097824,0.7971660494804382,0.33113881945610046,1.4093271997662822
complex_full,medium,25,31.076472678389507,0.8662943243980408,0.2714046835899353,1.327966014635136
complex_full,medium,26,25.510794835628303,0.7075506448745728,0.42336639761924744,1.5320517348564413
complex_full,medium,27,24.673452810647834,0.701618492603302,0.42802780866622925,1.5173177562039726
complex_full,medium,28,26.21323961253235,0.751434326171875,0.3572891056537628,1.4562616083379731
complex_full,medium,29,24.5081622805748,0.7135637998580933,0.38085904717445374,1.4747170463974328
complex_full,medium,30,24.303136030604225,0.7025603652000427,0.1948443502187729,1.1288815174585682
complex_full,medium,31,26.382438424911392,0.7852984666824341,0.15655453503131866,0.9704079445723304
complex_full,medium,32,28.314585660016682,0.852836549282074,0.10790891200304031,0.84887109561079
complex_full,medium,33,31.02127406215186,0.921597957611084,0.0638350248336792,0.6365111701108636
complex_full,medium,34,31.4970686432903,0.9197854399681091,0.07660934329032898,0.6902909251413578
complex_full,medium,35,33.642097032770614,0.9595916271209717,0.03178674727678299,0.5308070099000638
complex_full,medium,36,35.22386437296591,0.9690550565719604,0.023742929100990295,0.4555654066353699
complex_full,medium,37,32.148342709517195,0.9376829266548157,0.04929550737142563,0.6649249802205693
complex_full,medium,38,34.97774238719357,0.9695268869400024,0.022043727338314056,0.428381041925683
complex_full,medium,39,33.27872830748474,0.9489065408706665,0.04099109768867493,0.6486579192216517
complex_full,medium,40,25.886063621888272,0.646794855594635,0.25062453746795654,1.4899623466210354
complex_full,medium,41,28.039517666533868,0.7703101634979248,0.27468350529670715,1.4075873523523885
complex_full,medium,42,23.926606288781073,0.5239758491516113,0.38989782333374023,1.5570111942740894
complex_full,medium,43,26.96746861218778,0.6738306283950806,0.28677627444267273,1.4023552733530595
complex_full,medium,44,29.21718806694146,0.8316106200218201,0.2039353847503662,1.2033340725553587
complex_full,medium,45,28.549147726477564,0.7672004103660583,0.27775508165359497,1.3092962513423372
complex_full,medium,46,24.263580958228836,0.6893450617790222,0.3495074510574341,1.5033783192747283
complex_full,medium,47,25.0973918910096,0.7536693215370178,0.3078418970108032,1.2904004188021896
complex_full,medium,48,24.325921960729392,0.6604161858558655,0.334509938955307,1.449892228930004
complex_full,medium,49,21.01747989663461,0.4636891484260559,0.4508152902126312,1.4914478173742403
complex_full,medium,50,21.71079761191716,0.528519332408905,0.33211272954940796,1.5377521063905013
complex_full,medium,51,19.2091579969478,0.3063470125198364,0.413862943649292,1.5410784095849455
complex_full,medium,52,28.93930288845393,0.876917839050293,0.1330438256263733,0.9213754514134788
complex_full,medium,53,20.50049336737702,0.3761002719402313,0.3796099126338959,1.5422756427826954
complex_full,medium,54,25.24489080171211,0.6642505526542664,0.32632988691329956,1.3727045041541237
complex_full,medium,55,23.704660086684612,0.5974941253662109,0.33980855345726013,1.496660080386855
complex_full,medium,56,31.907800078554757,0.8896591067314148,0.13969886302947998,0.7399664269204522
complex_full,medium,57,23.965055367629432,0.5941795706748962,0.3397454023361206,1.4812306110796272
complex_full,medium,58,20.80308822612399,0.429704874753952,0.38506731390953064,1.5429704686290877
complex_full,medium,59,20.79238936759613,0.4445900321006775,0.3474343419075012,1.5393413543890084
complex_full,medium,60,28.068448395542926,0.8084186911582947,0.21979421377182007,1.1390154529889605
complex_full,medium,61,28.0883318088066,0.8190036416053772,0.22542712092399597,1.1217179953761767
complex_full,medium,62,19.55878503794747,0.3817004859447479,0.4010847806930542,1.536170291202654
complex_full,medium,63,24.16236809103328,0.6047935485839844,0.40852853655815125,1.3910175517010626
complex_full,medium,64,27.597819256350377,0.7897363305091858,0.2457071840763092,1.1243170518058472
complex_full,medium,65,17.812387889713428,0.3256246745586395,0.4814794659614563,1.5437097080907722
complex_full,medium,66,21.14190946927126,0.4725416898727417,0.36456844210624695,1.5631328383527965
complex_full,medium,67,21.996148999038873,0.5083132982254028,0.33594369888305664,1.5424833825128141
complex_full,medium,68,19.888509880128915,0.4264698624610901,0.41900503635406494,1.5245208763568403
complex_full,medium,69,27.793361063360354,0.8084350824356079,0.21330904960632324,0.9946667325213623
complex_full,medium,70,23.771534539886133,0.7176545262336731,0.22557060420513153,1.399924069992642
complex_full,medium,71,17.632909214904593,0.28809842467308044,0.41719603538513184,1.5392246168305295
complex_full,medium,72,19.665955582717174,0.45359641313552856,0.3379717171192169,1.5627146158632448
complex_full,medium,73,18.743397250798708,0.426558256149292,0.3624442517757416,1.5388617490606453
complex_full,medium,74,19.32255140554536,0.34446635842323303,0.3626171052455902,1.525294922468829
complex_full,medium,75,29.30569697107851,0.848285436630249,0.10847864300012589,1.077889469334343
complex_full,medium,76,17.893329201915012,0.3200444281101227,0.444597989320755,1.5416074498473016
complex_full,medium,77,22.404555172173644,0.5494804978370667,0.29205530881881714,1.5697755375615552
complex_full,medium,78,28.45159629324396,0.8417052030563354,0.15589512884616852,1.0399869913354935
complex_full,medium,79,32.658180181425934,0.9111169576644897,0.09490276873111725,0.6752262687839371
complex_full,medium,80,30.247991202230224,0.8211101293563843,0.18602213263511658,1.265880187449113
complex_full,medium,81,32.473856694346324,0.9154785871505737,0.06643195450305939,0.9332344187590694
complex_full,medium,82,19.052138346687165,0.3188105821609497,0.4486207962036133,1.5541552910138288
complex_full,medium,83,19.46544012148361,0.33213162422180176,0.43408137559890747,1.544601866974368
complex_full,medium,84,18.822783076756778,0.30007466673851013,0.4486221671104431,1.5295161393352956
complex_full,medium,85,21.613694700527528,0.42730477452278137,0.37308353185653687,1.5576904137678473
complex_full,medium,86,25.832389686480465,0.682864248752594,0.31672555208206177,1.3558486749180334
complex_full,medium,87,26.938509861068486,0.7314754128456116,0.2567022740840912,1.3919394779942358
complex_full,medium,88,22.746516815025878,0.4653629660606384,0.37580347061157227,1.601682085137023
complex_full,medium,89,21.75619672230014,0.46794605255126953,0.37673914432525635,1.5189855510381831
complex_full,medium,90,26.023570227339057,0.7651561498641968,0.17024430632591248,1.3439442386209652
complex_full,medium,91,18.072093317941583,0.3488403856754303,0.4038861095905304,1.518931789983687
complex_full,medium,92,18.171828612985188,0.3612726032733917,0.42728734016418457,1.5334543081893521
complex_full,medium,93,18.562754393159736,0.34740301966667175,0.44005316495895386,1.5451026720181755
complex_full,medium,94,26.07873329100739,0.7248679995536804,0.2890875041484833,1.2970111684669448
complex_full,medium,95,22.967260593144033,0.516863226890564,0.33965426683425903,1.518327815240786
complex_full,medium,96,29.681269133160534,0.8249456286430359,0.2129402756690979,1.1030130912140703
complex_full,medium,97,21.48347584677976,0.46272656321525574,0.37630173563957214,1.550976563976952
complex_full,medium,98,21.120222795013408,0.4209592938423157,0.3870845437049866,1.5323846650020656
complex_full,medium,99,25.479671462864054,0.7373431324958801,0.20459134876728058,1.234687630028634
complex_full,medium,100,25.900030222279796,0.7395142316818237,0.4281785488128662,1.320759512929533
complex_full,medium,101,17.973006868938725,0.4857461750507355,0.5468416810035706,1.5135148656663506
complex_full,medium,102,33.50482282376908,0.9022549390792847,0.22244898974895477,0.9677345449911495
complex_full,medium,103,22.44247346184106,0.5846218466758728,0.5115267634391785,1.5288626782725625
complex_full,medium,104,35.87511600705738,0.951806902885437,0.14060404896736145,0.7643728538183115
complex_full,medium,105,30.764485874052347,0.8379693031311035,0.3611923158168793,1.1831711854788545
complex_full,medium,106,31.359566037317524,0.874687671661377,0.29782402515411377,1.273422239318282
complex_full,medium,107,24.822385039766854,0.6813474893569946,0.4355868399143219,1.517586022832356
complex_full,medium,108,21.73289996166386,0.5784769654273987,0.535984456539154,1.5232570797739993
complex_full,medium,109,27.268700549082943,0.7725813984870911,0.41155755519866943,1.4785984647065327
complex_full,medium,110,20.901869012262768,0.5186848640441895,0.5230865478515625,1.5240917469771451
complex_full,medium,111,20.38299832494491,0.490306556224823,0.5055931210517883,1.4941871641698643
complex_full,medium,112,23.116680510772063,0.6237097382545471,0.4932650625705719,1.3743021314295003
complex_full,medium,113,24.22963314965004,0.6228960156440735,0.4891950488090515,1.4279595952371704
complex_full,medium,114,25.2586183864331,0.7031151652336121,0.40516430139541626,1.39926367368496
complex_full,medium,115,28.07230330231681,0.8051283955574036,0.27792367339134216,1.1522893244895034
complex_full,medium,116,28.682752816392423,0.8185704946517944,0.23913466930389404,1.1064703172240282
complex_full,medium,117,30.640985400567757,0.8795337677001953,0.15983662009239197,0.9239658225397469
complex_full,medium,118,25.66713607339384,0.7079550623893738,0.32504186034202576,1.2436842218406587
complex_full,medium,119,22.852855917628226,0.5633610486984253,0.38495713472366333,1.5089461624306428
complex_full,medium,120,29.195987017380666,0.9527291655540466,0.05415331944823265,0.27714481426798016
complex_full,medium,121,28.6911076881593,0.9508590698242188,0.05029730126261711,0.3210376022616665
complex_full,medium,122,30.68440381325906,0.9607807397842407,0.029191410169005394,0.3099537068321569
complex_full,medium,123,28.30082943432979,0.9569621682167053,0.03465991094708443,0.24925284688079155
complex_full,medium,124,35.61822727719616,0.9808533787727356,0.016526341438293457,0.22641453069553666
complex_full,medium,125,29.775436436903007,0.958819568157196,0.031029844656586647,0.30130645928725613
complex_full,medium,126,28.013292066314023,0.9364727735519409,0.045632779598236084,0.3514724503156803
complex_full,medium,127,28.57043949200903,0.9268736243247986,0.06512796133756638,0.39921178465323365
complex_full,medium,128,27.80341275371347,0.9272717833518982,0.055685266852378845,0.4138433860345727
complex_full,medium,129,29.253580935038528,0.9534152746200562,0.031497709453105927,0.35671151889060276
complex_full,medium,130,45.30209785369838,0.9945724010467529,0.006926477886736393,0.26806398480575216
complex_full,medium,131,51.96178198074455,0.9988064169883728,0.0011012066388502717,0.13548870650179223
complex_full,medium,132,42.46017658910496,0.993758499622345,0.006299103144556284,0.29683433676760296
complex_full,medium,133,31.539079414268908,0.9487252831459045,0.0791037380695343,0.4801253705320181
complex_full,medium,134,31.995851110269847,0.958946704864502,0.05186843127012253,0.4409697548076153
complex_full,medium,135,32.06727036098029,0.9362646341323853,0.07079218327999115,0.8573457067546336
complex_full,medium,136,33.61587958891687,0.9638352990150452,0.015704495832324028,0.7992673391390412
complex_full,medium,137,37.95483443456471,0.9748236536979675,0.04268991947174072,0.48292552161900293
complex_full,medium,138,35.589016756105785,0.9616866707801819,0.05738209933042526,0.5525583033814974
complex_full,medium,139,48.34889637341206,0.9950184226036072,0.005367917940020561,0.20048822184009274
complex_full,medium,140,25.947935018631245,0.6764646768569946,0.3076486587524414,1.5160145829490423
complex_full,medium,141,22.279254922223302,0.5642454624176025,0.3919304311275482,1.5405574050947104
complex_full,medium,142,22.014384928769765,0.5241024494171143,0.38304033875465393,1.5221407974785686
complex_full,medium,143,24.013659641668774,0.5888450145721436,0.3469710052013397,1.4834236258422295
complex_full,medium,144,24.917457055514927,0.6436496376991272,0.315569132566452,1.520271416277974
complex_full,medium,145,24.8605274903375,0.5885443687438965,0.3345683813095093,1.4844779586827297
complex_full,medium,146,25.876644669051878,0.7030003070831299,0.2713404893875122,1.4452701513669346
complex_full,medium,147,25.20064120493197,0.5917137861251831,0.325997531414032,1.5035646583884106
complex_full,medium,148,26.89285382903869,0.6629730463027954,0.2660730481147766,1.4293471648683553
complex_full,medium,149,25.736458461709542,0.6198034286499023,0.31359630823135376,1.4523596036813604
complex_full,medium,150,28.737373777963118,0.9334182143211365,0.1327304095029831,0.43417783163491336
complex_full,medium,151,29.266212922084737,0.9344930648803711,0.13070610165596008,0.422001285872364
complex_full,medium,152,28.745714047255902,0.9351122379302979,0.1274229884147644,0.43946147966609606
complex_full,medium,153,29.14917081210996,0.9340673089027405,0.13932138681411743,0.4338299078523505
complex_full,medium,154,29.072495449742735,0.9344760179519653,0.1371881365776062,0.4297515322034531
complex_full,medium,155,28.465006216944374,0.9315873384475708,0.13955670595169067,0.42692092703161705
complex_full,medium,156,27.990166670147513,0.9308738708496094,0.13782230019569397,0.403875177059916
complex_full,medium,157,28.488352266359534,0.9320953488349915,0.13460998237133026,0.42336998613469207
complex_full,medium,158,28.1902027751233,0.9323984980583191,0.1387261152267456,0.41825071450071927
complex_full,medium,159,28.406142304207425,0.9252961277961731,0.13932271301746368,0.4691152186879977
complex_full,medium,160,29.18054163045477,0.9289860129356384,0.17910964787006378,0.4885304912494264
complex_full,medium,161,29.05707904895126,0.926538348197937,0.18357400596141815,0.4954335126083272
complex_full,medium,162,28.88716140085416,0.9250047206878662,0.19167940318584442,0.4989416659709341
complex_full,medium,163,28.710979233733656,0.9218032360076904,0.1941039264202118,0.4951584385482424
complex_full,medium,164,28.55698087619055,0.9214217066764832,0.19801770150661469,0.5081826622761467
complex_full,medium,165,28.505350766080767,0.9186257719993591,0.2016305774450302,0.5050961393698709
complex_full,medium,166,28.36810456429322,0.917873740196228,0.19877688586711884,0.5159082953554882
complex_full,medium,167,28.234392348744997,0.9155421853065491,0.20136138796806335,0.5131142951569058
complex_full,medium,168,28.097629909156417,0.9149045348167419,0.2021537721157074,0.5186403144133583
complex_full,medium,169,27.98721338750442,0.9136648178100586,0.2029494345188141,0.5164688407128484
complex_full,medium,170,39.49138462560342,0.9785813689231873,0.016122475266456604,0.24442017335329913
complex_full,medium,171,35.181960085823036,0.9473130106925964,0.03256402164697647,0.2613860870262816
complex_full,medium,172,39.95742401623485,0.9766182899475098,0.019148942083120346,0.2072979803819861
complex_full,medium,173,37.11215136997191,0.9486296772956848,0.030647115781903267,0.27147086240129154
complex_full,medium,174,29.99950434839372,0.8743874430656433,0.08458887040615082,0.38554195435633026
complex_full,medium,175,31.900981359256203,0.8975885510444641,0.0674019381403923,0.41314164046689195
complex_full,medium,176,34.304201552599984,0.9321100115776062,0.04387634992599487,0.3547347162680341
complex_full,medium,177,33.40895193068621,0.9182978272438049,0.05452185124158859,0.42936882927816095
complex_full,medium,178,29.11141211249218,0.8902444243431091,0.08349165320396423,0.4778072703597855
complex_full,medium,179,33.92946760829827,0.9372383952140808,0.04248552769422531,0.3677794967962898
complex_full,medium,180,40.83589858086153,0.973574697971344,0.05034954100847244,0.937928391308498
complex_full,medium,181,42.04274395231696,0.978290855884552,0.04510350525379181,0.8770453290839465
complex_full,medium,182,38.94376929916949,0.9648303985595703,0.07075916230678558,0.9429879261938471
complex_full,medium,183,41.3854543816571,0.9818887710571289,0.023543819785118103,0.6507051268329387
complex_full,medium,184,38.972946548733475,0.9784724116325378,0.03848138451576233,0.8003177915376921
complex_full,medium,185,35.868796306898105,0.9794743061065674,0.03901095688343048,0.7278932481856772
complex_full,medium,186,33.16177023150778,0.9749183058738708,0.056001294404268265,0.7175657627544899
complex_full,medium,187,37.501936612648365,0.9798064231872559,0.04639742895960808,0.7817489261544391
complex_full,medium,188,39.28548154279807,0.9813975691795349,0.04448255896568298,0.8448901718327241
complex_full,medium,189,41.05727225064957,0.9754626750946045,0.05021965503692627,1.0463407089476027
complex_full,medium,190,22.305569476554084,0.5234772562980652,0.3456798195838928,1.4940091327898672
complex_full,medium,191,21.77550724199042,0.508783757686615,0.36189818382263184,1.5329998794048008
complex_full,medium,192,22.03670537199966,0.5137479305267334,0.35055822134017944,1.5056872507415118
complex_full,medium,193,22.355453192240795,0.5184822082519531,0.33961617946624756,1.4702125848323446
complex_full,medium,194,21.5847744747878,0.4952172636985779,0.3568696081638336,1.5360171358146772
complex_full,medium,195,21.535378263454167,0.4913848340511322,0.3414883017539978,1.5414474162039928
complex_full,medium,196,22.14575266311975,0.504630982875824,0.3318789601325989,1.4757563767542166
complex_full,medium,197,21.97125461225751,0.5004282593727112,0.33142006397247314,1.482954638877123
complex_full,medium,198,23.517490834275318,0.5496883988380432,0.288740873336792,1.5324940964190479
complex_full,medium,199,24.805424099086153,0.6239904761314392,0.24221813678741455,1.597464494657343
complex_full,medium,200,21.885569981424922,0.49908241629600525,0.36339062452316284,1.4284148069132219
complex_full,medium,201,21.461651245740715,0.47848382592201233,0.3796628713607788,1.5195218821627356
complex_full,medium,202,21.79840302287151,0.5064364075660706,0.3658560514450073,1.443999875171185
complex_full,medium,203,22.456836070851267,0.5264610052108765,0.3595755696296692,1.4367056092275154
complex_full,medium,204,22.077871163243948,0.5101824998855591,0.3649107813835144,1.4298882496241696
complex_full,medium,205,21.450404301747525,0.45400816202163696,0.41497284173965454,1.5394715432545898
complex_full,medium,206,21.493171720880817,0.4833710193634033,0.40529268980026245,1.5425165953683189
complex_full,medium,207,22.93284234777336,0.5625842809677124,0.32893165946006775,1.4016700358961345
complex_full,medium,208,22.149267881380133,0.4954669773578644,0.37630850076675415,1.536439132250097
complex_full,medium,209,22.43705827861435,0.5174364447593689,0.38639959692955017,1.4974416944519564
complex_full,medium,210,37.34266313843996,0.9580929279327393,0.07413486391305923,0.8091495720118136
complex_full,medium,211,36.56916364022212,0.9589337110519409,0.05952651798725128,0.7343547272887555
complex_full,medium,212,35.25862381651703,0.9405001997947693,0.11560316383838654,0.9983065079925911
complex_full,medium,213,36.323022403922366,0.9598938226699829,0.05916917324066162,0.7525385264121343
complex_full,medium,214,37.60636934467395,0.9589297771453857,0.0813838541507721,0.867607555555014
complex_full,medium,215,37.80099797558785,0.9650622010231018,0.0517001748085022,0.7051927709053073
complex_full,medium,216,37.58089874308353,0.9551540613174438,0.08838345110416412,0.9017096675026818
complex_full,medium,217,39.358543165986035,0.9730075001716614,0.03845509886741638,0.6852912530344714
complex_full,medium,218,39.81296466817788,0.9719717502593994,0.046398650854825974,0.6742589284327599
complex_full,medium,219,39.15162551539184,0.9711698293685913,0.047088317573070526,0.6364603285258953
complex_full,medium,220,26.71586423528901,0.9134289622306824,0.07699129730463028,0.6138886797092039
complex_full,medium,221,22.48541280941214,0.8856160640716553,0.08700797706842422,0.6620551469860466
complex_full,medium,222,22.29272209520432,0.7998093366622925,0.14023049175739288,0.8935728819117856
complex_full,medium,223,25.593253359930213,0.8470783233642578,0.113907091319561,0.7132390219637053
complex_full,medium,224,25.66167869346104,0.8474936485290527,0.11312303692102432,0.7477965972236281
complex_full,medium,225,25.036939674684472,0.8403891921043396,0.12266658991575241,0.8009603223301901
complex_full,medium,226,23.979811952005477,0.7925148606300354,0.17754440009593964,0.9104541806711192
complex_full,medium,227,22.859456586602178,0.7055204510688782,0.26701363921165466,1.1906048565608334
complex_full,medium,228,27.385689944573745,0.8233013153076172,0.17125973105430603,0.9971755744616205
complex_full,medium,229,29.172475506493527,0.8981786370277405,0.10940427333116531,0.8157929049701719
complex_full,medium,230,24.91257079193779,0.6855037808418274,0.35543179512023926,1.4763653714437541
complex_full,medium,231,24.04588559151943,0.6440253853797913,0.366812527179718,1.4834584833463473
complex_full,medium,232,28.214169259914005,0.8277843594551086,0.29697564244270325,1.0348514281702847
complex_full,medium,233,32.042810410360985,0.9300355315208435,0.1326695829629898,0.6715217477716512
complex_full,medium,234,32.820609376814126,0.9476912617683411,0.10818231850862503,0.5552042781940315
complex_full,medium,235,35.98670792167156,0.9750609397888184,0.042454443871974945,0.37110745597944633
complex_full,medium,236,35.5295071665749,0.9699833393096924,0.053930219262838364,0.46300388522891006
complex_full,medium,237,33.35423337572771,0.9493347406387329,0.08980008214712143,0.5579009053795345
complex_full,medium,238,30.590474906696585,0.9482100605964661,0.08800483494997025,0.4916684489811476
complex_full,medium,239,28.650126673410984,0.9389991760253906,0.10503034293651581,0.5747125725909624
complex_full,medium,240,24.570729134139953,0.8533362150192261,0.3726184070110321,1.5452425102488923
complex_full,medium,241,25.495715633435946,0.8932595252990723,0.2998431921005249,1.5486208492816964
complex_full,medium,242,27.95718523835533,0.890155553817749,0.23191113770008087,1.5154167330633868
complex_full,medium,243,26.342038972531586,0.880384087562561,0.3436829745769501,1.511768369598112
complex_full,medium,244,24.18556807386416,0.8879226446151733,0.33668121695518494,1.4906773812649572
complex_full,medium,245,25.54356140201366,0.8745484352111816,0.3561110198497772,1.5121406925219338
complex_full,medium,246,27.174919848606432,0.8728184700012207,0.318446546792984,1.5088430933139938
complex_full,medium,247,25.561626921261364,0.9018035531044006,0.2907821536064148,1.367559183818649
complex_full,medium,248,32.67785823725895,0.9145650863647461,0.2932524085044861,1.3221572367709007
complex_full,medium,249,28.189972815110266,0.896899938583374,0.3040178418159485,1.4408200409243863
complex_full,medium,250,33.768924204341225,0.9404280781745911,0.08143051713705063,0.5241779426186851
complex_full,medium,251,28.757277867876375,0.9168073534965515,0.0701899528503418,0.6541497848907575
complex_full,medium,252,27.11680148643548,0.8718107342720032,0.12561504542827606,0.7863350399401949
complex_full,medium,253,29.5051729123556,0.9384926557540894,0.06576814502477646,0.5363967291384841
complex_full,medium,254,30.210082635490178,0.8972393274307251,0.12311968952417374,0.74556263450736
complex_full,medium,255,34.34961071048806,0.9759546518325806,0.02113940194249153,0.42338988154780427
complex_full,medium,256,31.80003022973014,0.9502533674240112,0.04464705288410187,0.4979502257585325
complex_full,medium,257,29.16184827587464,0.8418572545051575,0.17950518429279327,0.8371070856156315
complex_full,medium,258,22.079534073811736,0.6048800349235535,0.32865190505981445,1.0847121726195235
complex_full,medium,259,20.602866863737663,0.47702741622924805,0.38276466727256775,1.4105386015024886
complex_full,medium,260,28.855101804936133,0.9103043675422668,0.11828857660293579,0.7087650437695601
complex_full,medium,261,28.711289985370424,0.9105880856513977,0.10920459032058716,0.6990681758698912
complex_full,medium,262,26.21266589308331,0.8772488832473755,0.13974399864673615,0.8003394019724818
complex_full,medium,263,26.163697701956163,0.8849482536315918,0.1278325915336609,0.7054350731191752
complex_full,medium,264,24.956653270106525,0.8824784159660339,0.13906323909759521,0.7325854314729062
complex_full,medium,265,26.376906371359937,0.8853805065155029,0.13253706693649292,0.724019083975227
complex_full,medium,266,27.236998360869414,0.8935933709144592,0.12456071376800537,0.7018765807237237
complex_full,medium,267,26.734431051349862,0.8794105052947998,0.13674329221248627,0.7309840615246235
complex_full,medium,268,26.52602604299263,0.8802651166915894,0.14044734835624695,0.7646742897441174
complex_full,medium,269,27.25436232661671,0.9085821509361267,0.11137979477643967,0.696737259828876
complex_full,medium,270,30.669887936003434,0.9505659341812134,0.05857035890221596,0.5286075408611784
complex_full,medium,271,31.64435045544623,0.9438578486442566,0.08391529321670532,0.46175021708804825
complex_full,medium,272,32.28939198336107,0.9594270586967468,0.040759216994047165,0.4083750791135823
complex_full,medium,273,30.679032850903813,0.9473769068717957,0.05887061357498169,0.3452174250749658
complex_full,medium,274,31.158003980406065,0.9542129635810852,0.043128978461027145,0.4198099595107019
complex_full,medium,275,31.59801875216538,0.9410530924797058,0.0892299935221672,0.4029932943860846
complex_full,medium,276,29.979599385693042,0.9441561698913574,0.05900971218943596,0.3812673654749457
complex_full,medium,277,29.717396015050703,0.933715283870697,0.07203545421361923,0.366796071523386
complex_full,medium,278,29.293269438024684,0.9244890213012695,0.08284997195005417,0.4054019908722057
complex_full,medium,279,31.242616081231716,0.9258095026016235,0.12077045440673828,0.4574242540871878
complex_full,medium,280,18.601789255834053,0.43095874786376953,0.4646187424659729,1.5423317306127817
complex_full,medium,281,18.23008475193108,0.42231088876724243,0.4767022728919983,1.5402318085036033
complex_full,medium,282,17.974690731212025,0.40292710065841675,0.4935581088066101,1.5478980913420528
complex_full,medium,283,18.164893673006578,0.4026733338832855,0.5024790167808533,1.5386626252719156
complex_full,medium,284,19.193833413971262,0.4209989011287689,0.43526431918144226,1.530594514733296
complex_full,medium,285,19.135853127315187,0.4268370270729065,0.43366068601608276,1.5262829946772758
complex_full,medium,286,18.537917291611954,0.401487797498703,0.4489879310131073,1.556474868816153
complex_full,medium,287,19.432658675900488,0.43088972568511963,0.4129209518432617,1.5674837295941757
complex_full,medium,288,19.695753229697967,0.42935711145401,0.4363739490509033,1.5510079467634759
complex_full,medium,289,19.918282049650998,0.4373112916946411,0.43221575021743774,1.5230441979233882
complex_full,medium,290,18.67543523787907,0.44610729813575745,0.5369557738304138,1.5463436251474423
complex_full,medium,291,18.02556086120983,0.44570356607437134,0.5454423427581787,1.5547844544640708
complex_full,medium,292,17.878712020952644,0.4644615650177002,0.6053256988525391,1.5698207372338757
complex_full,medium,293,18.059838026560897,0.4919988811016083,0.6002419590950012,1.562019567739337
complex_full,medium,294,18.61787002446941,0.5356159806251526,0.5884933471679688,1.5323082241349015
complex_full,medium,295,18.506501782406442,0.5602794289588928,0.5555748343467712,1.5415475287930958
complex_full,medium,296,19.155286355460944,0.6093525886535645,0.5172016620635986,1.5415888805326876
complex_full,medium,297,18.935682968646525,0.5603623390197754,0.5888625979423523,1.5495965659254693
complex_full,medium,298,17.518382120277284,0.4810336232185364,0.6300968527793884,1.545223077734832
complex_full,medium,299,18.457451266391764,0.4655925929546356,0.6184683442115784,1.5418110981753006
complex_full,medium,300,38.32858068275053,0.985436201095581,0.03060651570558548,0.7772429313916313
complex_full,medium,301,31.47921139853443,0.9524317979812622,0.10129673779010773,0.8640893281919442
complex_full,medium,302,30.706696739569402,0.9378920793533325,0.13200274109840393,0.9856701387386421
complex_full,medium,303,31.10908398378364,0.9496416449546814,0.10955806821584702,0.8550513293400722
complex_full,medium,304,31.153700098885903,0.9515324831008911,0.10635079443454742,0.8922084476758392
complex_full,medium,305,31.172720227891784,0.9504402875900269,0.11557696014642715,0.8231806280130266
complex_full,medium,306,31.029524353549476,0.9474568963050842,0.12430372834205627,0.8800133421447652
complex_full,medium,307,31.009668650920432,0.9525271058082581,0.11290571838617325,0.8357786068974749
complex_full,medium,308,31.56070364460758,0.9536744952201843,0.10865853726863861,0.8669065209589913
complex_full,medium,309,32.7894847662236,0.964222252368927,0.09093129634857178,0.7457860744497319
