model,mode,sample_index,psnr,ssim,lpips
RIFE,easy,0,40.09502618145803,0.9845209121704102,0.011395384557545185
RIFE,easy,1,37.84182458245618,0.9738389849662781,0.019639218226075172
RIFE,easy,2,39.21342387609698,0.9822325110435486,0.010925764217972755
RIFE,easy,3,38.417767702699095,0.9799659848213196,0.012431707233190536
RIFE,easy,4,38.8374861936422,0.9812507033348083,0.010188530199229717
RIFE,easy,5,38.655338051534365,0.9803521037101746,0.012110201641917229
RIFE,easy,6,36.716599653037136,0.9754900932312012,0.014142226427793503
RIFE,easy,7,36.96479735166121,0.9780622720718384,0.012686606496572495
RIFE,easy,8,35.52176539015798,0.9733338952064514,0.01416128221899271
RIFE,easy,9,38.655057057663555,0.9830806255340576,0.011119559407234192
RIFE,easy,10,33.56368218987625,0.9651761651039124,0.026870902627706528
RIFE,easy,11,35.1865160436496,0.9731671214103699,0.017747217789292336
RIFE,easy,12,33.257627710803334,0.9734812378883362,0.018569353967905045
RIFE,easy,13,33.584385579857845,0.9724954962730408,0.01947639137506485
RIFE,easy,14,34.207534733472066,0.9688076972961426,0.020382583141326904
RIFE,easy,15,33.41110743812515,0.9692321419715881,0.019564654678106308
RIFE,easy,16,32.16093113807402,0.9697449207305908,0.02031097747385502
RIFE,easy,17,33.55653870842102,0.9659780263900757,0.020978007465600967
RIFE,easy,18,31.430601350177515,0.9568775296211243,0.029918551445007324
RIFE,easy,19,30.539797092780482,0.9553667306900024,0.03296485170722008
RIFE,easy,20,36.941270365809224,0.9618876576423645,0.031004557386040688
RIFE,easy,21,37.22585754653775,0.9621902108192444,0.028385601937770844
RIFE,easy,22,37.54264361153956,0.9621155261993408,0.03203955665230751
RIFE,easy,23,38.21877611688483,0.9651578068733215,0.03439924120903015
RIFE,easy,24,37.6078165572424,0.9643512964248657,0.037188820540905
RIFE,easy,25,37.75751412812148,0.9619957208633423,0.05159037932753563
RIFE,easy,26,37.996627092932904,0.9669453501701355,0.0397411584854126
RIFE,easy,27,37.99123113325041,0.9712398648262024,0.029960213229060173
RIFE,easy,28,38.02598141849738,0.9745405912399292,0.021463152021169662
RIFE,easy,29,38.338497902901686,0.9775439500808716,0.019810836762189865
RIFE,easy,30,36.31332004396945,0.9809904098510742,0.01034676842391491
RIFE,easy,31,34.13504981331506,0.96632981300354,0.019294921308755875
RIFE,easy,32,37.02394252709628,0.9846558570861816,0.009194149635732174
RIFE,easy,33,37.31035209815762,0.9862986207008362,0.008679632097482681
RIFE,easy,34,37.086128835162896,0.985586404800415,0.009137062355875969
RIFE,easy,35,37.971185808519245,0.9885861277580261,0.007088187150657177
RIFE,easy,36,38.122504479093685,0.9891056418418884,0.007064703851938248
RIFE,easy,37,37.060882156511575,0.985623836517334,0.00819498859345913
RIFE,easy,38,39.63050124842769,0.9916192889213562,0.00464403722435236
RIFE,easy,39,37.69003608949967,0.9873929619789124,0.007308429107069969
RIFE,easy,40,40.75280622277782,0.9825111031532288,0.009977763518691063
RIFE,easy,41,40.78255348822465,0.9847398400306702,0.009675063192844391
RIFE,easy,42,38.227907104987125,0.9742642045021057,0.014047148637473583
RIFE,easy,43,39.00038984868755,0.9771489500999451,0.014500536024570465
RIFE,easy,44,42.28849734125342,0.9888991713523865,0.006828064564615488
RIFE,easy,45,40.95339706016409,0.9842365384101868,0.009288694709539413
RIFE,easy,46,40.379902926679776,0.9818133115768433,0.01164881233125925
RIFE,easy,47,39.811759296521736,0.9827548265457153,0.011686420999467373
RIFE,easy,48,39.2875160145672,0.9810766577720642,0.011864864267408848
RIFE,easy,49,37.18899338755782,0.9743887186050415,0.01578051969408989
RIFE,easy,50,36.78273422188897,0.9830067157745361,0.011291995644569397
RIFE,easy,51,36.08140801446781,0.9697262048721313,0.021740613505244255
RIFE,easy,52,36.70484747260846,0.9813480377197266,0.011998092755675316
RIFE,easy,53,36.740412281558406,0.9769201874732971,0.01507113128900528
RIFE,easy,54,38.029422609558914,0.9804890155792236,0.01336424145847559
RIFE,easy,55,37.46489229709772,0.9809561371803284,0.013002157211303711
RIFE,easy,56,39.10811552701711,0.9854117631912231,0.010545715689659119
RIFE,easy,57,37.593026227615276,0.9824281930923462,0.012984275817871094
RIFE,easy,58,36.423175393346284,0.9801209568977356,0.014989854767918587
RIFE,easy,59,38.22979774636137,0.9782695770263672,0.016463622450828552
RIFE,easy,60,36.73809044082716,0.9814702868461609,0.0131807466968894
RIFE,easy,61,37.23797389080007,0.9848137497901917,0.011520049534738064
RIFE,easy,62,32.758939003746725,0.9628700017929077,0.022593693807721138
RIFE,easy,63,37.9314177063711,0.9853814244270325,0.011586950160562992
RIFE,easy,64,38.078333574432996,0.9860355854034424,0.010773508809506893
RIFE,easy,65,36.01886033636124,0.9797245860099792,0.014978697523474693
RIFE,easy,66,36.90891600570857,0.9845303297042847,0.011942575685679913
RIFE,easy,67,37.463914846777435,0.9857573509216309,0.011526541784405708
RIFE,easy,68,32.16559988089848,0.9656893014907837,0.022027473896741867
RIFE,easy,69,36.7546289756071,0.9841572642326355,0.011638001538813114
RIFE,easy,70,36.14862187562521,0.9847220182418823,0.011165705509483814
RIFE,easy,71,35.513603685631935,0.9765289425849915,0.02236606925725937
RIFE,easy,72,35.756381539950844,0.9805933237075806,0.011625953018665314
RIFE,easy,73,37.96456936595884,0.984883725643158,0.0106652295216918
RIFE,easy,74,39.34713695817186,0.985092043876648,0.008549557998776436
RIFE,easy,75,37.847637370788675,0.9844930768013,0.011016515083611012
RIFE,easy,76,38.90976825228141,0.9833932518959045,0.010714947246015072
RIFE,easy,77,37.21083430911363,0.9817954897880554,0.012481871992349625
RIFE,easy,78,37.05953359385975,0.9820614457130432,0.012844635173678398
RIFE,easy,79,38.65344656236989,0.9874665141105652,0.009082683362066746
RIFE,easy,80,40.35351186405609,0.9857075810432434,0.00894394051283598
RIFE,easy,81,37.62794715277505,0.9739764332771301,0.01769329234957695
RIFE,easy,82,37.75777471164772,0.977107584476471,0.021276207640767097
RIFE,easy,83,38.66833741263668,0.981346845626831,0.011949210427701473
RIFE,easy,84,32.309433006758404,0.948502242565155,0.023086143657565117
RIFE,easy,85,35.697308656258585,0.9734631776809692,0.016181329265236855
RIFE,easy,86,39.32225730495264,0.9840543866157532,0.01008047629147768
RIFE,easy,87,39.663966342912495,0.9836416840553284,0.00938759371638298
RIFE,easy,88,38.926405046598106,0.9818772673606873,0.012141888961195946
RIFE,easy,89,37.72883071495047,0.980518639087677,0.012952460907399654
RIFE,easy,90,36.93965167403719,0.9842555522918701,0.011127306148409843
RIFE,easy,91,37.3885788260914,0.9776908159255981,0.022676942870020866
RIFE,easy,92,39.09608105982744,0.9858179688453674,0.01180870458483696
RIFE,easy,93,36.28308860528647,0.9789904356002808,0.015596495009958744
RIFE,easy,94,38.33462210055944,0.9836355447769165,0.013043972663581371
RIFE,easy,95,38.698606613106364,0.9830962419509888,0.015299106016755104
RIFE,easy,96,38.91363161374351,0.9841897487640381,0.012822533957660198
RIFE,easy,97,39.54507268691381,0.9845768213272095,0.013565462082624435
RIFE,easy,98,38.95810719767909,0.9824365377426147,0.016529466956853867
RIFE,easy,99,35.24514504835516,0.9714760780334473,0.01769479364156723
RIFE,easy,100,35.97331533785951,0.9782984256744385,0.01543248351663351
RIFE,easy,101,39.68112155690373,0.9847162365913391,0.0137871652841568
RIFE,easy,102,40.41645119751525,0.9875748753547668,0.010203935205936432
RIFE,easy,103,41.01110315500895,0.9856090545654297,0.012247253209352493
RIFE,easy,104,41.853578744615525,0.9870327115058899,0.0098134595900774
RIFE,easy,105,40.155648744031126,0.9868006706237793,0.009946165606379509
RIFE,easy,106,40.77273047210618,0.9876685738563538,0.009478935971856117
RIFE,easy,107,40.92686241319762,0.9870488047599792,0.012136666104197502
RIFE,easy,108,40.18877051674085,0.9855589270591736,0.013264778070151806
RIFE,easy,109,37.706707581784784,0.9784665107727051,0.017745068296790123
RIFE,easy,110,33.48511699571408,0.9646233916282654,0.032945431768894196
RIFE,easy,111,34.797268077074634,0.9632082581520081,0.030515097081661224
RIFE,easy,112,27.77916721727999,0.864690363407135,0.1437397301197052
RIFE,easy,113,29.800263989258866,0.8948885202407837,0.09499979019165039
RIFE,easy,114,29.00714349822359,0.906449019908905,0.08637884259223938
RIFE,easy,115,34.576056459352024,0.9543481469154358,0.044393640011548996
RIFE,easy,116,36.198720671642356,0.967210054397583,0.03234065696597099
RIFE,easy,117,37.09675680008446,0.9734956622123718,0.023029068484902382
RIFE,easy,118,37.19028381304692,0.9719963669776917,0.027227725833654404
RIFE,easy,119,35.428289665511414,0.9677129983901978,0.030157728120684624
RIFE,easy,120,40.598180702749794,0.995600163936615,0.0031817443668842316
RIFE,easy,121,38.194919640764326,0.9924847483634949,0.006142974365502596
RIFE,easy,122,39.82588461689736,0.9939266443252563,0.004660709761083126
RIFE,easy,123,43.18257960255309,0.9959213733673096,0.0019398611038923264
RIFE,easy,124,39.95385488834393,0.9925881028175354,0.005258480086922646
RIFE,easy,125,39.49019165160296,0.9921896457672119,0.005630142986774445
RIFE,easy,126,37.93606392864838,0.9900645613670349,0.00525273010134697
RIFE,easy,127,34.8631137193132,0.9781913757324219,0.01927550509572029
RIFE,easy,128,35.70479224222646,0.9847809672355652,0.009880407713353634
RIFE,easy,129,33.01019964562636,0.9744009375572205,0.017966482788324356
RIFE,easy,130,52.755931054334326,0.9986813068389893,0.0005215639248490334
RIFE,easy,131,55.79928823726027,0.9993842244148254,0.00028806872433051467
RIFE,easy,132,53.631799430221925,0.9989328980445862,0.0005728367832489312
RIFE,easy,133,47.495790429385906,0.9971694350242615,0.0016226294683292508
RIFE,easy,134,47.84519451714799,0.9969658851623535,0.001732156495563686
RIFE,easy,135,41.5597905111665,0.9892898797988892,0.008078239858150482
RIFE,easy,136,41.013286086057015,0.9922693371772766,0.0034948273096233606
RIFE,easy,137,48.63422698933145,0.9981058239936829,0.0012097356375306845
RIFE,easy,138,49.60086762430704,0.9980941414833069,0.000853542413096875
RIFE,easy,139,53.588691086615626,0.9992331266403198,0.00042780092917382717
RIFE,easy,140,40.99333232636077,0.9816237092018127,0.013471962884068489
RIFE,easy,141,41.933844744956765,0.9857133030891418,0.013645345345139503
RIFE,easy,142,41.607396194311264,0.9846447110176086,0.01093827374279499
RIFE,easy,143,42.59268042147505,0.9860514998435974,0.011351040564477444
RIFE,easy,144,42.686968397297235,0.9867276549339294,0.009817664511501789
RIFE,easy,145,41.10326195051317,0.9829751253128052,0.01259132381528616
RIFE,easy,146,39.516988888027434,0.9761504530906677,0.021300991997122765
RIFE,easy,147,40.7772646671274,0.9796560406684875,0.015009090304374695
RIFE,easy,148,41.790314144825345,0.9839438796043396,0.012296536937355995
RIFE,easy,149,40.80268570052284,0.9795463681221008,0.014676009304821491
RIFE,easy,150,41.03503840116308,0.9949747920036316,0.004053676500916481
RIFE,easy,151,42.02404465778828,0.9948628544807434,0.004197072237730026
RIFE,easy,152,41.84656242468553,0.9949085116386414,0.005661191884428263
RIFE,easy,153,43.16012011705257,0.9955770373344421,0.0031787585467100143
RIFE,easy,154,45.215734131913635,0.9969040751457214,0.004002159461379051
RIFE,easy,155,44.47801743735896,0.9966819286346436,0.0041895220056176186
RIFE,easy,156,42.92917660917165,0.9957519173622131,0.004034580197185278
RIFE,easy,157,41.83730355949146,0.9953718781471252,0.003979192115366459
RIFE,easy,158,40.63013939199615,0.9948667287826538,0.004499079659581184
RIFE,easy,159,40.47709596994317,0.9940404891967773,0.00480996910482645
RIFE,easy,160,48.09691345066011,0.9982527494430542,0.0010902804788202047
RIFE,easy,161,48.470717483552676,0.9983561038970947,0.0010859825415536761
RIFE,easy,162,48.472416265475076,0.9982720613479614,0.001299665542319417
RIFE,easy,163,47.60806275522354,0.998211681842804,0.001292398665100336
RIFE,easy,164,48.222677820363856,0.9982283711433411,0.0015361328842118382
RIFE,easy,165,48.121385190008766,0.9984418749809265,0.0010921827051788568
RIFE,easy,166,48.04650423132382,0.9980737566947937,0.0015252360608428717
RIFE,easy,167,47.64669735522057,0.9980905055999756,0.0014394533354789019
RIFE,easy,168,47.33100004375306,0.9981586933135986,0.0015389343025162816
RIFE,easy,169,47.99151507925061,0.9984309077262878,0.001203511143103242
RIFE,easy,170,45.04473304152902,0.9930062294006348,0.004270384553819895
RIFE,easy,171,39.92293925585281,0.98203444480896,0.012998143211007118
RIFE,easy,172,45.91408817026504,0.9931619167327881,0.004349183291196823
RIFE,easy,173,45.604827459049346,0.9917606115341187,0.005039331968873739
RIFE,easy,174,37.179496410011836,0.9687340259552002,0.02503250539302826
RIFE,easy,175,40.31022202116419,0.9846785664558411,0.009907483123242855
RIFE,easy,176,43.92967331445418,0.9899455308914185,0.006768632214516401
RIFE,easy,177,42.373278710738134,0.9871987700462341,0.007138518616557121
RIFE,easy,178,42.22628904926636,0.9890348315238953,0.0066527402959764
RIFE,easy,179,43.75878927296584,0.9913271069526672,0.004835781641304493
RIFE,easy,180,50.34003842023088,0.9959293007850647,0.003857429139316082
RIFE,easy,181,49.26657427577634,0.9949018359184265,0.004323097877204418
RIFE,easy,182,49.73300099503306,0.9954122304916382,0.004128456115722656
RIFE,easy,183,49.34476743128012,0.9956530928611755,0.004243649076670408
RIFE,easy,184,42.651539482160686,0.9901241660118103,0.010760020464658737
RIFE,easy,185,36.79201407424287,0.9851412177085876,0.022934667766094208
RIFE,easy,186,37.523369575298815,0.9841194748878479,0.029954655095934868
RIFE,easy,187,45.38127289441845,0.993394136428833,0.009525690227746964
RIFE,easy,188,45.960143978357245,0.9922047257423401,0.009024741128087044
RIFE,easy,189,47.72705071224971,0.9934552907943726,0.007700343616306782
RIFE,easy,190,39.60949737348151,0.9839192032814026,0.0098622040823102
RIFE,easy,191,41.09867075112578,0.987616240978241,0.009449495002627373
RIFE,easy,192,42.11317482922568,0.9893150329589844,0.00719355046749115
RIFE,easy,193,40.28333020239377,0.9847451448440552,0.00974562019109726
RIFE,easy,194,39.793261353558826,0.9841428995132446,0.00978044979274273
RIFE,easy,195,40.69232663816307,0.9873013496398926,0.00783571507781744
RIFE,easy,196,39.725170302994016,0.9837318658828735,0.008996406570076942
RIFE,easy,197,37.93011164299661,0.979385495185852,0.01187131553888321
RIFE,easy,198,39.79371453394187,0.9849081635475159,0.011354085057973862
RIFE,easy,199,39.628039735194236,0.9834225177764893,0.009710385464131832
RIFE,easy,200,37.02628694343052,0.9729305505752563,0.015325821936130524
RIFE,easy,201,37.80424669362024,0.9765089750289917,0.011089151725172997
RIFE,easy,202,37.063667642337336,0.9730664491653442,0.01594272069633007
RIFE,easy,203,37.33305567059551,0.9700329899787903,0.016610722988843918
RIFE,easy,204,36.33659774771404,0.9680783748626709,0.0177510604262352
RIFE,easy,205,36.40322298114519,0.9674704670906067,0.013827616348862648
RIFE,easy,206,37.25591502055292,0.9712158441543579,0.016820494085550308
RIFE,easy,207,36.179967745305824,0.9700772762298584,0.012529866769909859
RIFE,easy,208,37.02700017228525,0.967311680316925,0.018669145181775093
RIFE,easy,209,37.91790475332497,0.9754875898361206,0.010186520405113697
RIFE,easy,210,44.23970607528284,0.9886717200279236,0.014333088882267475
RIFE,easy,211,43.92333050591323,0.9880455732345581,0.01279527973383665
RIFE,easy,212,44.182400382018514,0.9896386861801147,0.012952912598848343
RIFE,easy,213,44.22498874457606,0.9886690378189087,0.011953556910157204
RIFE,easy,214,44.43950964907568,0.9888139367103577,0.012336311861872673
RIFE,easy,215,44.32949090278334,0.9888110160827637,0.015928927809000015
RIFE,easy,216,44.26767681040161,0.988534688949585,0.013153022155165672
RIFE,easy,217,44.563102143208184,0.9897866249084473,0.01088045910000801
RIFE,easy,218,44.77346167190646,0.9899311065673828,0.011516787111759186
RIFE,easy,219,44.96473592979502,0.9909939169883728,0.014383546076714993
RIFE,easy,220,37.93358213090101,0.990928590297699,0.005225253291428089
RIFE,easy,221,25.150686964126784,0.9448093175888062,0.0153512479737401
RIFE,easy,222,32.29048588744584,0.9751203656196594,0.012994932942092419
RIFE,easy,223,29.679553729377304,0.9566195607185364,0.01619558595120907
RIFE,easy,224,36.08283205497909,0.9820212125778198,0.011410541832447052
RIFE,easy,225,33.085851024535884,0.9709933996200562,0.019714558497071266
RIFE,easy,226,27.76720326072664,0.9404688477516174,0.028903838247060776
RIFE,easy,227,31.505098140687956,0.9596553444862366,0.02996893972158432
RIFE,easy,228,31.897635098467877,0.9738402962684631,0.012655483558773994
RIFE,easy,229,37.655725219633936,0.98915696144104,0.005563602317124605
RIFE,easy,230,40.46756883113436,0.991369903087616,0.005100876092910767
RIFE,easy,231,39.62871677335556,0.9885357022285461,0.00524668674916029
RIFE,easy,232,39.07359316008058,0.9900888204574585,0.0061624678783118725
RIFE,easy,233,42.33218097337215,0.9936885237693787,0.0043904539197683334
RIFE,easy,234,42.627765614104725,0.9948647022247314,0.0032232082448899746
RIFE,easy,235,47.97803669834544,0.9975008964538574,0.0012046637712046504
RIFE,easy,236,45.06114369927283,0.9967142343521118,0.00250608311034739
RIFE,easy,237,43.36355302343836,0.9946978092193604,0.0030893217772245407
RIFE,easy,238,44.24604764231904,0.996334433555603,0.0019266646122559905
RIFE,easy,239,40.27927985208494,0.9932039976119995,0.00433031190186739
RIFE,easy,240,41.5654160127697,0.9863912463188171,0.013717927038669586
RIFE,easy,241,40.55728586971715,0.9883890151977539,0.010835906490683556
RIFE,easy,242,47.106420699007565,0.9931750297546387,0.007394547574222088
RIFE,easy,243,46.3090343352238,0.9914209246635437,0.008580931462347507
RIFE,easy,244,43.656913810511085,0.9911612272262573,0.009450837038457394
RIFE,easy,245,42.396170018633626,0.9922757744789124,0.007884341292083263
RIFE,easy,246,42.631174317855674,0.9906646013259888,0.00867876224219799
RIFE,easy,247,45.768995082013724,0.9941343069076538,0.005731768906116486
RIFE,easy,248,45.5310535883735,0.9948835372924805,0.004553293809294701
RIFE,easy,249,46.44326990862094,0.9935960173606873,0.00623289542272687
RIFE,easy,250,40.45547155250561,0.992495596408844,0.0048359474167227745
RIFE,easy,251,37.621822182504744,0.9868818521499634,0.007772792596369982
RIFE,easy,252,37.33165203939782,0.9848987460136414,0.009383915923535824
RIFE,easy,253,40.709141092501014,0.993053674697876,0.005237414035946131
RIFE,easy,254,35.44121359926183,0.9789713621139526,0.01080812606960535
RIFE,easy,255,42.39537839596329,0.9955472350120544,0.0026710056699812412
RIFE,easy,256,43.07021378424071,0.9953136444091797,0.002542186761274934
RIFE,easy,257,39.38330562928854,0.9893029928207397,0.007654677145183086
RIFE,easy,258,27.75522211931981,0.8779170513153076,0.03914574161171913
RIFE,easy,259,22.701466645041,0.7140530943870544,0.06988147646188736
RIFE,easy,260,40.94269903874351,0.9929877519607544,0.005067366175353527
RIFE,easy,261,35.82426843095949,0.9854915142059326,0.008023664355278015
RIFE,easy,262,40.41150146112186,0.9937288165092468,0.00518911425024271
RIFE,easy,263,32.253992666287644,0.9759588241577148,0.013114167377352715
RIFE,easy,264,41.30209573333162,0.9947840571403503,0.004050632007420063
RIFE,easy,265,33.002742772957234,0.9781152606010437,0.012182780541479588
RIFE,easy,266,41.761723608445386,0.9944745302200317,0.003742920933291316
RIFE,easy,267,33.45373709046434,0.9774963855743408,0.010492067784070969
RIFE,easy,268,41.61139221861346,0.994705855846405,0.004463820718228817
RIFE,easy,269,42.84567308293131,0.9959295392036438,0.003185742534697056
RIFE,easy,270,35.20469857416734,0.9892617464065552,0.008120637387037277
RIFE,easy,271,42.246239238549876,0.9924249053001404,0.0050721317529678345
RIFE,easy,272,41.50226570985155,0.9922629594802856,0.006228581070899963
RIFE,easy,273,42.042735354318594,0.9914276003837585,0.00686042383313179
RIFE,easy,274,41.971179827522214,0.9927268624305725,0.007023763842880726
RIFE,easy,275,40.14829034084363,0.9896169900894165,0.008211113512516022
RIFE,easy,276,40.91429446975682,0.9900568723678589,0.007832772098481655
RIFE,easy,277,41.561084052834104,0.9926668405532837,0.004862413741648197
RIFE,easy,278,39.70460411316322,0.9880543351173401,0.00900355726480484
RIFE,easy,279,42.32142217555249,0.9915629625320435,0.004977797623723745
RIFE,easy,280,37.0901983866055,0.9732930660247803,0.011870953254401684
RIFE,easy,281,37.74437927412023,0.9777317643165588,0.00990593433380127
RIFE,easy,282,37.26918242436911,0.9707489609718323,0.012696190737187862
RIFE,easy,283,37.755214053657234,0.9756686091423035,0.011007535271346569
RIFE,easy,284,36.85289357796886,0.9685320854187012,0.017510391771793365
RIFE,easy,285,36.62388630371256,0.9646103382110596,0.017933521419763565
RIFE,easy,286,37.38424975374776,0.9744331240653992,0.012462859973311424
RIFE,easy,287,37.260493296555865,0.977005124092102,0.01059627253562212
RIFE,easy,288,36.760375948147434,0.9735792875289917,0.016384346410632133
RIFE,easy,289,38.379742382754976,0.977218747138977,0.00981718860566616
RIFE,easy,290,36.441281347288744,0.9830359220504761,0.012363710440695286
RIFE,easy,291,37.86660952627291,0.9856586456298828,0.010728570632636547
RIFE,easy,292,35.727070702536956,0.9849197268486023,0.01511696632951498
RIFE,easy,293,36.13016809074378,0.9834274649620056,0.015542466193437576
RIFE,easy,294,40.42753729345206,0.9897837042808533,0.0068673500791192055
RIFE,easy,295,39.607794547794754,0.9853352904319763,0.01574532687664032
RIFE,easy,296,40.026909027439714,0.9915598034858704,0.006245273631066084
RIFE,easy,297,39.5760594281193,0.989314615726471,0.007201964035630226
RIFE,easy,298,36.90786683633096,0.9847504496574402,0.011653180234134197
RIFE,easy,299,38.379325055790574,0.9866567850112915,0.009763244539499283
RIFE,easy,300,50.94959159696275,0.9965392351150513,0.008428828790783882
RIFE,easy,301,41.22094651795827,0.9871386885643005,0.013185979798436165
RIFE,easy,302,42.35057203506918,0.9913318157196045,0.010975386016070843
RIFE,easy,303,42.528241186934075,0.9896532297134399,0.01057299692183733
RIFE,easy,304,44.123466029645726,0.9935063719749451,0.008880234323441982
RIFE,easy,305,44.62009103540383,0.9914167523384094,0.010766195133328438
RIFE,easy,306,45.43671679615569,0.9948866963386536,0.009243614040315151
RIFE,easy,307,45.484663897626106,0.9927139282226562,0.01010100170969963
RIFE,easy,308,46.38752485485922,0.9929308891296387,0.010219765827059746
RIFE,easy,309,46.08180987273858,0.9926694631576538,0.013433434069156647
RIFE,medium,0,36.78736443089287,0.9674301743507385,0.023352524265646935
RIFE,medium,1,33.10411248017936,0.9492818713188171,0.029033150523900986
RIFE,medium,2,36.103001238850375,0.9656041860580444,0.02369832992553711
RIFE,medium,3,35.4259942073285,0.9654508233070374,0.019655831158161163
RIFE,medium,4,35.419447904220284,0.9675900340080261,0.017848486080765724
RIFE,medium,5,37.445825078389134,0.9746124744415283,0.016442403197288513
RIFE,medium,6,27.79890127878502,0.8767773509025574,0.04036691039800644
RIFE,medium,7,29.070803532379067,0.912617027759552,0.03396299108862877
RIFE,medium,8,26.97982687534454,0.8745242953300476,0.03880539536476135
RIFE,medium,9,36.025489446115785,0.9709385633468628,0.018680904060602188
RIFE,medium,10,34.096389518260345,0.9557552933692932,0.034380100667476654
RIFE,medium,11,34.40385474028312,0.9611214399337769,0.026078755035996437
RIFE,medium,12,34.64471548388184,0.9664292931556702,0.023851197212934494
RIFE,medium,13,35.09118587960303,0.9648258686065674,0.024737510830163956
RIFE,medium,14,34.35507997398195,0.960795521736145,0.0282454751431942
RIFE,medium,15,34.85327470974521,0.962000846862793,0.026353545486927032
RIFE,medium,16,33.16068587472458,0.9606254696846008,0.025611475110054016
RIFE,medium,17,33.21321421342007,0.9520006775856018,0.03260644152760506
RIFE,medium,18,32.269826698091116,0.9503738880157471,0.035213373601436615
RIFE,medium,19,31.66584473111415,0.943538248538971,0.03676743805408478
RIFE,medium,20,34.35596243628296,0.9446256756782532,0.04440963640809059
RIFE,medium,21,35.86551427898228,0.9516040682792664,0.03931031376123428
RIFE,medium,22,34.5736434264557,0.9446083903312683,0.046597521752119064
RIFE,medium,23,37.0932807239089,0.956601083278656,0.0470542311668396
RIFE,medium,24,35.08297899114187,0.9493189454078674,0.05277663469314575
RIFE,medium,25,35.8774943213381,0.9518324732780457,0.061146851629018784
RIFE,medium,26,36.75733077690134,0.9605016708374023,0.046220339834690094
RIFE,medium,27,35.92624340184778,0.9618740081787109,0.04033572971820831
RIFE,medium,28,36.44324413520976,0.9662705063819885,0.029867226257920265
RIFE,medium,29,36.925642310860994,0.9700833559036255,0.027842113748192787
RIFE,medium,30,32.41138929458137,0.9542208909988403,0.03312414884567261
RIFE,medium,31,32.91790149058451,0.9576622247695923,0.025838082656264305
RIFE,medium,32,33.57799585670118,0.9626620411872864,0.02133960649371147
RIFE,medium,33,35.17109056529626,0.977243185043335,0.013845953159034252
RIFE,medium,34,34.85949360009126,0.9755915403366089,0.015636589378118515
RIFE,medium,35,34.591153269812494,0.9765749573707581,0.013379717245697975
RIFE,medium,36,36.21681882557847,0.982648491859436,0.011372171342372894
RIFE,medium,37,34.13930279300211,0.973247230052948,0.013975230976939201
RIFE,medium,38,36.04135953577725,0.98238605260849,0.009260093793272972
RIFE,medium,39,35.8089661374566,0.9800117611885071,0.010645492002367973
RIFE,medium,40,35.89150941639206,0.9635494351387024,0.021609634160995483
RIFE,medium,41,34.52207916141435,0.9527018070220947,0.024437928572297096
RIFE,medium,42,30.037436987926725,0.8916909098625183,0.039269596338272095
RIFE,medium,43,32.34436509310312,0.9297954440116882,0.03319302201271057
RIFE,medium,44,36.827851740551715,0.9685081243515015,0.018388468772172928
RIFE,medium,45,37.73286609093538,0.9725203514099121,0.016547083854675293
RIFE,medium,46,35.86271004972156,0.9658638834953308,0.021671732887625694
RIFE,medium,47,36.37344270662667,0.9711679220199585,0.020145302638411522
RIFE,medium,48,37.859302939705685,0.9728226065635681,0.017934327945113182
RIFE,medium,49,30.75223572289994,0.9253714680671692,0.03447924181818962
RIFE,medium,50,27.778690632807713,0.8948063254356384,0.049160804599523544
RIFE,medium,51,31.3910022130424,0.9382607936859131,0.03867026045918465
RIFE,medium,52,30.134128724934133,0.9326469302177429,0.038487523794174194
RIFE,medium,53,29.3749687908533,0.9154731631278992,0.03955032303929329
RIFE,medium,54,36.293783585674916,0.9712718725204468,0.019784286618232727
RIFE,medium,55,33.069867466904384,0.9591097831726074,0.025658629834651947
RIFE,medium,56,36.10573302713873,0.9743247032165527,0.018398063257336617
RIFE,medium,57,33.400957049729755,0.9633092880249023,0.024550344794988632
RIFE,medium,58,29.22553485955163,0.9236187934875488,0.03744609281420708
RIFE,medium,59,35.85941556551933,0.9657168388366699,0.024816524237394333
RIFE,medium,60,33.307230651596186,0.9610064029693604,0.02828226611018181
RIFE,medium,61,30.511509534672957,0.942644476890564,0.0358346626162529
RIFE,medium,62,23.43450462331056,0.7497580647468567,0.07150329649448395
RIFE,medium,63,34.34049452475678,0.9715623259544373,0.020660236477851868
RIFE,medium,64,33.89292975339447,0.9698600172996521,0.020824961364269257
RIFE,medium,65,27.4006394543783,0.8900578618049622,0.04770119488239288
RIFE,medium,66,33.078906772033775,0.9671410918235779,0.023811984807252884
RIFE,medium,67,33.94655580279765,0.9722424745559692,0.021426431834697723
RIFE,medium,68,22.780115865865596,0.7715750932693481,0.06907385587692261
RIFE,medium,69,30.74806480627489,0.9495294690132141,0.028037145733833313
RIFE,medium,70,32.81451021818946,0.9694780707359314,0.020279521122574806
RIFE,medium,71,33.36054751182347,0.9672104716300964,0.02568725310266018
RIFE,medium,72,27.489420251188122,0.9122790098190308,0.04363112151622772
RIFE,medium,73,35.356359891355964,0.9765955805778503,0.01784096658229828
RIFE,medium,74,35.847453642845515,0.9742480516433716,0.01663496159017086
RIFE,medium,75,34.49433610341152,0.96907639503479,0.018824703991413116
RIFE,medium,76,34.02007450237677,0.9614226818084717,0.025224830955266953
RIFE,medium,77,31.764115310343726,0.9492115378379822,0.02752699702978134
RIFE,medium,78,30.911168448019417,0.9468153119087219,0.02837524563074112
RIFE,medium,79,35.42029498860257,0.9776157140731812,0.015995265915989876
RIFE,medium,80,37.542650789468965,0.9732253551483154,0.01791997440159321
RIFE,medium,81,33.63714142868012,0.9515405893325806,0.034110862761735916
RIFE,medium,82,34.771336590281344,0.9572867751121521,0.03423207253217697
RIFE,medium,83,31.79509456120773,0.9375837445259094,0.03194275498390198
RIFE,medium,84,22.86898000772456,0.6712439060211182,0.06765767186880112
RIFE,medium,85,26.63911857050256,0.8425533771514893,0.04788858816027641
RIFE,medium,86,35.47078418361409,0.9683941006660461,0.018291901797056198
RIFE,medium,87,33.80793691860592,0.9586734175682068,0.022730736061930656
RIFE,medium,88,36.186590716515255,0.9716281294822693,0.02055010385811329
RIFE,medium,89,33.79971134443279,0.9605063796043396,0.025943579152226448
RIFE,medium,90,34.92367685731174,0.9727880954742432,0.025477496907114983
RIFE,medium,91,36.42958959519792,0.9730702638626099,0.028934013098478317
RIFE,medium,92,36.29180807169917,0.9719647765159607,0.029511071741580963
RIFE,medium,93,27.74420407998981,0.9000564217567444,0.044403765350580215
RIFE,medium,94,33.57539370811518,0.9631785154342651,0.02550540119409561
RIFE,medium,95,34.28529096040127,0.9629478454589844,0.027770236134529114
RIFE,medium,96,36.17475646532889,0.9733515977859497,0.022053096443414688
RIFE,medium,97,37.79005307397358,0.9776352643966675,0.022603336721658707
RIFE,medium,98,32.8119842681535,0.9462189078330994,0.037608981132507324
RIFE,medium,99,26.14432698969596,0.8262389898300171,0.05772542953491211
RIFE,medium,100,26.66338556676581,0.903396725654602,0.04116476699709892
RIFE,medium,101,32.9389836679639,0.9636489152908325,0.025138692930340767
RIFE,medium,102,38.36011275117008,0.981511652469635,0.014059810899198055
RIFE,medium,103,38.865537170510535,0.9798240065574646,0.017455285415053368
RIFE,medium,104,37.506812844311845,0.9782794117927551,0.01588444784283638
RIFE,medium,105,34.32133088644613,0.9712333679199219,0.019334997981786728
RIFE,medium,106,37.819812943928966,0.9806691408157349,0.01546202041208744
RIFE,medium,107,39.445778358561164,0.9818926453590393,0.015730218961834908
RIFE,medium,108,33.793660380398826,0.9633329510688782,0.028260745108127594
RIFE,medium,109,29.093828253790445,0.9342055320739746,0.03722548112273216
RIFE,medium,110,29.26383738325898,0.9221028089523315,0.06380411982536316
RIFE,medium,111,30.633147193563836,0.9305049777030945,0.057421281933784485
RIFE,medium,112,25.510756710800337,0.8153547048568726,0.1885269731283188
RIFE,medium,113,27.05814814824686,0.8586977124214172,0.1333531141281128
RIFE,medium,114,27.642655318056452,0.8742828369140625,0.12951678037643433
RIFE,medium,115,29.781546254210838,0.9157976508140564,0.07657015323638916
RIFE,medium,116,31.275583025152738,0.9416353106498718,0.04946687072515488
RIFE,medium,117,33.724501346728076,0.9524323344230652,0.03796810656785965
RIFE,medium,118,33.220020973749335,0.9510054588317871,0.0449821762740612
RIFE,medium,119,31.734132489180755,0.9432098269462585,0.04359150305390358
RIFE,medium,120,36.75520285175084,0.9885616302490234,0.0075450767762959
RIFE,medium,121,33.57783856028546,0.9780747294425964,0.016857292503118515
RIFE,medium,122,35.536935741903946,0.9830601215362549,0.012292341329157352
RIFE,medium,123,38.58961073325642,0.9896661639213562,0.004960287362337112
RIFE,medium,124,37.52776953695705,0.9872706532478333,0.008504776284098625
RIFE,medium,125,35.99436289819751,0.9838186502456665,0.01094475295394659
RIFE,medium,126,32.522262875042024,0.9724493026733398,0.01807723194360733
RIFE,medium,127,33.13036987749668,0.9696791172027588,0.026377851143479347
RIFE,medium,128,31.875915875350987,0.9670162796974182,0.01636810228228569
RIFE,medium,129,30.57994475951705,0.9633747935295105,0.02921181358397007
RIFE,medium,130,48.544204640273506,0.9980610609054565,0.0008816992631182075
RIFE,medium,131,53.04243047523406,0.9992009997367859,0.0004374385462142527
RIFE,medium,132,51.42157429765674,0.9981052279472351,0.0008484844584017992
RIFE,medium,133,42.84101558574665,0.9948256015777588,0.0031030024401843548
RIFE,medium,134,44.75771162649355,0.9952083230018616,0.003653178457170725
RIFE,medium,135,34.704959006718795,0.9699003100395203,0.015736732631921768
RIFE,medium,136,34.48636423784115,0.9711187481880188,0.009045585058629513
RIFE,medium,137,44.94490978538147,0.9963487386703491,0.0020339142065495253
RIFE,medium,138,45.06037711581335,0.9954341650009155,0.0019980024080723524
RIFE,medium,139,50.36430457615218,0.9983388185501099,0.0009444907773286104
RIFE,medium,140,34.07258179195359,0.9388635158538818,0.026826560497283936
RIFE,medium,141,35.81783887531173,0.9659798741340637,0.024431180208921432
RIFE,medium,142,36.97902741591276,0.9696550369262695,0.01865359954535961
RIFE,medium,143,38.7992365287072,0.9768657684326172,0.01732916198670864
RIFE,medium,144,38.749232083177525,0.9759678244590759,0.016094591468572617
RIFE,medium,145,35.31521567381545,0.9526325464248657,0.025107653811573982
RIFE,medium,146,33.15914918490324,0.9309572577476501,0.03663931041955948
RIFE,medium,147,34.124735327361456,0.9375698566436768,0.036192815750837326
RIFE,medium,148,35.199266825771744,0.946427047252655,0.02905406802892685
RIFE,medium,149,36.22568119764387,0.9557465314865112,0.026156626641750336
RIFE,medium,150,36.93713844577404,0.9890002608299255,0.008626025170087814
RIFE,medium,151,37.22608610232436,0.9893057942390442,0.009171668440103531
RIFE,medium,152,35.998290014215115,0.9891389608383179,0.009767732582986355
RIFE,medium,153,38.14617984254098,0.9910528659820557,0.006983960047364235
RIFE,medium,154,40.77609478152863,0.9937312602996826,0.005474855657666922
RIFE,medium,155,38.15907048337266,0.9923188090324402,0.006858665030449629
RIFE,medium,156,37.77293277937694,0.9922447204589844,0.0082450732588768
RIFE,medium,157,37.296846261006465,0.9896658062934875,0.008960377424955368
RIFE,medium,158,34.71418437923506,0.9880654811859131,0.008918767794966698
RIFE,medium,159,35.652181255853804,0.9863075017929077,0.008360221982002258
RIFE,medium,160,44.07532812500268,0.9971678853034973,0.0018940989393740892
RIFE,medium,161,45.12947668144486,0.9974768757820129,0.0017740153707563877
RIFE,medium,162,45.700881209112715,0.9975790977478027,0.002149028703570366
RIFE,medium,163,45.56607214806867,0.9976464509963989,0.0019167026039212942
RIFE,medium,164,44.61454220942433,0.9973085522651672,0.0025853770785033703
RIFE,medium,165,44.569725738779304,0.9973436594009399,0.0020685221534222364
RIFE,medium,166,44.38993849965218,0.9970263242721558,0.002747428836300969
RIFE,medium,167,44.79372203768473,0.9971397519111633,0.0023828926496207714
RIFE,medium,168,43.98342857733505,0.9972442984580994,0.0025919764302670956
RIFE,medium,169,44.33580381629312,0.9974705576896667,0.002129883272573352
RIFE,medium,170,40.36823588939327,0.9835897088050842,0.009977377951145172
RIFE,medium,171,36.671094382434276,0.9670343399047852,0.021744174882769585
RIFE,medium,172,41.61978989198963,0.9842742681503296,0.00894642248749733
RIFE,medium,173,41.7847034421837,0.9833436608314514,0.009889773093163967
RIFE,medium,174,34.81346459102483,0.9565331935882568,0.035268478095531464
RIFE,medium,175,36.27098508128478,0.9645986557006836,0.02131783962249756
RIFE,medium,176,39.309615184575634,0.9766566157341003,0.013691699132323265
RIFE,medium,177,39.389747146462184,0.9778033494949341,0.01259544026106596
RIFE,medium,178,38.06869745074563,0.9816566705703735,0.0115756681188941
RIFE,medium,179,40.91107786998098,0.9853075742721558,0.008075544610619545
RIFE,medium,180,47.48652521045186,0.992281436920166,0.006699008867144585
RIFE,medium,181,47.91445145750207,0.9929747581481934,0.0061666094698011875
RIFE,medium,182,48.356811460924234,0.9936866760253906,0.006711721420288086
RIFE,medium,183,46.66031352736617,0.9930213093757629,0.0066452790051698685
RIFE,medium,184,39.75133556428294,0.9857781529426575,0.016052380204200745
RIFE,medium,185,35.75708093881276,0.9803339838981628,0.03332958370447159
RIFE,medium,186,33.084070337539146,0.9780285358428955,0.04427675902843475
RIFE,medium,187,40.26672567629226,0.9876099228858948,0.019142165780067444
RIFE,medium,188,41.323149690458564,0.9876106381416321,0.017734356224536896
RIFE,medium,189,45.173203091805334,0.9907985925674438,0.013146908953785896
RIFE,medium,190,37.91781867113256,0.9785271883010864,0.014564163982868195
RIFE,medium,191,38.98407892170465,0.9822779297828674,0.013314943760633469
RIFE,medium,192,39.34357425546534,0.9853627681732178,0.010148749686777592
RIFE,medium,193,38.21991481564217,0.978863000869751,0.014017725363373756
RIFE,medium,194,39.15938893504133,0.9813335537910461,0.011285696178674698
RIFE,medium,195,36.34313166282719,0.9729083776473999,0.01506100781261921
RIFE,medium,196,37.70049330367324,0.974855363368988,0.016423935070633888
RIFE,medium,197,33.60718893269063,0.9555251598358154,0.022407766431570053
RIFE,medium,198,37.00468339565431,0.9753594994544983,0.016666632145643234
RIFE,medium,199,34.254082613643945,0.9631900787353516,0.018945150077342987
RIFE,medium,200,31.711735634166995,0.9485327005386353,0.023156359791755676
RIFE,medium,201,32.86581944924501,0.9503087401390076,0.02204502560198307
RIFE,medium,202,32.06390779129675,0.9382121562957764,0.02764967456459999
RIFE,medium,203,32.999352974511964,0.9375799894332886,0.03171030431985855
RIFE,medium,204,31.41631020931877,0.9322457313537598,0.027746157720685005
RIFE,medium,205,30.370712982563944,0.9254844784736633,0.03879228234291077
RIFE,medium,206,32.006693852478485,0.9298837184906006,0.03289645165205002
RIFE,medium,207,30.97203362515102,0.9335441589355469,0.028163541108369827
RIFE,medium,208,30.016787294371333,0.8944923877716064,0.0388762429356575
RIFE,medium,209,32.67595162352261,0.9401699900627136,0.027687212452292442
RIFE,medium,210,41.98094327232152,0.9823945164680481,0.020625634118914604
RIFE,medium,211,41.04315242372883,0.9807239770889282,0.021180689334869385
RIFE,medium,212,39.95426354255701,0.9768636226654053,0.02308245748281479
RIFE,medium,213,41.0166939224964,0.9806090593338013,0.020328599959611893
RIFE,medium,214,42.26570006780282,0.9824439287185669,0.019069835543632507
RIFE,medium,215,41.07737928976284,0.9802249073982239,0.025105806067585945
RIFE,medium,216,41.2767796057023,0.9799209237098694,0.022248419001698494
RIFE,medium,217,41.3345113711262,0.9809020161628723,0.01996917463839054
RIFE,medium,218,41.43393293278479,0.9810991287231445,0.02118745446205139
RIFE,medium,219,41.0010440274445,0.9798606634140015,0.027124017477035522
RIFE,medium,220,30.692369554025124,0.9712319374084473,0.012536194175481796
RIFE,medium,221,24.877942329980915,0.9336171746253967,0.02418280765414238
RIFE,medium,222,29.1426506637644,0.9600626230239868,0.01801351085305214
RIFE,medium,223,28.81070748018103,0.9436517357826233,0.02400636486709118
RIFE,medium,224,28.916072014361127,0.9465287327766418,0.022181028500199318
RIFE,medium,225,27.562915871697882,0.9354346394538879,0.03687024489045143
RIFE,medium,226,26.53716738019442,0.9103744626045227,0.04964987933635712
RIFE,medium,227,28.938499820048932,0.9429071545600891,0.039500847458839417
RIFE,medium,228,31.107048739885524,0.9634499549865723,0.016039058566093445
RIFE,medium,229,31.55008305860409,0.9706128239631653,0.01267930120229721
RIFE,medium,230,37.069804324601435,0.984534502029419,0.009078823029994965
RIFE,medium,231,36.776547519712324,0.9834885001182556,0.007696664426475763
RIFE,medium,232,34.304377609870386,0.9775175452232361,0.010080104693770409
RIFE,medium,233,38.92393742569931,0.9893925189971924,0.007658967282623053
RIFE,medium,234,39.59611339831814,0.992182731628418,0.004880623426288366
RIFE,medium,235,44.07614834097488,0.9956694841384888,0.0027149985544383526
RIFE,medium,236,41.66873385352528,0.9933847784996033,0.0055986810475587845
RIFE,medium,237,39.95206032919883,0.991192102432251,0.005357337184250355
RIFE,medium,238,39.31929950995581,0.9926133155822754,0.00412991875782609
RIFE,medium,239,37.586333576863936,0.9889672994613647,0.0073545039631426334
RIFE,medium,240,35.21355752376792,0.9725002646446228,0.02181958220899105
RIFE,medium,241,37.13377227427947,0.9842361211776733,0.014061084017157555
RIFE,medium,242,43.00817081019312,0.9878448843955994,0.01310353446751833
RIFE,medium,243,43.737981701458,0.9887953996658325,0.011447412893176079
RIFE,medium,244,38.76538053373216,0.9858041405677795,0.014935198239982128
RIFE,medium,245,33.86194944382154,0.9759964346885681,0.01574207842350006
RIFE,medium,246,36.3760801008812,0.9788858294487,0.015339039266109467
RIFE,medium,247,35.839869254211095,0.9843006730079651,0.009238066151738167
RIFE,medium,248,38.236043382630385,0.9888141751289368,0.006777149625122547
RIFE,medium,249,43.54192331665303,0.9905733466148376,0.008444680832326412
RIFE,medium,250,36.00317029546786,0.9805808663368225,0.009099889546632767
RIFE,medium,251,31.10469266345365,0.9513503909111023,0.02067829668521881
RIFE,medium,252,31.04110719574415,0.9491181969642639,0.022522596642374992
RIFE,medium,253,34.038245897610246,0.9737589359283447,0.01664206013083458
RIFE,medium,254,33.6098522885546,0.9681041836738586,0.01511260773986578
RIFE,medium,255,37.71498486103417,0.9904468655586243,0.0054234229028224945
RIFE,medium,256,35.491490984272566,0.9799936413764954,0.009571267291903496
RIFE,medium,257,35.60140578355623,0.9778788685798645,0.01293859165161848
RIFE,medium,258,27.199349164878967,0.8697336316108704,0.04562525451183319
RIFE,medium,259,30.67060974669684,0.9521099328994751,0.04002874717116356
RIFE,medium,260,34.199024413034216,0.9794229865074158,0.01390724629163742
RIFE,medium,261,35.152429379688314,0.9823468327522278,0.01093415729701519
RIFE,medium,262,31.694574651607184,0.970055341720581,0.019845394417643547
RIFE,medium,263,31.409735129910892,0.9695478677749634,0.01827385276556015
RIFE,medium,264,28.813067628671426,0.9748766422271729,0.017953921109437943
RIFE,medium,265,32.43899083903151,0.9746412038803101,0.014491401612758636
RIFE,medium,266,33.29713382139722,0.9768310785293579,0.010760979726910591
RIFE,medium,267,32.41675781649052,0.9709018468856812,0.014876848086714745
RIFE,medium,268,31.959546973026587,0.9769496917724609,0.015197505243122578
RIFE,medium,269,33.17110668328325,0.9799351692199707,0.012328126467764378
RIFE,medium,270,32.62227875418678,0.9815718531608582,0.014958202838897705
RIFE,medium,271,36.233632600853305,0.9810490012168884,0.010274750180542469
RIFE,medium,272,32.82436618459852,0.978995680809021,0.015278473496437073
RIFE,medium,273,33.08644011840404,0.9730011820793152,0.02148231863975525
RIFE,medium,274,32.47717081568766,0.9738548398017883,0.017102638259530067
RIFE,medium,275,33.25044439658961,0.9713016152381897,0.016478808596730232
RIFE,medium,276,32.221322442000705,0.9697225093841553,0.027528222650289536
RIFE,medium,277,32.73623392960148,0.983464777469635,0.012237891554832458
RIFE,medium,278,36.06684062983258,0.9795073866844177,0.015257869847118855
RIFE,medium,279,39.07466193548138,0.986518383026123,0.00933596957474947
RIFE,medium,280,29.65489116657626,0.9118490219116211,0.03702249377965927
RIFE,medium,281,32.205355625388506,0.9501459002494812,0.02482776902616024
RIFE,medium,282,31.940435395056348,0.9347255825996399,0.024604005739092827
RIFE,medium,283,30.42690629653883,0.9282162189483643,0.030579328536987305
RIFE,medium,284,30.892803740145286,0.9334003329277039,0.02809498831629753
RIFE,medium,285,31.653782062609324,0.9389364719390869,0.030049968510866165
RIFE,medium,286,32.28161111870372,0.9445024728775024,0.02575075253844261
RIFE,medium,287,31.662976900195975,0.9477654099464417,0.02426721155643463
RIFE,medium,288,32.02447464603744,0.9455288052558899,0.02584787830710411
RIFE,medium,289,32.27068626687258,0.929792582988739,0.037970781326293945
RIFE,medium,290,32.609377849697246,0.966549277305603,0.02421386167407036
RIFE,medium,291,33.20513878773505,0.9711623787879944,0.021227413788437843
RIFE,medium,292,28.340962289872866,0.9554722905158997,0.037034858018159866
RIFE,medium,293,28.420616275909076,0.9526937007904053,0.03333260864019394
RIFE,medium,294,34.97443990826539,0.9817120432853699,0.012519525364041328
RIFE,medium,295,36.1514885538494,0.9807022213935852,0.02210664562880993
RIFE,medium,296,34.56623331272942,0.981494665145874,0.012245070189237595
RIFE,medium,297,33.35647303694696,0.9769198298454285,0.015892161056399345
RIFE,medium,298,31.515251877168744,0.9678395986557007,0.02117818593978882
RIFE,medium,299,33.45222104919573,0.9751036167144775,0.018641695380210876
RIFE,medium,300,46.04911840811289,0.9902951121330261,0.02079562097787857
RIFE,medium,301,36.00979968857678,0.9746227264404297,0.022239746525883675
RIFE,medium,302,35.856529585235776,0.9731736183166504,0.02776382677257061
RIFE,medium,303,35.767075130031365,0.9775509834289551,0.019129177555441856
RIFE,medium,304,38.780913337342355,0.9821386933326721,0.023629646748304367
RIFE,medium,305,35.97575506205327,0.9814411401748657,0.01650281623005867
RIFE,medium,306,38.64360927803658,0.9819339513778687,0.022789504379034042
RIFE,medium,307,41.18213144036305,0.9891675710678101,0.016723692417144775
RIFE,medium,308,41.037869401829695,0.9880684018135071,0.01967897079885006
RIFE,medium,309,42.22258451553439,0.9897525906562805,0.019375944510102272
RIFE,hard,0,31.2695228611275,0.9310597777366638,0.03883242607116699
RIFE,hard,1,25.03164919861918,0.800814151763916,0.06245154142379761
RIFE,hard,2,30.903815484530202,0.929889440536499,0.038064926862716675
RIFE,hard,3,29.627226384698826,0.9094560146331787,0.04435911774635315
RIFE,hard,4,28.698662159081447,0.9010488986968994,0.03864718973636627
RIFE,hard,5,34.54487067157952,0.9587419629096985,0.02492648735642433
RIFE,hard,6,20.506285008352258,0.5897322297096252,0.1017255187034607
RIFE,hard,7,21.93313988221466,0.6789111495018005,0.0770600289106369
RIFE,hard,8,20.896061359841998,0.6333194971084595,0.08329492062330246
RIFE,hard,9,30.03580847340079,0.921753466129303,0.03461546078324318
RIFE,hard,10,30.79028494737742,0.9327799677848816,0.062319036573171616
RIFE,hard,11,30.588291225226683,0.9340241551399231,0.041303232312202454
RIFE,hard,12,31.973616068181066,0.9522737860679626,0.03441370651125908
RIFE,hard,13,29.421867303571112,0.9297034740447998,0.0442250519990921
RIFE,hard,14,31.15136405985808,0.9423014521598816,0.042448580265045166
RIFE,hard,15,32.150505649430734,0.9480636119842529,0.03655368462204933
RIFE,hard,16,30.601033260753958,0.9420267343521118,0.03811517357826233
RIFE,hard,17,31.657181010264274,0.9397070407867432,0.042368993163108826
RIFE,hard,18,29.99380270800839,0.9337411522865295,0.04499407857656479
RIFE,hard,19,27.262342378608896,0.9011074304580688,0.05470501631498337
RIFE,hard,20,31.687076459166356,0.9231503009796143,0.06005724519491196
RIFE,hard,21,33.564108622534036,0.9363826513290405,0.05365046486258507
RIFE,hard,22,29.00096031073982,0.8873274922370911,0.07391753792762756
RIFE,hard,23,35.56810597249451,0.946010172367096,0.059730153530836105
RIFE,hard,24,31.01490811743338,0.9199148416519165,0.07062364369630814
RIFE,hard,25,31.641895582637993,0.9189626574516296,0.07644827663898468
RIFE,hard,26,34.27107821695554,0.9481301307678223,0.058178674429655075
RIFE,hard,27,31.643384873884823,0.9376703500747681,0.06040630117058754
RIFE,hard,28,33.04295307326456,0.9465590715408325,0.048687104135751724
RIFE,hard,29,34.74058680591917,0.9598194360733032,0.038837410509586334
RIFE,hard,30,28.33838410022043,0.9079490303993225,0.056189604103565216
RIFE,hard,31,29.232331982280794,0.9227859377861023,0.043413594365119934
RIFE,hard,32,31.03960871246901,0.9436455368995667,0.03260137885808945
RIFE,hard,33,30.765126800735032,0.9444721341133118,0.02951996587216854
RIFE,hard,34,31.543947724236734,0.954296350479126,0.02678626775741577
RIFE,hard,35,27.88014968058231,0.912859320640564,0.03529978543519974
RIFE,hard,36,33.199549173184224,0.9671431183815002,0.019070874899625778
RIFE,hard,37,28.027993150839343,0.9151890873908997,0.033817559480667114
RIFE,hard,38,28.830616427488756,0.9302397966384888,0.029501967132091522
RIFE,hard,39,34.553122048135194,0.9736886620521545,0.014068645425140858
RIFE,hard,40,27.942271644388434,0.841044008731842,0.05525173246860504
RIFE,hard,41,25.5537729673747,0.7458394169807434,0.060027606785297394
RIFE,hard,42,23.65930604801127,0.6473498940467834,0.08654753863811493
RIFE,hard,43,25.474553644932243,0.7440112233161926,0.06620462983846664
RIFE,hard,44,28.995031806742404,0.8819578886032104,0.0448385626077652
RIFE,hard,45,29.826628798432424,0.90045166015625,0.045850466936826706
RIFE,hard,46,27.9771211540808,0.8838924169540405,0.05491757392883301
RIFE,hard,47,30.02706044015097,0.9157180190086365,0.04681852459907532
RIFE,hard,48,35.195023970418326,0.956242561340332,0.03404917195439339
RIFE,hard,49,24.108210216494964,0.7500259876251221,0.07681598514318466
RIFE,hard,50,19.660734108866148,0.5221990942955017,0.10787316411733627
RIFE,hard,51,22.33473670886784,0.6720573902130127,0.08689288794994354
RIFE,hard,52,21.650554415405377,0.6389532685279846,0.08239897340536118
RIFE,hard,53,21.388314092028196,0.6056610941886902,0.09010911732912064
RIFE,hard,54,30.37191408893927,0.9292198419570923,0.03942852094769478
RIFE,hard,55,25.47654794881049,0.8256794214248657,0.05785107612609863
RIFE,hard,56,28.707584208536755,0.9013239741325378,0.04394782707095146
RIFE,hard,57,25.075530663560443,0.8234118819236755,0.06057053059339523
RIFE,hard,58,20.68457321307538,0.5846055150032043,0.09016688168048859
RIFE,hard,59,30.62317786286166,0.9238035082817078,0.044260814785957336
RIFE,hard,60,27.317152522328456,0.8929666876792908,0.05060160905122757
RIFE,hard,61,22.640867119918067,0.7328776717185974,0.07767711579799652
RIFE,hard,62,17.47722342280564,0.40051165223121643,0.16901764273643494
RIFE,hard,63,27.09033479393348,0.8780407309532166,0.055758025497198105
RIFE,hard,64,25.478609573025537,0.8388546109199524,0.05995003879070282
RIFE,hard,65,18.907770176207325,0.487498015165329,0.1327354907989502
RIFE,hard,66,25.088464490033285,0.833781898021698,0.061148978769779205
RIFE,hard,67,27.039021632600146,0.8899946808815002,0.05148782581090927
RIFE,hard,68,16.678092057622894,0.4274788498878479,0.16118952631950378
RIFE,hard,69,21.83671636736298,0.6872646808624268,0.07592076063156128
RIFE,hard,70,25.962238424812178,0.9072891473770142,0.04206116497516632
RIFE,hard,71,27.296233192761242,0.9148155450820923,0.04529818892478943
RIFE,hard,72,18.760697612131764,0.5427585244178772,0.097463458776474
RIFE,hard,73,29.579097562995045,0.9334818124771118,0.03945618122816086
RIFE,hard,74,27.428725725207137,0.9028173685073853,0.04329488053917885
RIFE,hard,75,25.830950278164618,0.8323311805725098,0.0530284121632576
RIFE,hard,76,25.072031092653496,0.7846934795379639,0.06966297328472137
RIFE,hard,77,22.558664374678532,0.6844271421432495,0.0729721337556839
RIFE,hard,78,22.279050526924713,0.7085351943969727,0.07601340115070343
RIFE,hard,79,26.93334044839507,0.9028370976448059,0.04215756803750992
RIFE,hard,80,32.137436205875645,0.9383069276809692,0.03033905290067196
RIFE,hard,81,25.760020977803435,0.7989088892936707,0.06514397263526917
RIFE,hard,82,28.387195655457926,0.8749774098396301,0.05734626576304436
RIFE,hard,83,22.60023310291465,0.6297897696495056,0.09079872816801071
RIFE,hard,84,17.817750185019975,0.4037979245185852,0.17233452200889587
RIFE,hard,85,19.627624514133327,0.4810585379600525,0.10878168046474457
RIFE,hard,86,28.458967389008475,0.885157585144043,0.04180160537362099
RIFE,hard,87,24.710940236627966,0.7711972594261169,0.06216203421354294
RIFE,hard,88,31.07106690444116,0.9314440488815308,0.038562431931495667
RIFE,hard,89,26.683450187858085,0.8459460139274597,0.05894630774855614
RIFE,hard,90,32.635988920640486,0.9620688557624817,0.028967438265681267
RIFE,hard,91,32.955058414734985,0.9546406865119934,0.03883364051580429
RIFE,hard,92,31.49393281118592,0.9431654214859009,0.04649792239069939
RIFE,hard,93,19.54632905310308,0.5521724820137024,0.1189572736620903
RIFE,hard,94,25.23502643539735,0.8209996223449707,0.06810759007930756
RIFE,hard,95,25.30443421086146,0.7911079525947571,0.07285904884338379
RIFE,hard,96,29.651984820266755,0.9157633185386658,0.048579007387161255
RIFE,hard,97,34.71693668073727,0.9611275792121887,0.04146578535437584
RIFE,hard,98,24.481347564282544,0.7383621335029602,0.08179843425750732
RIFE,hard,99,19.227737255891416,0.44956544041633606,0.13150693476200104
RIFE,hard,100,19.243087695626965,0.6911137104034424,0.11540187150239944
RIFE,hard,101,23.484926256396474,0.842529296875,0.066244937479496
RIFE,hard,102,32.30907463412166,0.9588867425918579,0.026627961546182632
RIFE,hard,103,31.239289056750074,0.9512301683425903,0.03447684645652771
RIFE,hard,104,30.25540172811315,0.9416290521621704,0.03296331316232681
RIFE,hard,105,25.497242067291683,0.8773553371429443,0.04808211326599121
RIFE,hard,106,30.243531804691447,0.9485912322998047,0.031519293785095215
RIFE,hard,107,35.16293227533566,0.9682748317718506,0.02581879124045372
RIFE,hard,108,24.614047903192976,0.8475856184959412,0.06552542746067047
RIFE,hard,109,21.280701575852774,0.7824257612228394,0.08848316967487335
RIFE,hard,110,24.67781767854392,0.8413723111152649,0.1273704171180725
RIFE,hard,111,25.296277939051414,0.8323318958282471,0.11462412029504776
RIFE,hard,112,22.029803545384134,0.7421436309814453,0.2501565217971802
RIFE,hard,113,25.326197522778703,0.8121849298477173,0.17742948234081268
RIFE,hard,114,25.908029772930647,0.846825122833252,0.16282156109809875
RIFE,hard,115,26.80598149739766,0.8598294258117676,0.11649540066719055
RIFE,hard,116,28.28876406737642,0.9002744555473328,0.08641767501831055
RIFE,hard,117,29.90258719931086,0.9073864221572876,0.06941768527030945
RIFE,hard,118,27.87000508286249,0.8903650045394897,0.08105279505252838
RIFE,hard,119,26.28271126549777,0.8519149422645569,0.08512437343597412
RIFE,hard,120,31.473842885294523,0.9570596218109131,0.024665622040629387
RIFE,hard,121,28.243500339276014,0.9292137026786804,0.05528811737895012
RIFE,hard,122,29.885446612845442,0.9344568252563477,0.03957714885473251
RIFE,hard,123,31.186155906747786,0.9571045637130737,0.03268931806087494
RIFE,hard,124,33.77730998900438,0.9698501229286194,0.01791089028120041
RIFE,hard,125,31.666556697524058,0.9695480465888977,0.01969206891953945
RIFE,hard,126,29.040442141303974,0.9437063336372375,0.03663334250450134
RIFE,hard,127,29.613883266496845,0.9322237968444824,0.04722317308187485
RIFE,hard,128,27.327269749138495,0.9088065028190613,0.04735541343688965
RIFE,hard,129,28.767136901886925,0.9297651052474976,0.04548495262861252
RIFE,hard,130,49.31882441023198,0.9970192909240723,0.0012555299326777458
RIFE,hard,131,44.76081148617038,0.9913985133171082,0.0044340151362121105
RIFE,hard,132,48.11910382864619,0.9969693422317505,0.0014848167775198817
RIFE,hard,133,37.969494323940424,0.9912967085838318,0.005292301997542381
RIFE,hard,134,40.993890426246125,0.9916306734085083,0.005723955109715462
RIFE,hard,135,30.2844011051786,0.9300413727760315,0.02392253279685974
RIFE,hard,136,33.15700218372517,0.9602017402648926,0.012394625693559647
RIFE,hard,137,43.063479807244185,0.9951590895652771,0.003427143208682537
RIFE,hard,138,40.29864329195835,0.9911134243011475,0.0040345629677176476
RIFE,hard,139,48.107741533313586,0.9974011778831482,0.0012149312533438206
RIFE,hard,140,27.24795480753795,0.7931313514709473,0.06405211985111237
RIFE,hard,141,29.160503727550037,0.8771995902061462,0.05566699802875519
RIFE,hard,142,28.693917180125496,0.8700568079948425,0.05535830184817314
RIFE,hard,143,29.879491383811615,0.8871325850486755,0.0508006289601326
RIFE,hard,144,30.720043904527966,0.8913992047309875,0.043253377079963684
RIFE,hard,145,27.397866812261555,0.7869555354118347,0.06570209562778473
RIFE,hard,146,24.633116090591948,0.6700344681739807,0.09517257660627365
RIFE,hard,147,26.469039144676483,0.746863067150116,0.10020619630813599
RIFE,hard,148,27.131280328749206,0.7615156769752502,0.08750928193330765
RIFE,hard,149,27.716611205699635,0.8064165115356445,0.07783840596675873
RIFE,hard,150,29.87472599974271,0.9728205800056458,0.024793189018964767
RIFE,hard,151,30.178923603236765,0.9695914387702942,0.024713877588510513
RIFE,hard,152,28.783833132931168,0.9694527983665466,0.026886656880378723
RIFE,hard,153,29.68708926719856,0.9743754863739014,0.020755987614393234
RIFE,hard,154,30.049456590334685,0.9781832098960876,0.019761258736252785
RIFE,hard,155,31.814041004125848,0.9795102477073669,0.019833866506814957
RIFE,hard,156,30.75691346279222,0.9778333306312561,0.022350957617163658
RIFE,hard,157,30.304591218842937,0.9736410975456238,0.024807296693325043
RIFE,hard,158,29.380510693912285,0.9712124466896057,0.022048020735383034
RIFE,hard,159,29.87124471766866,0.9699050784111023,0.02305462211370468
RIFE,hard,160,35.71029713668173,0.9914719462394714,0.0055684312246739864
RIFE,hard,161,36.67432179429542,0.9923657774925232,0.0052974591962993145
RIFE,hard,162,37.9325847833427,0.9936513900756836,0.004345572553575039
RIFE,hard,163,38.733455513726966,0.9945334196090698,0.004425936844199896
RIFE,hard,164,39.29924243925417,0.9948804974555969,0.004717462230473757
RIFE,hard,165,38.943819349306835,0.9947646856307983,0.0049820393323898315
RIFE,hard,166,38.23826275607263,0.9943689107894897,0.004959313198924065
RIFE,hard,167,38.18392865151219,0.9943234324455261,0.005392261315137148
RIFE,hard,168,37.78251903455623,0.9937735199928284,0.005650787614285946
RIFE,hard,169,37.308255925594935,0.9942503571510315,0.004894699901342392
RIFE,hard,170,36.55642053673408,0.9707590937614441,0.016335172578692436
RIFE,hard,171,34.60350654994592,0.9539912343025208,0.02699935808777809
RIFE,hard,172,37.35751529961358,0.9644837975502014,0.020927853882312775
RIFE,hard,173,37.79865496622374,0.9655231237411499,0.01718633621931076
RIFE,hard,174,31.042945270233744,0.927790641784668,0.04917100816965103
RIFE,hard,175,31.667660309163196,0.9326058626174927,0.03797274827957153
RIFE,hard,176,34.85640315015545,0.9534907341003418,0.02234547585248947
RIFE,hard,177,35.72274389021449,0.9593271017074585,0.022656893357634544
RIFE,hard,178,30.42476037990007,0.9554324150085449,0.02611234411597252
RIFE,hard,179,35.9717462745014,0.9701368808746338,0.015512248501181602
RIFE,hard,180,46.13416953608086,0.9905810356140137,0.009639671072363853
RIFE,hard,181,45.92679566731523,0.9902684688568115,0.009023080579936504
RIFE,hard,182,45.36413097440303,0.9898889064788818,0.010640129446983337
RIFE,hard,183,42.215213595296966,0.9853745698928833,0.011467184871435165
RIFE,hard,184,38.458444176853995,0.9825525283813477,0.020213719457387924
RIFE,hard,185,34.43406527485098,0.9762999415397644,0.044264718890190125
RIFE,hard,186,32.645441485586204,0.9741353392601013,0.05763297528028488
RIFE,hard,187,36.15218291474353,0.9832735061645508,0.03462329879403114
RIFE,hard,188,37.25487331339276,0.9821466207504272,0.031078524887561798
RIFE,hard,189,40.09509433100178,0.9868958592414856,0.01905478909611702
RIFE,hard,190,31.46521412135071,0.9274733662605286,0.030910860747098923
RIFE,hard,191,35.74886084612923,0.9670352935791016,0.019007520750164986
RIFE,hard,192,31.543025845101276,0.9288268685340881,0.030259452760219574
RIFE,hard,193,32.68230400968736,0.9406678080558777,0.026838380843400955
RIFE,hard,194,32.59178667502358,0.940264105796814,0.026485728099942207
RIFE,hard,195,29.073364528382974,0.8869783282279968,0.03545888885855675
RIFE,hard,196,37.37207057914509,0.9717115759849548,0.018208803609013557
RIFE,hard,197,26.73501603181922,0.8234209418296814,0.040795642882585526
RIFE,hard,198,29.653273903807364,0.900330662727356,0.03511708602309227
RIFE,hard,199,28.257623542892595,0.874744713306427,0.036622803658246994
RIFE,hard,200,27.061760376530316,0.8828224539756775,0.050727225840091705
RIFE,hard,201,27.220258251616944,0.8792720437049866,0.051171574741601944
RIFE,hard,202,26.38508304894765,0.843339741230011,0.05613577365875244
RIFE,hard,203,27.13157049777696,0.845370352268219,0.06706336885690689
RIFE,hard,204,24.954287761188098,0.7770091891288757,0.07172486931085587
RIFE,hard,205,24.780365084423774,0.7968276143074036,0.08826182782649994
RIFE,hard,206,26.525016055451054,0.827976405620575,0.07673264294862747
RIFE,hard,207,24.99819984525211,0.7827604413032532,0.08033037930727005
RIFE,hard,208,23.42080867391429,0.6285252571105957,0.09941454976797104
RIFE,hard,209,25.840868131272146,0.8021067976951599,0.07266679406166077
RIFE,hard,210,36.79946211919153,0.9662398099899292,0.03797198086977005
RIFE,hard,211,36.26405605205551,0.9638689160346985,0.037606291472911835
RIFE,hard,212,36.069091133535395,0.9616533517837524,0.039968110620975494
RIFE,hard,213,36.21142501369303,0.9598118662834167,0.03923682123422623
RIFE,hard,214,37.601747178065764,0.9657668471336365,0.03441180661320686
RIFE,hard,215,35.95256986968715,0.958947479724884,0.038469694554805756
RIFE,hard,216,37.407692232807754,0.9666014909744263,0.03666665405035019
RIFE,hard,217,36.74631314481331,0.9607535600662231,0.039927542209625244
RIFE,hard,218,38.18991616016498,0.968494713306427,0.03317270055413246
RIFE,hard,219,37.25257511834337,0.9641244411468506,0.036592476069927216
RIFE,hard,220,28.490370677260884,0.9579123258590698,0.01819288358092308
RIFE,hard,221,22.25446623648507,0.9058765769004822,0.05411257967352867
RIFE,hard,222,26.57353680599529,0.9391222596168518,0.027016455307602882
RIFE,hard,223,26.052051824795637,0.9103620052337646,0.04282788187265396
RIFE,hard,224,29.42011906459033,0.9430034160614014,0.03162592649459839
RIFE,hard,225,25.779005629197393,0.9165889620780945,0.06288351863622665
RIFE,hard,226,24.103003982427268,0.8776441216468811,0.09209199994802475
RIFE,hard,227,25.093009853121835,0.9054746031761169,0.07173030078411102
RIFE,hard,228,28.201621425524053,0.9392086267471313,0.027112022042274475
RIFE,hard,229,32.25554041439531,0.9719323515892029,0.01621309481561184
RIFE,hard,230,31.684916639210957,0.9686328172683716,0.013504828326404095
RIFE,hard,231,31.502956537557868,0.9668796062469482,0.015220641158521175
RIFE,hard,232,31.41336303760752,0.9590204358100891,0.018987024202942848
RIFE,hard,233,33.84202199850436,0.972152590751648,0.021225545555353165
RIFE,hard,234,33.31073277867065,0.9816508293151855,0.012243594974279404
RIFE,hard,235,36.731686164088444,0.9890099763870239,0.006616782397031784
RIFE,hard,236,37.89461026884334,0.9879533648490906,0.008098634891211987
RIFE,hard,237,33.8422059995686,0.9739558100700378,0.01151788979768753
RIFE,hard,238,34.004731073304725,0.9802359938621521,0.009687989018857479
RIFE,hard,239,30.44995407331681,0.9726455807685852,0.01844468154013157
RIFE,hard,240,27.907118727276004,0.9414113759994507,0.041418444365262985
RIFE,hard,241,28.323008874822094,0.9682213664054871,0.04272998124361038
RIFE,hard,242,36.17909430706557,0.975138783454895,0.01924367994070053
RIFE,hard,243,36.320430297250084,0.9765537977218628,0.01762615703046322
RIFE,hard,244,28.504371814352357,0.960380494594574,0.043944619596004486
RIFE,hard,245,27.319773446815304,0.9545377492904663,0.03467419743537903
RIFE,hard,246,29.568134872924887,0.9540911912918091,0.031329426914453506
RIFE,hard,247,28.87796345180152,0.967512309551239,0.037842150777578354
RIFE,hard,248,30.995359942362576,0.9661094546318054,0.018394898623228073
RIFE,hard,249,36.225956028243246,0.9793124198913574,0.014097986742854118
RIFE,hard,250,31.94243275879344,0.9554463028907776,0.02009323425590992
RIFE,hard,251,30.749149664341946,0.957524299621582,0.023076383396983147
RIFE,hard,252,29.114336083351787,0.9459894299507141,0.028958436101675034
RIFE,hard,253,29.453969693150782,0.9602456092834473,0.025088898837566376
RIFE,hard,254,32.62790160996706,0.9667919278144836,0.016571300104260445
RIFE,hard,255,31.316512253148026,0.965154230594635,0.015847492963075638
RIFE,hard,256,30.020682405992048,0.938814103603363,0.02290225960314274
RIFE,hard,257,30.713502687247214,0.9444564580917358,0.03162923827767372
RIFE,hard,258,23.103650848308106,0.8132210969924927,0.079584039747715
RIFE,hard,259,24.32218853078509,0.8615022897720337,0.07768631726503372
RIFE,hard,260,30.5170202556293,0.9618659615516663,0.029188891872763634
RIFE,hard,261,32.18503924118383,0.9691230654716492,0.019246388226747513
RIFE,hard,262,29.475590208677808,0.9583065509796143,0.03189521282911301
RIFE,hard,263,29.29026073658353,0.9547430872917175,0.029431523755192757
RIFE,hard,264,27.413628385129588,0.9537658095359802,0.0393231138586998
RIFE,hard,265,30.10190058724286,0.9596524238586426,0.023552656173706055
RIFE,hard,266,30.899545317781044,0.9692291617393494,0.020074214786291122
RIFE,hard,267,29.752978542173878,0.9522897601127625,0.023592084646224976
RIFE,hard,268,30.109687953308434,0.9662741422653198,0.024987347424030304
RIFE,hard,269,31.798412049326387,0.9710521697998047,0.021593892946839333
RIFE,hard,270,29.744523637743328,0.9605118036270142,0.02277880720794201
RIFE,hard,271,29.78959432114919,0.9558820128440857,0.03258698433637619
RIFE,hard,272,29.155174227202995,0.958458662033081,0.024746818467974663
RIFE,hard,273,28.381263985775227,0.9506382942199707,0.05694548040628433
RIFE,hard,274,30.41004583858855,0.9607987403869629,0.03083663433790207
RIFE,hard,275,28.37894022796632,0.9460013508796692,0.037688709795475006
RIFE,hard,276,27.685647261865363,0.9459070563316345,0.05106157809495926
RIFE,hard,277,28.394387946950452,0.9528564214706421,0.02681734226644039
RIFE,hard,278,29.84172207621562,0.9483364224433899,0.03732561320066452
RIFE,hard,279,31.171068390126642,0.9623182415962219,0.031719233840703964
RIFE,hard,280,25.149163740745685,0.7787183523178101,0.07657851278781891
RIFE,hard,281,26.293803453035814,0.8409420847892761,0.0694584771990776
RIFE,hard,282,24.20678427399418,0.7716849446296692,0.0806233212351799
RIFE,hard,283,22.511330849318497,0.7183363437652588,0.08991803228855133
RIFE,hard,284,23.814173177745744,0.7625955939292908,0.07859305292367935
RIFE,hard,285,24.728884393756477,0.8037100434303284,0.0719103068113327
RIFE,hard,286,23.792116995412563,0.7825770974159241,0.08082936704158783
RIFE,hard,287,26.150859738456145,0.8579616546630859,0.059980686753988266
RIFE,hard,288,26.74172820427197,0.8689047694206238,0.06067410111427307
RIFE,hard,289,25.36623321698723,0.8113139271736145,0.07746190577745438
RIFE,hard,290,26.94294311659897,0.873091459274292,0.08411557227373123
RIFE,hard,291,25.214994055137755,0.8476125001907349,0.07783450186252594
RIFE,hard,292,23.34551564206912,0.8458579182624817,0.09875636547803879
RIFE,hard,293,20.86879029181383,0.8093424439430237,0.09577681124210358
RIFE,hard,294,26.943384790308485,0.9396001696586609,0.04047361761331558
RIFE,hard,295,28.87467028157917,0.9541739225387573,0.039463698863983154
RIFE,hard,296,27.27110708892154,0.9512011408805847,0.03775230422616005
RIFE,hard,297,25.78288100478565,0.9322770833969116,0.05463903397321701
RIFE,hard,298,25.715323397303486,0.9061213135719299,0.054701633751392365
RIFE,hard,299,26.389253339410285,0.9010376930236816,0.05615163967013359
RIFE,hard,300,37.127767387590055,0.9788228869438171,0.031416043639183044
RIFE,hard,301,31.866581950168435,0.9622019529342651,0.04259904846549034
RIFE,hard,302,31.366419409434997,0.9603862762451172,0.048803720623254776
RIFE,hard,303,31.265386855375695,0.9594585299491882,0.04821610450744629
RIFE,hard,304,31.29729288991982,0.9613438844680786,0.05137879401445389
RIFE,hard,305,31.829778799686423,0.962803840637207,0.04489130526781082
RIFE,hard,306,31.52916536865832,0.9619563817977905,0.04218876734375954
RIFE,hard,307,31.363021126753573,0.9643999338150024,0.04137703403830528
RIFE,hard,308,33.19200200056898,0.9688341617584229,0.04360746964812279
RIFE,hard,309,33.62606547740043,0.971402645111084,0.041402243077754974
RIFE,extreme,0,22.879379830859015,0.7277076840400696,0.07954448461532593
RIFE,extreme,1,19.69057906872806,0.568831741809845,0.12291096895933151
RIFE,extreme,2,22.262757913831372,0.7016351222991943,0.07988077402114868
RIFE,extreme,3,30.308081891746525,0.9166766405105591,0.0463099367916584
RIFE,extreme,4,26.189712598502332,0.8421201109886169,0.05914248526096344
RIFE,extreme,5,27.53085846406748,0.8724808096885681,0.05210265517234802
RIFE,extreme,6,17.83289010302798,0.5001305937767029,0.18504169583320618
RIFE,extreme,7,21.54780363113064,0.6530235409736633,0.08744192123413086
RIFE,extreme,8,20.510780759300236,0.623038113117218,0.09384980797767639
RIFE,extreme,9,23.746564480076767,0.7566372752189636,0.06912627816200256
RIFE,extreme,10,24.411876882514704,0.8402265906333923,0.10801340639591217
RIFE,extreme,11,31.567812153525857,0.9367616176605225,0.05069255083799362
RIFE,extreme,12,29.904480559343376,0.9287894368171692,0.052046798169612885
RIFE,extreme,13,22.410708489716495,0.768730103969574,0.090852752327919
RIFE,extreme,14,25.464592280744437,0.8886000514030457,0.07843532413244247
RIFE,extreme,15,26.54186487360643,0.8752669095993042,0.0596059113740921
RIFE,extreme,16,23.975302528303395,0.8146438002586365,0.07260294258594513
RIFE,extreme,17,28.695580010179953,0.9064635634422302,0.05462644621729851
RIFE,extreme,18,26.9399826116655,0.8904781341552734,0.0634145587682724
RIFE,extreme,19,23.856531715955263,0.8236919641494751,0.0779985636472702
RIFE,extreme,20,24.678941283185672,0.8123372197151184,0.10367973148822784
RIFE,extreme,21,30.407545868573116,0.9077811241149902,0.07380697876214981
RIFE,extreme,22,28.546937913439265,0.8808649778366089,0.08365179598331451
RIFE,extreme,23,31.051613335021365,0.9147265553474426,0.07531772553920746
RIFE,extreme,24,28.367536202112625,0.8763937950134277,0.0846775695681572
RIFE,extreme,25,28.979684404855696,0.8826805949211121,0.09538954496383667
RIFE,extreme,26,28.300766528329078,0.8881001472473145,0.07654663920402527
RIFE,extreme,27,28.746207980374518,0.9078248143196106,0.07546461373567581
RIFE,extreme,28,28.76245267641113,0.9154367446899414,0.06522131711244583
RIFE,extreme,29,27.69323470422682,0.9054927825927734,0.06888134777545929
RIFE,extreme,30,23.300688677774524,0.7656956315040588,0.09632619470357895
RIFE,extreme,31,23.386227962739706,0.7769529223442078,0.08452162146568298
RIFE,extreme,32,25.392380912352547,0.8502540588378906,0.06433108448982239
RIFE,extreme,33,24.335747870683775,0.8325576782226562,0.06199515238404274
RIFE,extreme,34,24.535108825121597,0.8255356550216675,0.06148364394903183
RIFE,extreme,35,21.409063412612717,0.680622935295105,0.07503946870565414
RIFE,extreme,36,29.705158734957937,0.9340888857841492,0.03178655356168747
RIFE,extreme,37,20.888207473184192,0.6514299511909485,0.07611781358718872
RIFE,extreme,38,21.39551669841871,0.6828573942184448,0.07693256437778473
RIFE,extreme,39,31.349642161647516,0.9493985176086426,0.028820479288697243
RIFE,extreme,40,22.35171221892536,0.5729541182518005,0.1123836487531662
RIFE,extreme,41,22.320010087813813,0.5815116167068481,0.09933745861053467
RIFE,extreme,42,21.935360856752794,0.5518083572387695,0.11586198955774307
RIFE,extreme,43,23.475579809660196,0.6622225642204285,0.0932583287358284
RIFE,extreme,44,22.58615028439705,0.6308647990226746,0.09609867632389069
RIFE,extreme,45,21.781936385166745,0.6137387156486511,0.11267133802175522
RIFE,extreme,46,21.09808603523021,0.6283125281333923,0.1382468342781067
RIFE,extreme,47,22.726087281361007,0.718173623085022,0.1307045817375183
RIFE,extreme,48,29.82582487417065,0.9206364154815674,0.05517459288239479
RIFE,extreme,49,19.637590560448125,0.5280223488807678,0.16512751579284668
RIFE,extreme,50,16.42327739133249,0.39280951023101807,0.20126387476921082
RIFE,extreme,51,17.14747242960585,0.3901005983352661,0.19051939249038696
RIFE,extreme,52,17.609057792281455,0.40157410502433777,0.136717289686203
RIFE,extreme,53,18.101039178307104,0.41891416907310486,0.16517305374145508
RIFE,extreme,54,20.684233236333185,0.5865875482559204,0.10613211244344711
RIFE,extreme,55,20.468451820337094,0.5878100395202637,0.1039939746260643
RIFE,extreme,56,20.377376620570423,0.573922336101532,0.1122148185968399
RIFE,extreme,57,19.001108134993594,0.4947868585586548,0.1117536872625351
RIFE,extreme,58,16.588748063629684,0.3895243704319,0.20262554287910461
RIFE,extreme,59,21.3318375738457,0.6328298449516296,0.1054099053144455
RIFE,extreme,60,23.43466339126317,0.7629350423812866,0.07659830152988434
RIFE,extreme,61,18.269834290614394,0.47241997718811035,0.1327742338180542
RIFE,extreme,62,14.323985660913197,0.3115108013153076,0.3594701290130615
RIFE,extreme,63,22.265762934980863,0.6862674355506897,0.08512626588344574
RIFE,extreme,64,19.157442577986295,0.4938960373401642,0.10817968100309372
RIFE,extreme,65,15.464047985752956,0.34611454606056213,0.23254139721393585
RIFE,extreme,66,19.76705686367232,0.5377726554870605,0.10077895224094391
RIFE,extreme,67,21.58202407181948,0.6768155694007874,0.0913224145770073
RIFE,extreme,68,13.33083701849512,0.31286361813545227,0.3645092844963074
RIFE,extreme,69,16.92067376355936,0.3560866117477417,0.14058667421340942
RIFE,extreme,70,19.685746653476958,0.6857156753540039,0.07440825551748276
RIFE,extreme,71,21.946726266131876,0.7642312049865723,0.07724685221910477
RIFE,extreme,72,14.452276171953798,0.35267603397369385,0.22637465596199036
RIFE,extreme,73,23.917040368373282,0.7914862036705017,0.07201246172189713
RIFE,extreme,74,19.89540863630055,0.6279874444007874,0.09235568344593048
RIFE,extreme,75,18.633951494672814,0.42387261986732483,0.10540074110031128
RIFE,extreme,76,18.439817416244754,0.4493911862373352,0.1537911295890808
RIFE,extreme,77,16.86076542047687,0.378537654876709,0.15419259667396545
RIFE,extreme,78,16.84765036500516,0.3957942724227905,0.1553913652896881
RIFE,extreme,79,19.31481161809072,0.6062659025192261,0.09804736822843552
RIFE,extreme,80,28.831650512329368,0.8890953063964844,0.043735571205616
RIFE,extreme,81,21.27919393229465,0.592278778553009,0.10181322693824768
RIFE,extreme,82,21.198465843154942,0.5817704796791077,0.1168106347322464
RIFE,extreme,83,18.216063484178257,0.4201715886592865,0.21517354249954224
RIFE,extreme,84,15.283351632031067,0.3640308082103729,0.3982139229774475
RIFE,extreme,85,17.0673108703844,0.41420799493789673,0.23508493602275848
RIFE,extreme,86,25.019286613957377,0.7835864424705505,0.07104293256998062
RIFE,extreme,87,19.42275447988196,0.5077778697013855,0.14164365828037262
RIFE,extreme,88,23.60768776691524,0.7208319902420044,0.08140832185745239
RIFE,extreme,89,20.437124864592775,0.5415841341018677,0.1156514436006546
RIFE,extreme,90,25.769929170442268,0.8783960938453674,0.05543253943324089
RIFE,extreme,91,23.937576148928862,0.791487455368042,0.0848991796374321
RIFE,extreme,92,23.549312683153083,0.772089958190918,0.09459223598241806
RIFE,extreme,93,15.74689603329727,0.3723871409893036,0.22531257569789886
RIFE,extreme,94,18.49668354002683,0.46991437673568726,0.15122061967849731
RIFE,extreme,95,19.039768326563316,0.47392940521240234,0.15007752180099487
RIFE,extreme,96,23.723047158267914,0.7384135127067566,0.09734968096017838
RIFE,extreme,97,31.1801372324938,0.9298090934753418,0.07542631775140762
RIFE,extreme,98,19.774010944930183,0.5232638716697693,0.1839815378189087
RIFE,extreme,99,15.946605202022319,0.38403746485710144,0.2873045802116394
RIFE,extreme,100,15.634622306261655,0.6084669828414917,0.2721487879753113
RIFE,extreme,101,18.075242657064088,0.7033222317695618,0.16113747656345367
RIFE,extreme,102,23.432308334259815,0.8259817957878113,0.0676012933254242
RIFE,extreme,103,22.470017193616542,0.8045780658721924,0.0825926661491394
RIFE,extreme,104,27.704433059223398,0.9102386236190796,0.046743445098400116
RIFE,extreme,105,20.41493172359814,0.7498263120651245,0.10286138951778412
RIFE,extreme,106,22.16948088153774,0.8102472424507141,0.072227843105793
RIFE,extreme,107,27.620190388018216,0.9069929122924805,0.04789351671934128
RIFE,extreme,108,18.96857216746503,0.7148969173431396,0.15674014389514923
RIFE,extreme,109,17.03775620138433,0.7039387226104736,0.21264450252056122
RIFE,extreme,110,19.235452839322132,0.7356226444244385,0.27585065364837646
RIFE,extreme,111,20.38496768612234,0.6747080683708191,0.21627908945083618
RIFE,extreme,112,18.834556229341864,0.6229271292686462,0.33420446515083313
RIFE,extreme,113,23.54183037589486,0.7428019046783447,0.23421578109264374
RIFE,extreme,114,23.633778556887044,0.799275815486908,0.19648659229278564
RIFE,extreme,115,23.54160593202242,0.7416893243789673,0.1760614961385727
RIFE,extreme,116,25.11712243547918,0.8071162700653076,0.1377800554037094
RIFE,extreme,117,26.05435918214353,0.8285483121871948,0.10808698832988739
RIFE,extreme,118,23.35472089566434,0.7598935961723328,0.1612011045217514
RIFE,extreme,119,22.150928825891004,0.7009697556495667,0.16610634326934814
RIFE,extreme,120,27.27654011932443,0.9232555627822876,0.047724250704050064
RIFE,extreme,121,28.008963926138193,0.938553512096405,0.06640096008777618
RIFE,extreme,122,28.24119651157696,0.914495587348938,0.05288910120725632
RIFE,extreme,123,27.42427544294578,0.9219740033149719,0.051125667989254
RIFE,extreme,124,28.73634602283837,0.9270231127738953,0.03719619661569595
RIFE,extreme,125,27.483117973664744,0.9236162900924683,0.044082026928663254
RIFE,extreme,126,24.09928289861427,0.8491269946098328,0.08953697234392166
RIFE,extreme,127,25.273426318230822,0.879544734954834,0.08706848323345184
RIFE,extreme,128,25.384417418996005,0.8696345686912537,0.07783360034227371
RIFE,extreme,129,26.327172452715033,0.8759506940841675,0.06456832587718964
RIFE,extreme,130,46.25586499626824,0.9949517250061035,0.0025154356844723225
RIFE,extreme,131,44.06593919489758,0.9902350306510925,0.00484100915491581
RIFE,extreme,132,40.389513560611086,0.9926064610481262,0.003352668136358261
RIFE,extreme,133,30.14514775881903,0.9688992500305176,0.01891714707016945
RIFE,extreme,134,32.724513649090206,0.9764391183853149,0.019058870151638985
RIFE,extreme,135,30.597456325416896,0.9563921093940735,0.02604297734797001
RIFE,extreme,136,31.85382511685285,0.9540177583694458,0.019252482801675797
RIFE,extreme,137,38.22955096633618,0.990163266658783,0.005882234312593937
RIFE,extreme,138,38.767918605170706,0.9875394701957703,0.005674173589795828
RIFE,extreme,139,44.08913208181517,0.9954140782356262,0.0021456312388181686
RIFE,extreme,140,22.677971199482908,0.6799291968345642,0.14245294034481049
RIFE,extreme,141,23.19768642215675,0.728969395160675,0.17623741924762726
RIFE,extreme,142,21.255264856844175,0.7127126455307007,0.15709014236927032
RIFE,extreme,143,20.8736969188743,0.6147342324256897,0.17563185095787048
RIFE,extreme,144,22.47842095074208,0.638271689414978,0.1445477306842804
RIFE,extreme,145,21.918183679500434,0.5908539891242981,0.19588690996170044
RIFE,extreme,146,19.475690668893556,0.5671969056129456,0.23396582901477814
RIFE,extreme,147,21.72174228231296,0.6002887487411499,0.21160975098609924
RIFE,extreme,148,22.864038722400615,0.6131693720817566,0.1917615830898285
RIFE,extreme,149,22.854515192672178,0.611534059047699,0.18428504467010498
RIFE,extreme,150,25.156792830606886,0.9510701894760132,0.0483669675886631
RIFE,extreme,151,25.264926270509594,0.948723316192627,0.05057357996702194
RIFE,extreme,152,24.33627614121418,0.9490702748298645,0.05419539287686348
RIFE,extreme,153,24.442101918278738,0.9520862698554993,0.053086522966623306
RIFE,extreme,154,24.645019787010234,0.9549717307090759,0.052554208785295486
RIFE,extreme,155,24.548780510317464,0.9553037881851196,0.0551309660077095
RIFE,extreme,156,23.866956756027093,0.9526230692863464,0.06005758419632912
RIFE,extreme,157,23.972084664090154,0.9533208012580872,0.05650348588824272
RIFE,extreme,158,24.53823232237084,0.9520332217216492,0.052963852882385254
RIFE,extreme,159,24.940903287678175,0.9519398808479309,0.054652489721775055
RIFE,extreme,160,28.465223870834272,0.9788637161254883,0.017671413719654083
RIFE,extreme,161,28.869544433204652,0.979893147945404,0.016125129535794258
RIFE,extreme,162,29.455955083219315,0.9809088110923767,0.01692422479391098
RIFE,extreme,163,29.08507155080331,0.9809006452560425,0.018798258155584335
RIFE,extreme,164,29.104833990046785,0.9811623692512512,0.019059082493185997
RIFE,extreme,165,28.650736585789737,0.9799838662147522,0.021348964422941208
RIFE,extreme,166,28.146870756013307,0.9785273671150208,0.02253338135778904
RIFE,extreme,167,28.43451102692409,0.9791411757469177,0.02407863922417164
RIFE,extreme,168,27.3578857848158,0.9765520691871643,0.026267660781741142
RIFE,extreme,169,27.54526915630025,0.9769121408462524,0.024732891470193863
RIFE,extreme,170,31.16583030467636,0.9379287958145142,0.03102787397801876
RIFE,extreme,171,31.88341332157232,0.919265866279602,0.04323191195726395
RIFE,extreme,172,32.58233780271963,0.9181271195411682,0.03569887951016426
RIFE,extreme,173,33.95363253231553,0.9311590790748596,0.03165709972381592
RIFE,extreme,174,27.6372376924939,0.875368595123291,0.0859314352273941
RIFE,extreme,175,28.27800762126845,0.8877502679824829,0.07032283395528793
RIFE,extreme,176,29.65067512619202,0.9066116809844971,0.05315826088190079
RIFE,extreme,177,30.57196697484224,0.9023691415786743,0.058372437953948975
RIFE,extreme,178,25.565429565574558,0.9118284583091736,0.06046183407306671
RIFE,extreme,179,31.102438548816767,0.9326886534690857,0.029685210436582565
RIFE,extreme,180,42.17196002904447,0.9840186834335327,0.013733075000345707
RIFE,extreme,181,40.1415140141295,0.9800751805305481,0.015010282397270203
RIFE,extreme,182,40.1590920283997,0.9795128107070923,0.01754283346235752
RIFE,extreme,183,36.10806104182672,0.9618906378746033,0.021805953234434128
RIFE,extreme,184,36.76825361353864,0.9721711277961731,0.028393752872943878
RIFE,extreme,185,32.39185191538242,0.9685377478599548,0.05457538366317749
RIFE,extreme,186,30.55548723589961,0.9640649557113647,0.07794951647520065
RIFE,extreme,187,31.916327752787574,0.974541962146759,0.05596066266298294
RIFE,extreme,188,31.220573084977993,0.9693758487701416,0.05810774490237236
RIFE,extreme,189,34.35613164419215,0.9746740460395813,0.03505493327975273
RIFE,extreme,190,23.970111096311967,0.7064046859741211,0.06047169119119644
RIFE,extreme,191,28.3136827203511,0.8688258528709412,0.04551515728235245
RIFE,extreme,192,25.33718155252579,0.7639606595039368,0.06011626124382019
RIFE,extreme,193,26.340597573356654,0.8024828433990479,0.04917670786380768
RIFE,extreme,194,24.424606697856042,0.7223101258277893,0.05770497769117355
RIFE,extreme,195,23.759851255391858,0.6993076801300049,0.06366865336894989
RIFE,extreme,196,26.829124207230226,0.832624077796936,0.04725015163421631
RIFE,extreme,197,22.472446166403643,0.6307479739189148,0.0735422819852829
RIFE,extreme,198,21.811323922042508,0.6171751618385315,0.07051420211791992
RIFE,extreme,199,25.611101695973627,0.7775678038597107,0.050396211445331573
RIFE,extreme,200,22.35058245904571,0.7312859296798706,0.12001972645521164
RIFE,extreme,201,22.281364720678525,0.6976765394210815,0.13199976086616516
RIFE,extreme,202,21.436052881246077,0.6604653596878052,0.14938396215438843
RIFE,extreme,203,22.061886540383348,0.6611144542694092,0.15118256211280823
RIFE,extreme,204,21.1694987166906,0.5984887480735779,0.15936370193958282
RIFE,extreme,205,20.28700967234883,0.5487139225006104,0.1938236653804779
RIFE,extreme,206,20.71391361220765,0.5864508748054504,0.21556293964385986
RIFE,extreme,207,20.443761572694797,0.5725337266921997,0.19080640375614166
RIFE,extreme,208,19.501780218226056,0.5031217336654663,0.21923816204071045
RIFE,extreme,209,20.754442382007447,0.5720574259757996,0.18990741670131683
RIFE,extreme,210,32.85083954052509,0.9342130422592163,0.0663064569234848
RIFE,extreme,211,31.928323860595636,0.9269350171089172,0.06565416604280472
RIFE,extreme,212,31.221433343302145,0.9270076155662537,0.07301591336727142
RIFE,extreme,213,31.932767147627004,0.9277981519699097,0.07090964913368225
RIFE,extreme,214,32.43983179434819,0.9330081343650818,0.06926150619983673
RIFE,extreme,215,32.43091673971339,0.9307965040206909,0.06982188671827316
RIFE,extreme,216,32.33452146382999,0.9372409582138062,0.06417631357908249
RIFE,extreme,217,33.21849444299019,0.934546172618866,0.06140894815325737
RIFE,extreme,218,33.65280539801258,0.9420067071914673,0.057964012026786804
RIFE,extreme,219,32.162405307902894,0.9160982370376587,0.06737888604402542
RIFE,extreme,220,23.180742978087117,0.9229655265808105,0.04149269312620163
RIFE,extreme,221,19.7589076930656,0.8688775300979614,0.08408386260271072
RIFE,extreme,222,20.636485601042743,0.860161304473877,0.07824480533599854
RIFE,extreme,223,21.91742350822491,0.8355622887611389,0.08607935905456543
RIFE,extreme,224,21.605048905958128,0.8315443992614746,0.10673093050718307
RIFE,extreme,225,21.471963130823305,0.8281835913658142,0.12599365413188934
RIFE,extreme,226,20.974100512244807,0.8250223994255066,0.15559613704681396
RIFE,extreme,227,21.895711891561444,0.8413683176040649,0.11731252074241638
RIFE,extreme,228,24.392380455288595,0.8950372934341431,0.04830992966890335
RIFE,extreme,229,25.607675179015708,0.9076226353645325,0.04520348459482193
RIFE,extreme,230,26.3167395343058,0.9376831650733948,0.03361360728740692
RIFE,extreme,231,24.142897823537414,0.9371904134750366,0.044807370752096176
RIFE,extreme,232,24.332948423576845,0.861050009727478,0.05456170439720154
RIFE,extreme,233,29.783730519671362,0.9528079628944397,0.03459140658378601
RIFE,extreme,234,28.39129924045178,0.9468856453895569,0.028692124411463737
RIFE,extreme,235,31.651325551656207,0.9741576313972473,0.015400703065097332
RIFE,extreme,236,32.23755171945193,0.9681981205940247,0.01742042973637581
RIFE,extreme,237,28.34080736209994,0.9274699687957764,0.03132236748933792
RIFE,extreme,238,27.628135069070737,0.9496908187866211,0.02618243731558323
RIFE,extreme,239,25.244629973318418,0.9383877515792847,0.035970233380794525
RIFE,extreme,240,23.364959407269072,0.9204409122467041,0.10284000635147095
RIFE,extreme,241,27.22828372107326,0.9524413347244263,0.06639943271875381
RIFE,extreme,242,28.76606136199272,0.9408125281333923,0.043595291674137115
RIFE,extreme,243,23.69672267370625,0.9397658109664917,0.07137823104858398
RIFE,extreme,244,20.475998094842993,0.9382948279380798,0.10577590763568878
RIFE,extreme,245,21.277981028494374,0.9324426651000977,0.0872115045785904
RIFE,extreme,246,24.689681256642192,0.9237769246101379,0.061463914811611176
RIFE,extreme,247,23.77361757366949,0.9483348727226257,0.07197312265634537
RIFE,extreme,248,26.180301276715518,0.9400243163108826,0.051172029227018356
RIFE,extreme,249,27.07431604733039,0.9435746073722839,0.04457363486289978
RIFE,extreme,250,28.683413252167238,0.9125340580940247,0.03158234804868698
RIFE,extreme,251,25.752866078900603,0.9140586853027344,0.04439264535903931
RIFE,extreme,252,23.80880854938543,0.8797022104263306,0.05727533996105194
RIFE,extreme,253,22.459670261838937,0.7878570556640625,0.08152346312999725
RIFE,extreme,254,26.826765664638184,0.9266645908355713,0.03524670749902725
RIFE,extreme,255,27.615540503207264,0.9277723431587219,0.035783059895038605
RIFE,extreme,256,25.60736220673167,0.8566790819168091,0.04459604620933533
RIFE,extreme,257,24.665546156937936,0.8357020616531372,0.062089696526527405
RIFE,extreme,258,19.27839085662781,0.5033426284790039,0.1543722003698349
RIFE,extreme,259,18.302870681456827,0.5260770916938782,0.14444592595100403
RIFE,extreme,260,25.97688219015701,0.9175623655319214,0.05220137909054756
RIFE,extreme,261,26.610680853857204,0.9337123036384583,0.043270450085401535
RIFE,extreme,262,24.32097056497135,0.9089280366897583,0.05951211601495743
RIFE,extreme,263,24.961972614912952,0.909423828125,0.05961238592863083
RIFE,extreme,264,24.223316658282606,0.9108921885490417,0.05768613889813423
RIFE,extreme,265,24.39912691137895,0.9159563183784485,0.055087246000766754
RIFE,extreme,266,25.918981951222918,0.9244900345802307,0.039810776710510254
RIFE,extreme,267,25.175292279980226,0.9122169613838196,0.04882733151316643
RIFE,extreme,268,26.187897975500537,0.929756760597229,0.04631837457418442
RIFE,extreme,269,26.066918302102557,0.9272027015686035,0.04384937882423401
RIFE,extreme,270,26.40229613130711,0.9183552265167236,0.047232192009687424
RIFE,extreme,271,26.854714393468218,0.9253630042076111,0.06776595115661621
RIFE,extreme,272,26.293746597090628,0.9162567257881165,0.05060398578643799
RIFE,extreme,273,24.711170603866954,0.9109625816345215,0.1098821833729744
RIFE,extreme,274,26.652818501480663,0.9282187819480896,0.06044634059071541
RIFE,extreme,275,24.489910387384718,0.9057515859603882,0.079910047352314
RIFE,extreme,276,23.268351905108684,0.9038164615631104,0.09011959284543991
RIFE,extreme,277,25.426598979220827,0.9234556555747986,0.056405726820230484
RIFE,extreme,278,24.783873951566143,0.909553050994873,0.08125754445791245
RIFE,extreme,279,27.51849592902672,0.9279875159263611,0.0641385018825531
RIFE,extreme,280,19.617599801440097,0.5819951295852661,0.21595948934555054
RIFE,extreme,281,19.049428001270563,0.5700556039810181,0.27103108167648315
RIFE,extreme,282,18.636114891018618,0.537536084651947,0.30725109577178955
RIFE,extreme,283,17.390341742567987,0.5218527317047119,0.3143432140350342
RIFE,extreme,284,17.977468323329933,0.5408619046211243,0.2573930621147156
RIFE,extreme,285,18.560855168881282,0.5668023824691772,0.2326170802116394
RIFE,extreme,286,18.916971728839723,0.572705090045929,0.20768608152866364
RIFE,extreme,287,19.60411568671872,0.6167545318603516,0.1735917329788208
RIFE,extreme,288,21.060966445470413,0.6305393576622009,0.15396709740161896
RIFE,extreme,289,19.945013154895587,0.558460533618927,0.1713869273662567
RIFE,extreme,290,20.866325230184984,0.7527323961257935,0.18978728353977203
RIFE,extreme,291,17.988365889672377,0.6549879908561707,0.2094990313053131
RIFE,extreme,292,17.799914878259905,0.6986625790596008,0.22034773230552673
RIFE,extreme,293,17.587310633327377,0.7210932970046997,0.22682800889015198
RIFE,extreme,294,19.673625117993808,0.8061822056770325,0.14618617296218872
RIFE,extreme,295,20.771543328421433,0.8533729314804077,0.12477778643369675
RIFE,extreme,296,22.192042769459167,0.8885146379470825,0.09924125671386719
RIFE,extreme,297,20.341495327300553,0.825369119644165,0.12022481858730316
RIFE,extreme,298,18.952394499898023,0.7596358060836792,0.18674840033054352
RIFE,extreme,299,19.18777652543307,0.7213844656944275,0.1745879054069519
RIFE,extreme,300,30.961695307288423,0.9523175358772278,0.06387924402952194
RIFE,extreme,301,30.36544520155836,0.946463942527771,0.06654106825590134
RIFE,extreme,302,29.42589167902487,0.9499712586402893,0.07934979349374771
RIFE,extreme,303,28.902462353648293,0.9463198184967041,0.0741482749581337
RIFE,extreme,304,29.069162871490732,0.9462302923202515,0.07755722850561142
RIFE,extreme,305,29.7254061767741,0.9526278376579285,0.06486257910728455
RIFE,extreme,306,29.89419150348521,0.9506839513778687,0.07348604500293732
RIFE,extreme,307,30.14164505591243,0.9562899470329285,0.06617020815610886
RIFE,extreme,308,30.48866602699162,0.9590669274330139,0.06846856325864792
RIFE,extreme,309,30.087621051300033,0.9611637592315674,0.06639061868190765
FILM,easy,0,40.6006122534713,0.9864446520805359,0.009195541962981224
FILM,easy,1,37.76256114162303,0.9752107858657837,0.019314289093017578
FILM,easy,2,39.82150020304333,0.9850350618362427,0.010189457796514034
FILM,easy,3,38.991728659793246,0.983364999294281,0.010946124792098999
FILM,easy,4,39.493772400828,0.9847699403762817,0.010165018029510975
FILM,easy,5,39.604599761605954,0.9852821230888367,0.010089096613228321
FILM,easy,6,37.44697084038303,0.9788778424263,0.01300895493477583
FILM,easy,7,37.26109905265743,0.9803271293640137,0.01151522807776928
FILM,easy,8,35.37353383125795,0.9739434123039246,0.013120148330926895
FILM,easy,9,39.216839136650684,0.9852842092514038,0.009737740270793438
FILM,easy,10,33.56966583715695,0.9662933945655823,0.024836016818881035
FILM,easy,11,34.92851257371217,0.974126398563385,0.017217343673110008
FILM,easy,12,33.31278098872053,0.9747439026832581,0.018001139163970947
FILM,easy,13,33.435577479083875,0.972892165184021,0.018452636897563934
FILM,easy,14,34.219126768129556,0.9696938395500183,0.018788062036037445
FILM,easy,15,32.838409239387076,0.969813346862793,0.018839402124285698
FILM,easy,16,32.14721024970137,0.9700737595558167,0.019011259078979492
FILM,easy,17,33.316987467102955,0.9658904671669006,0.019649147987365723
FILM,easy,18,31.38282966479035,0.9568462371826172,0.02886996790766716
FILM,easy,19,30.2970473599688,0.9538170099258423,0.030168382450938225
FILM,easy,20,36.8464768622519,0.9627127647399902,0.02835189551115036
FILM,easy,21,37.19091559958236,0.9634978771209717,0.02685598097741604
FILM,easy,22,37.54330331280971,0.9631114602088928,0.030275266617536545
FILM,easy,23,38.24351375092851,0.9664342999458313,0.03254009410738945
FILM,easy,24,37.72303663364418,0.9660621285438538,0.03398776799440384
FILM,easy,25,37.73949828911159,0.9634205102920532,0.053678303956985474
FILM,easy,26,38.09663486322599,0.9684008955955505,0.0363353006541729
FILM,easy,27,38.05273546181259,0.9728249907493591,0.03029823862016201
FILM,easy,28,38.05782047944964,0.9759222865104675,0.0220648143440485
FILM,easy,29,38.29702440637195,0.9784786105155945,0.01991492696106434
FILM,easy,30,37.145711368436,0.9851139187812805,0.007672049570828676
FILM,easy,31,34.010664098058214,0.966014564037323,0.01838868111371994
FILM,easy,32,37.53273897213622,0.9865896105766296,0.007896935567259789
FILM,easy,33,37.680705688212626,0.9875077605247498,0.007466400042176247
FILM,easy,34,37.56570350895052,0.9871877431869507,0.007611961103975773
FILM,easy,35,38.22730704677721,0.9892237186431885,0.006433236412703991
FILM,easy,36,38.25709086347339,0.9894297122955322,0.006541943643242121
FILM,easy,37,37.60018815192125,0.9873062372207642,0.006961072329431772
FILM,easy,38,39.77799237869677,0.9918513894081116,0.004205745179206133
FILM,easy,39,38.330824628281995,0.9891341328620911,0.006002828013151884
FILM,easy,40,41.16323444663973,0.9849459528923035,0.009175353683531284
FILM,easy,41,41.11011094002808,0.986710250377655,0.008705469779670238
FILM,easy,42,38.50722229952601,0.9774618148803711,0.012828836217522621
FILM,easy,43,39.25450495956393,0.9803855419158936,0.013903983868658543
FILM,easy,44,42.62676342699956,0.9898786544799805,0.006225934252142906
FILM,easy,45,41.27664944367637,0.9859337210655212,0.009046080522239208
FILM,easy,46,40.83522560042137,0.9838982820510864,0.010574034415185452
FILM,easy,47,40.51860091575594,0.9851005673408508,0.010273016057908535
FILM,easy,48,39.82612110658929,0.9839577674865723,0.009957779198884964
FILM,easy,49,37.25975378996235,0.9769327044487,0.013804093934595585
FILM,easy,50,36.63050696763846,0.9830840229988098,0.010706457309424877
FILM,easy,51,36.450112235884134,0.9718589782714844,0.020963996648788452
FILM,easy,52,36.63923365033541,0.9821605682373047,0.011303543113172054
FILM,easy,53,37.33570722377816,0.980441153049469,0.012683143839240074
FILM,easy,54,38.594121519137474,0.9832964539527893,0.011614497750997543
FILM,easy,55,38.05960655496782,0.9841086268424988,0.011250585317611694
FILM,easy,56,39.46524644925312,0.987028181552887,0.009421823546290398
FILM,easy,57,38.168479157351676,0.9852665662765503,0.010952360928058624
FILM,easy,58,37.16067102218985,0.9833903908729553,0.01150532066822052
FILM,easy,59,38.54678342058528,0.9798547625541687,0.013573671691119671
FILM,easy,60,37.11467658964682,0.9836199879646301,0.01185730379074812
FILM,easy,61,37.65537565642013,0.9867603182792664,0.009067432954907417
FILM,easy,62,33.40681327919202,0.9674651622772217,0.019339287653565407
FILM,easy,63,38.80809769668136,0.9884302616119385,0.009013690054416656
FILM,easy,64,38.74054069065195,0.9881901741027832,0.008772437460720539
FILM,easy,65,35.95509856260003,0.9811619520187378,0.013684440404176712
FILM,easy,66,37.70283457879837,0.9875730872154236,0.009827181696891785
FILM,easy,67,37.826154476684984,0.9875168204307556,0.009800164960324764
FILM,easy,68,32.38634415599423,0.9676783084869385,0.019249476492404938
FILM,easy,69,37.63060670172974,0.9871523976325989,0.009175482206046581
FILM,easy,70,38.03693085448061,0.9902539253234863,0.0064816041849553585
FILM,easy,71,35.7691740679587,0.9788520932197571,0.01799025945365429
FILM,easy,72,36.94943268360197,0.9852884411811829,0.009959510527551174
FILM,easy,73,38.3792375919271,0.987292468547821,0.00918860174715519
FILM,easy,74,39.677911120917855,0.9867590069770813,0.007899265736341476
FILM,easy,75,38.43675227667374,0.9875171780586243,0.008308534510433674
FILM,easy,76,38.619218421047776,0.984803318977356,0.011245493777096272
FILM,easy,77,37.95680920741886,0.9851967692375183,0.010499889962375164
FILM,easy,78,37.585097905332034,0.9846821427345276,0.011053010821342468
FILM,easy,79,38.92184639932309,0.9884667992591858,0.008359646424651146
FILM,easy,80,41.016842879231135,0.9882251024246216,0.0073794214986264706
FILM,easy,81,37.81640042800647,0.9755670428276062,0.018027473241090775
FILM,easy,82,38.35221051534034,0.9800352454185486,0.016883917152881622
FILM,easy,83,38.726025551613965,0.9833223819732666,0.010747234337031841
FILM,easy,84,31.858581755139447,0.9472004175186157,0.022884869948029518
FILM,easy,85,35.59355138667066,0.9747276306152344,0.014291787520051003
FILM,easy,86,39.866835071262706,0.9864388704299927,0.00874621607363224
FILM,easy,87,39.82810004941377,0.9855107665061951,0.00883264560252428
FILM,easy,88,39.61871003370562,0.9855682849884033,0.010160790756344795
FILM,easy,89,38.065065123013554,0.9832901358604431,0.01105191558599472
FILM,easy,90,37.399410700781004,0.9864837527275085,0.009334782138466835
FILM,easy,91,37.70195175234678,0.9801857471466064,0.019829895347356796
FILM,easy,92,39.742700814602514,0.9880853295326233,0.00987988617271185
FILM,easy,93,37.17848772162003,0.9822282791137695,0.013479460030794144
FILM,easy,94,38.76938646331941,0.9856686592102051,0.011200693435966969
FILM,easy,95,39.319327605611164,0.9854891896247864,0.011440717615187168
FILM,easy,96,39.57854756634762,0.9864447712898254,0.011334535665810108
FILM,easy,97,40.07927618029602,0.9866523146629333,0.012038571760058403
FILM,easy,98,39.384273524037866,0.9841865301132202,0.014123589731752872
FILM,easy,99,35.462888828480914,0.9734160900115967,0.016693387180566788
FILM,easy,100,35.98843546382047,0.9797553420066833,0.015420358628034592
FILM,easy,101,40.059773503280105,0.9863033294677734,0.012301499955356121
FILM,easy,102,40.828100017792266,0.9888937473297119,0.010054541751742363
FILM,easy,103,41.37842439933167,0.9874408841133118,0.01232945453375578
FILM,easy,104,42.058735811974785,0.9881193041801453,0.011344014666974545
FILM,easy,105,40.35828884207894,0.9882116317749023,0.009902862831950188
FILM,easy,106,41.128815806463194,0.9890545606613159,0.009566577151417732
FILM,easy,107,41.35405499943361,0.9887126684188843,0.010836414061486721
FILM,easy,108,40.87307943918654,0.9872604012489319,0.012229334563016891
FILM,easy,109,37.773534541651195,0.9807801842689514,0.017951514571905136
FILM,easy,110,34.07188999248692,0.968098521232605,0.028621656820178032
FILM,easy,111,34.87240409624911,0.9652354717254639,0.027224715799093246
FILM,easy,112,27.72700723725032,0.8662062883377075,0.1380014568567276
FILM,easy,113,29.75397308333017,0.8954932689666748,0.08766500651836395
FILM,easy,114,29.323318494397718,0.910625159740448,0.08177504688501358
FILM,easy,115,34.57083667393458,0.9558271169662476,0.04194185882806778
FILM,easy,116,35.84988393335399,0.9680989384651184,0.029542841017246246
FILM,easy,117,37.08003100387968,0.9741982221603394,0.021721219643950462
FILM,easy,118,37.207287348591436,0.9728711843490601,0.024908501654863358
FILM,easy,119,35.01508419633807,0.9685258269309998,0.02635847218334675
FILM,easy,120,40.83715442594527,0.9957404136657715,0.0026309273671358824
FILM,easy,121,39.141777464832245,0.9940133094787598,0.004593673162162304
FILM,easy,122,40.404123138823955,0.9946116209030151,0.002911319024860859
FILM,easy,123,42.102829373423475,0.9955183863639832,0.0018561145989224315
FILM,easy,124,40.08308359621444,0.9928174614906311,0.004608215764164925
FILM,easy,125,39.67591790025783,0.9926673769950867,0.004688424989581108
FILM,easy,126,39.58501094070858,0.9926057457923889,0.004118817858397961
FILM,easy,127,36.14954910031864,0.9817842245101929,0.013703103177249432
FILM,easy,128,35.63342447313547,0.9849703311920166,0.007510907016694546
FILM,easy,129,34.03239089002206,0.9759477376937866,0.01548045314848423
FILM,easy,130,52.78692276510072,0.9987596869468689,0.000516118889208883
FILM,easy,131,55.80666064626061,0.999424159526825,0.0002764775708783418
FILM,easy,132,53.50386556497649,0.9990052580833435,0.0005626891506835818
FILM,easy,133,47.68223663232974,0.9972630143165588,0.0012280308874323964
FILM,easy,134,47.581118616567906,0.9971149563789368,0.001615066546946764
FILM,easy,135,42.03890891195365,0.9903278946876526,0.0071499887853860855
FILM,easy,136,40.96330922559172,0.9923973679542542,0.003524988191202283
FILM,easy,137,49.02084447777518,0.9982357025146484,0.0010158696677535772
FILM,easy,138,49.73825591369449,0.9981926083564758,0.0008364406530745327
FILM,easy,139,53.55675692658256,0.9992435574531555,0.0003670190635602921
FILM,easy,140,41.07542579595007,0.9827698469161987,0.013599207624793053
FILM,easy,141,42.41433794283698,0.9876560568809509,0.012479668483138084
FILM,easy,142,41.32931429877865,0.9862837791442871,0.010260469280183315
FILM,easy,143,42.909819739137646,0.9874548316001892,0.010221030563116074
FILM,easy,144,42.263891056422125,0.9884474873542786,0.009117074310779572
FILM,easy,145,41.1693199775054,0.98368239402771,0.011537105776369572
FILM,easy,146,39.76286546082819,0.9780216217041016,0.020143669098615646
FILM,easy,147,41.67921039955145,0.983730137348175,0.012045085430145264
FILM,easy,148,42.34455853275355,0.9863742589950562,0.010558545589447021
FILM,easy,149,41.37715331979258,0.9828699231147766,0.011956456117331982
FILM,easy,150,41.82838403442098,0.9955790042877197,0.0034519205801188946
FILM,easy,151,43.99455149619743,0.9962255358695984,0.0030006542801856995
FILM,easy,152,43.213530297870534,0.9960339069366455,0.004210024606436491
FILM,easy,153,44.059366608390874,0.9964000582695007,0.0026831438299268484
FILM,easy,154,45.35637491450533,0.997198760509491,0.0030261215288192034
FILM,easy,155,44.18740221985475,0.9968206882476807,0.003465726040303707
FILM,easy,156,42.915613232667404,0.9960033297538757,0.003536953590810299
FILM,easy,157,44.268031808398646,0.9962556958198547,0.0030139426235109568
FILM,easy,158,40.02484440190382,0.9953238368034363,0.003830570727586746
FILM,easy,159,40.789918491842776,0.9946754574775696,0.0034861851017922163
FILM,easy,160,47.931216061123656,0.9983651041984558,0.0009087800281122327
FILM,easy,161,48.12604233234407,0.9984089136123657,0.0010510757565498352
FILM,easy,162,48.63504614507535,0.9983965754508972,0.001164329587481916
FILM,easy,163,47.09196444577002,0.9982650876045227,0.0012749622110277414
FILM,easy,164,47.950951452788225,0.99832683801651,0.0015110998647287488
FILM,easy,165,48.12990219433934,0.9985372424125671,0.0010169914457947016
FILM,easy,166,47.335512775137396,0.9981259107589722,0.001508503220975399
FILM,easy,167,46.79937274673488,0.9981656670570374,0.0013895995216444135
FILM,easy,168,47.13323684746692,0.998237669467926,0.0014227785868570209
FILM,easy,169,47.838101415859924,0.9984991550445557,0.001088836113922298
FILM,easy,170,44.59917850287779,0.9926356673240662,0.004132750444114208
FILM,easy,171,39.24146568304793,0.9809651374816895,0.011999704875051975
FILM,easy,172,45.81492770208492,0.9931144118309021,0.004219176713377237
FILM,easy,173,45.70149626896733,0.9921225905418396,0.004337281454354525
FILM,easy,174,37.10068720644343,0.9686133861541748,0.024103470146656036
FILM,easy,175,40.210528266097384,0.9851614832878113,0.00996343232691288
FILM,easy,176,43.94487086740856,0.9902403354644775,0.005981055554002523
FILM,easy,177,42.66540377223711,0.9880621433258057,0.00620723282918334
FILM,easy,178,42.678150776595274,0.9897738695144653,0.005631007719784975
FILM,easy,179,43.82323185107266,0.9916056990623474,0.004514323081821203
FILM,easy,180,51.14789410962235,0.9965352416038513,0.004223416559398174
FILM,easy,181,50.30445370965231,0.9958751797676086,0.004636832512915134
FILM,easy,182,50.52502978551764,0.9961497187614441,0.004356375429779291
FILM,easy,183,49.50740161028879,0.9959540367126465,0.004693030379712582
FILM,easy,184,42.7479551668941,0.9904428720474243,0.011032444424927235
FILM,easy,185,37.35749810370444,0.9857624173164368,0.02388698048889637
FILM,easy,186,37.78911321546749,0.9848996996879578,0.028054146096110344
FILM,easy,187,45.516085866080225,0.99369877576828,0.009734186343848705
FILM,easy,188,46.25189386567045,0.9928644299507141,0.008910639211535454
FILM,easy,189,48.42405161513899,0.9943676590919495,0.008477919735014439
FILM,easy,190,41.184379246418345,0.9886188507080078,0.0080065056681633
FILM,easy,191,41.27143853654321,0.988937497138977,0.008676411584019661
FILM,easy,192,42.63056393546635,0.991072416305542,0.007283512502908707
FILM,easy,193,40.91538436514304,0.9872665405273438,0.008841272443532944
FILM,easy,194,41.67440338233667,0.9891384243965149,0.00721984775736928
FILM,easy,195,40.90159945171795,0.988551676273346,0.006642128806561232
FILM,easy,196,41.66797661944929,0.9889423251152039,0.006859680637717247
FILM,easy,197,39.24769422484084,0.9847426414489746,0.010270307771861553
FILM,easy,198,40.71491115783381,0.9876988530158997,0.01066858321428299
FILM,easy,199,39.755609651742006,0.9856540560722351,0.009568041190505028
FILM,easy,200,37.72901952604762,0.9766321182250977,0.011344222351908684
FILM,easy,201,38.3762013817625,0.9796236157417297,0.008334496058523655
FILM,easy,202,37.87348571407479,0.9771565198898315,0.012129541486501694
FILM,easy,203,37.5336167114729,0.9719875454902649,0.01500980369746685
FILM,easy,204,36.88814422580438,0.973076343536377,0.013247497379779816
FILM,easy,205,36.79190507897904,0.9705455899238586,0.012504220940172672
FILM,easy,206,37.67931287384354,0.9750290513038635,0.012844664976000786
FILM,easy,207,38.10709746233202,0.9761525988578796,0.00985117256641388
FILM,easy,208,37.63186784729201,0.9721989631652832,0.013637648895382881
FILM,easy,209,38.20061204051153,0.9768836498260498,0.009127230383455753
FILM,easy,210,44.27267224434757,0.9889823794364929,0.015036102384328842
FILM,easy,211,44.21860562810846,0.9887938499450684,0.013527722097933292
FILM,easy,212,44.796466299522315,0.9905945658683777,0.013108784332871437
FILM,easy,213,44.25313504144122,0.9892618656158447,0.012688342481851578
FILM,easy,214,44.6101078820817,0.9895666241645813,0.012581678107380867
FILM,easy,215,44.53098912282321,0.9895592331886292,0.017181525006890297
FILM,easy,216,44.63329688988226,0.9896112680435181,0.01283045019954443
FILM,easy,217,44.83733481535491,0.990369439125061,0.01152301300317049
FILM,easy,218,45.36817653470607,0.9911074042320251,0.011222937144339085
FILM,easy,219,45.25397673835308,0.9915028810501099,0.01478960644453764
FILM,easy,220,37.75396405702493,0.9910333156585693,0.005043843761086464
FILM,easy,221,25.106034581844206,0.9458281993865967,0.014427822083234787
FILM,easy,222,32.50356421621141,0.9754839539527893,0.012567020021378994
FILM,easy,223,29.813880708027266,0.9580153226852417,0.014646746218204498
FILM,easy,224,36.27760761809599,0.9828153848648071,0.01083014253526926
FILM,easy,225,33.98394810499567,0.9747113585472107,0.016265153884887695
FILM,easy,226,28.019261565555755,0.9437894821166992,0.02644171379506588
FILM,easy,227,31.941279211662064,0.9607124924659729,0.027773316949605942
FILM,easy,228,31.977382100229043,0.97430020570755,0.012201743200421333
FILM,easy,229,37.722056182115004,0.989674985408783,0.00553455576300621
FILM,easy,230,41.77552734963407,0.9930904507637024,0.003956194035708904
FILM,easy,231,41.422745646588155,0.991732656955719,0.004373671021312475
FILM,easy,232,41.93785072034334,0.9941970705986023,0.004050597548484802
FILM,easy,233,43.03542657737461,0.9945741891860962,0.003707924857735634
FILM,easy,234,43.3540998481575,0.9954367280006409,0.002989023458212614
FILM,easy,235,48.16290797156608,0.9977461099624634,0.0012008893536403775
FILM,easy,236,45.863742283191115,0.9971317052841187,0.002040242310613394
FILM,easy,237,44.45765644934929,0.9955072402954102,0.0023757009766995907
FILM,easy,238,44.88514482307772,0.9969437122344971,0.0016126817790791392
FILM,easy,239,41.168494874605074,0.9944797158241272,0.0033423947170376778
FILM,easy,240,41.67432346532039,0.9867667555809021,0.011859465390443802
FILM,easy,241,43.602103719987426,0.9897471070289612,0.009546997025609016
FILM,easy,242,47.54591672160827,0.9938865303993225,0.006683960556983948
FILM,easy,243,46.451083862681145,0.9918408393859863,0.008421557024121284
FILM,easy,244,44.85450776442064,0.9927772283554077,0.007957588881254196
FILM,easy,245,43.9343101443727,0.9936140775680542,0.006621258333325386
FILM,easy,246,43.635284278597084,0.9919232726097107,0.008351046591997147
FILM,easy,247,46.753081728988604,0.9957413077354431,0.004840985406190157
FILM,easy,248,45.6052174158458,0.9953709244728088,0.004314021207392216
FILM,easy,249,46.1946096035468,0.9939422607421875,0.006250507663935423
FILM,easy,250,40.69542411776135,0.9928323030471802,0.0042914701625704765
FILM,easy,251,37.88224608610348,0.9879398345947266,0.006946887820959091
FILM,easy,252,38.40035131091878,0.988264799118042,0.007338135503232479
FILM,easy,253,40.888051605282136,0.993460476398468,0.004683762323111296
FILM,easy,254,35.30075543034239,0.9787512421607971,0.010266431607306004
FILM,easy,255,42.49622515823968,0.9957495927810669,0.0024955414701253176
FILM,easy,256,43.24025234761933,0.9957460761070251,0.0026408389676362276
FILM,easy,257,40.63266713296571,0.991672158241272,0.005811111535876989
FILM,easy,258,27.618871777146957,0.8777058720588684,0.037435151636600494
FILM,easy,259,22.65529277811509,0.7176762223243713,0.06612956523895264
FILM,easy,260,41.70355201457281,0.9937527179718018,0.004512087907642126
FILM,easy,261,35.91683167944738,0.9857980012893677,0.007376339286565781
FILM,easy,262,40.60414247375644,0.9941104054450989,0.004869943950325251
FILM,easy,263,32.69352816547862,0.977827787399292,0.011505229398608208
FILM,easy,264,41.30485584290801,0.994917094707489,0.003589787520468235
FILM,easy,265,33.318316175707736,0.9800523519515991,0.009573847986757755
FILM,easy,266,41.778866757061515,0.9945017695426941,0.0038269166834652424
FILM,easy,267,33.64344568786112,0.978642463684082,0.009823239408433437
FILM,easy,268,42.02889494310433,0.9952018857002258,0.0034925793297588825
FILM,easy,269,42.81455401734024,0.9960416555404663,0.0029474194161593914
FILM,easy,270,41.31653766951152,0.9924719333648682,0.005914113484323025
FILM,easy,271,42.66291836125749,0.992980420589447,0.00496800197288394
FILM,easy,272,42.50620230453251,0.9931094646453857,0.0051740738563239574
FILM,easy,273,42.262605218933764,0.9920324683189392,0.006593061611056328
FILM,easy,274,42.67132131729559,0.9934038519859314,0.005417176987975836
FILM,easy,275,42.250652634076786,0.9916159510612488,0.0056309886276721954
FILM,easy,276,42.193604702836495,0.991635799407959,0.006544117815792561
FILM,easy,277,42.76094625700472,0.9934397339820862,0.003677239641547203
FILM,easy,278,41.337210048816516,0.9900779724121094,0.006501286290585995
FILM,easy,279,43.17326086714737,0.9920974969863892,0.005821852013468742
FILM,easy,280,37.52398311461321,0.9754065275192261,0.010393567383289337
FILM,easy,281,37.88927031658398,0.979574978351593,0.00863127876073122
FILM,easy,282,37.550065462440266,0.9744174480438232,0.010505642741918564
FILM,easy,283,37.950289909158855,0.9771299958229065,0.009565843269228935
FILM,easy,284,37.31953302044813,0.9728333353996277,0.014648618176579475
FILM,easy,285,36.84485368662293,0.9680493474006653,0.015511365607380867
FILM,easy,286,36.910941870882,0.9748320579528809,0.010789308696985245
FILM,easy,287,37.71971760859071,0.979087233543396,0.008998253382742405
FILM,easy,288,37.55783098698546,0.977091908454895,0.013310063630342484
FILM,easy,289,38.51731163554969,0.9796761870384216,0.008611109107732773
FILM,easy,290,37.20479471030761,0.9853895306587219,0.009579397737979889
FILM,easy,291,39.99890470765256,0.989063024520874,0.008232987485826015
FILM,easy,292,37.44698769207963,0.9883204698562622,0.009646362625062466
FILM,easy,293,37.59182385992218,0.9874799251556396,0.009952683001756668
FILM,easy,294,40.97067732035825,0.9908609390258789,0.005740414839237928
FILM,easy,295,39.48587916443843,0.9865259528160095,0.013550164178013802
FILM,easy,296,41.53601383564295,0.9932472705841064,0.004361249506473541
FILM,easy,297,40.32327275793818,0.9911133646965027,0.005749421659857035
FILM,easy,298,39.191545267659876,0.9887604713439941,0.008240213617682457
FILM,easy,299,38.86135165174487,0.9885420203208923,0.008531656116247177
FILM,easy,300,50.8421483545067,0.9962544441223145,0.010319058783352375
FILM,easy,301,40.851255674860795,0.9871892929077148,0.0137491999194026
FILM,easy,302,42.49473144519299,0.9913628697395325,0.01192094199359417
FILM,easy,303,42.18576238571458,0.9895670413970947,0.010771311819553375
FILM,easy,304,44.172165786097935,0.9936973452568054,0.008890287950634956
FILM,easy,305,44.67115844471365,0.9915951490402222,0.010620086453855038
FILM,easy,306,45.443056150420034,0.9948296546936035,0.00888456404209137
FILM,easy,307,45.728093051973985,0.992956817150116,0.010422572493553162
FILM,easy,308,46.625198530194595,0.9932543635368347,0.010391940362751484
FILM,easy,309,46.48242304463281,0.9930288791656494,0.012600887566804886
FILM,medium,0,37.09664506394668,0.9703584313392639,0.023032182827591896
FILM,medium,1,33.48260455563708,0.9551466703414917,0.02864443138241768
FILM,medium,2,36.13347688149642,0.9682999849319458,0.023217996582388878
FILM,medium,3,35.42629402538686,0.969161331653595,0.018709901720285416
FILM,medium,4,35.8253297518357,0.9708544611930847,0.017193583771586418
FILM,medium,5,37.76187558686786,0.977798581123352,0.015149207785725594
FILM,medium,6,27.86046485046218,0.8817792534828186,0.039725445210933685
FILM,medium,7,29.031990145781975,0.9148644804954529,0.03289903700351715
FILM,medium,8,26.839697848003794,0.8747951984405518,0.0383632592856884
FILM,medium,9,36.50593495338273,0.9753115773200989,0.0165153369307518
FILM,medium,10,34.036260801992555,0.9565207362174988,0.03162822499871254
FILM,medium,11,34.32189535902346,0.9621597528457642,0.0247784573584795
FILM,medium,12,34.6936053505279,0.9677388668060303,0.023193612694740295
FILM,medium,13,35.07394631931122,0.9658016562461853,0.02282062917947769
FILM,medium,14,33.87190856453971,0.9611180424690247,0.026536807417869568
FILM,medium,15,34.69124749057642,0.9622220396995544,0.024578101933002472
FILM,medium,16,33.01826192368828,0.960395336151123,0.023953977972269058
FILM,medium,17,32.954483879197625,0.951269805431366,0.03162265941500664
FILM,medium,18,32.00701126656624,0.9497526288032532,0.0331532284617424
FILM,medium,19,31.318144679321932,0.9417954087257385,0.03445456549525261
FILM,medium,20,34.19908490689701,0.9449390769004822,0.041137371212244034
FILM,medium,21,35.67327216603663,0.9518349170684814,0.03686658293008804
FILM,medium,22,34.5236731296752,0.945295512676239,0.04446931183338165
FILM,medium,23,36.995569855699635,0.9573078751564026,0.04391193389892578
FILM,medium,24,35.117187150658,0.9505770802497864,0.05136515945196152
FILM,medium,25,35.84283493264983,0.9532027840614319,0.06282635033130646
FILM,medium,26,36.893574652516826,0.9621580243110657,0.04411987587809563
FILM,medium,27,35.889034635593795,0.9631592035293579,0.03814147785305977
FILM,medium,28,36.32230885806497,0.9670032858848572,0.030069533735513687
FILM,medium,29,36.8206612392799,0.9710232019424438,0.027305863797664642
FILM,medium,30,32.57746592644637,0.9575812220573425,0.028539014980196953
FILM,medium,31,32.931610239541584,0.9593613147735596,0.022734181955456734
FILM,medium,32,33.52662091814093,0.9635534286499023,0.01987251453101635
FILM,medium,33,35.61485011793761,0.9802282452583313,0.01153580378741026
FILM,medium,34,35.41764333777057,0.979334831237793,0.012726666405797005
FILM,medium,35,35.07176443106294,0.9794136881828308,0.011638350784778595
FILM,medium,36,36.454581913823276,0.9838868975639343,0.009679554030299187
FILM,medium,37,34.84175298905861,0.9779488444328308,0.012034377083182335
FILM,medium,38,36.30416413595006,0.9836920499801636,0.008459922857582569
FILM,medium,39,36.27497760169808,0.9831668734550476,0.009499045088887215
FILM,medium,40,35.694051886254876,0.9635545015335083,0.0203231293708086
FILM,medium,41,34.44807229521273,0.9543920755386353,0.02419496327638626
FILM,medium,42,29.918469701810416,0.8913601040840149,0.03877973556518555
FILM,medium,43,32.303676810120784,0.9322168231010437,0.03311337158083916
FILM,medium,44,37.018371851914736,0.971365213394165,0.01828949525952339
FILM,medium,45,37.86639994415373,0.9748926758766174,0.016290787607431412
FILM,medium,46,36.64590667213378,0.969936728477478,0.019063802435994148
FILM,medium,47,36.815762861178726,0.9739214181900024,0.017544828355312347
FILM,medium,48,38.156092958199324,0.9757230877876282,0.015276512131094933
FILM,medium,49,30.853603238140124,0.9284155964851379,0.03222157061100006
FILM,medium,50,27.815403335527456,0.8974829912185669,0.04638879746198654
FILM,medium,51,31.590929949724632,0.9414190649986267,0.035974957048892975
FILM,medium,52,29.556106876968173,0.9277744293212891,0.03614677116274834
FILM,medium,53,29.463569249189362,0.9195509552955627,0.036844655871391296
FILM,medium,54,36.274720825421056,0.9733490943908691,0.018308108672499657
FILM,medium,55,32.97776314694492,0.9603332877159119,0.023465054109692574
FILM,medium,56,36.355998018355805,0.9767614006996155,0.016594504937529564
FILM,medium,57,33.6189225527136,0.9663962125778198,0.021999521180987358
FILM,medium,58,29.298289867450396,0.9267755150794983,0.03482053801417351
FILM,medium,59,35.75768384441136,0.9666473269462585,0.021443836390972137
FILM,medium,60,33.41764008131367,0.963115930557251,0.02808620035648346
FILM,medium,61,30.41979448696504,0.9432864785194397,0.03547272831201553
FILM,medium,62,23.388164998004047,0.7508212327957153,0.06741788983345032
FILM,medium,63,34.39197096390518,0.9732961058616638,0.018110211938619614
FILM,medium,64,33.93083416711583,0.971432089805603,0.01876087300479412
FILM,medium,65,27.36213080383372,0.8906333446502686,0.04644840210676193
FILM,medium,66,33.685427062439246,0.9716796875,0.01983560621738434
FILM,medium,67,34.439553826015704,0.9755235314369202,0.01804497092962265
FILM,medium,68,22.814443136870587,0.7744840383529663,0.06608888506889343
FILM,medium,69,30.87282144142946,0.9528421759605408,0.026012036949396133
FILM,medium,70,32.92826159731076,0.9725189805030823,0.021243683993816376
FILM,medium,71,34.21281985951262,0.9717914462089539,0.022619307041168213
FILM,medium,72,27.920012029640496,0.9211877584457397,0.038833871483802795
FILM,medium,73,36.27281182946924,0.9800554513931274,0.014879487454891205
FILM,medium,74,35.1363294290948,0.9731414318084717,0.016572825610637665
FILM,medium,75,33.86010232565261,0.9689064025878906,0.018444359302520752
FILM,medium,76,33.41277975336848,0.9593157768249512,0.025792934000492096
FILM,medium,77,32.04872145347421,0.9536447525024414,0.024240365251898766
FILM,medium,78,30.672630392594314,0.9475276470184326,0.027653565630316734
FILM,medium,79,35.51254030405067,0.9794003963470459,0.014870939776301384
FILM,medium,80,37.55870336622748,0.9752949476242065,0.018075019121170044
FILM,medium,81,33.83193958362904,0.9539501667022705,0.030719256028532982
FILM,medium,82,35.335028979605056,0.9618738889694214,0.029618708416819572
FILM,medium,83,31.660487395121564,0.937068521976471,0.030265245586633682
FILM,medium,84,22.690693454032616,0.6651861071586609,0.06724070012569427
FILM,medium,85,26.452995835496957,0.8398086428642273,0.046943921595811844
FILM,medium,86,35.67642931223903,0.9713594317436218,0.01666543073952198
FILM,medium,87,33.857055237273755,0.9604895710945129,0.021275047212839127
FILM,medium,88,36.71913389039615,0.9751884341239929,0.01716349832713604
FILM,medium,89,33.73596867179519,0.9623169898986816,0.023105617612600327
FILM,medium,90,34.77131080477016,0.9742497801780701,0.022169528529047966
FILM,medium,91,36.42118533666471,0.9744089245796204,0.025729570537805557
FILM,medium,92,36.449572823920896,0.9735539555549622,0.02848643995821476
FILM,medium,93,28.24716536953227,0.9097679853439331,0.04152457043528557
FILM,medium,94,33.57432795414419,0.964242160320282,0.024626899510622025
FILM,medium,95,34.60287544778721,0.9661073088645935,0.024490557610988617
FILM,medium,96,36.43637102200672,0.9755488634109497,0.020547891035676003
FILM,medium,97,38.022211479302925,0.9794183969497681,0.020797627046704292
FILM,medium,98,32.995896279528026,0.9495547413825989,0.03366070240736008
FILM,medium,99,26.075809914805937,0.8265248537063599,0.05612009018659592
FILM,medium,100,26.631234181318966,0.9052648544311523,0.04135826602578163
FILM,medium,101,33.452220209585384,0.9675987362861633,0.023390119895339012
FILM,medium,102,38.52338856241759,0.9834805130958557,0.014543067663908005
FILM,medium,103,39.01319430982416,0.9815846681594849,0.017651766538619995
FILM,medium,104,37.64149104930918,0.9800495505332947,0.017824402078986168
FILM,medium,105,34.37222823088473,0.9733405709266663,0.01978681981563568
FILM,medium,106,38.017475427099455,0.982719361782074,0.015586532652378082
FILM,medium,107,39.73664631659941,0.9839193820953369,0.015336887910962105
FILM,medium,108,34.12268549082346,0.9661886692047119,0.02710224874317646
FILM,medium,109,28.972455774897597,0.9349021315574646,0.037104494869709015
FILM,medium,110,30.05771087453293,0.9326254725456238,0.0547356978058815
FILM,medium,111,30.59891738815107,0.933383047580719,0.05344206839799881
FILM,medium,112,25.306481593662646,0.8134127855300903,0.181321918964386
FILM,medium,113,26.599625004010925,0.8594383001327515,0.12511023879051208
FILM,medium,114,27.12464490418116,0.8733983039855957,0.1281169205904007
FILM,medium,115,29.86396857568782,0.9198998808860779,0.07131172716617584
FILM,medium,116,31.418419660967103,0.9447006583213806,0.046019576489925385
FILM,medium,117,33.41318302438347,0.9534242749214172,0.03684929385781288
FILM,medium,118,33.08504648742347,0.9523573517799377,0.04155069589614868
FILM,medium,119,31.5103758797231,0.9444035887718201,0.038496218621730804
FILM,medium,120,37.13745386501334,0.9900635480880737,0.005458409432321787
FILM,medium,121,35.217588657920764,0.9844885468482971,0.010468076914548874
FILM,medium,122,36.47532152099115,0.9858816266059875,0.008321423083543777
FILM,medium,123,37.64316414561334,0.9896381497383118,0.005095719825476408
FILM,medium,124,37.68071902582845,0.9880797863006592,0.0075596412643790245
FILM,medium,125,36.27016757913371,0.9859021902084351,0.00854029506444931
FILM,medium,126,34.92448950680952,0.9798652529716492,0.011462729424238205
FILM,medium,127,33.55578109507626,0.9719204902648926,0.021009093150496483
FILM,medium,128,32.010479453176245,0.9690065979957581,0.013169627636671066
FILM,medium,129,30.368864060283766,0.9652311205863953,0.022453324869275093
FILM,medium,130,48.495585914142445,0.9981560707092285,0.0008985137683339417
FILM,medium,131,53.06505904154093,0.999240517616272,0.00040364370215684175
FILM,medium,132,51.05935319581227,0.9981765747070312,0.0008636062266305089
FILM,medium,133,42.79067932705456,0.9949789047241211,0.0024483674205839634
FILM,medium,134,42.8800540144746,0.9946995377540588,0.0034331679344177246
FILM,medium,135,34.9617514529181,0.9724326729774475,0.013608478009700775
FILM,medium,136,34.451706094892856,0.9714961051940918,0.008939551189541817
FILM,medium,137,45.09534458386406,0.9965100884437561,0.0018986675422638655
FILM,medium,138,44.615396785492436,0.9954272508621216,0.0019588747527450323
FILM,medium,139,50.88599009203472,0.9984561204910278,0.0008213421097025275
FILM,medium,140,33.88852996216444,0.9376217126846313,0.02664945274591446
FILM,medium,141,36.805783343212596,0.9747565388679504,0.019999325275421143
FILM,medium,142,37.82859325328408,0.9746679067611694,0.017704801633954048
FILM,medium,143,38.99206186796137,0.97867751121521,0.01634899713099003
FILM,medium,144,39.04805717919067,0.9781833291053772,0.015182480216026306
FILM,medium,145,35.58443061018182,0.9550424814224243,0.023601120337843895
FILM,medium,146,33.61821911214015,0.9338919520378113,0.03416619449853897
FILM,medium,147,35.12266392132598,0.9461680054664612,0.028976023197174072
FILM,medium,148,35.83693758635383,0.9510889053344727,0.025302018970251083
FILM,medium,149,36.42580348763306,0.9637892246246338,0.022812526673078537
FILM,medium,150,37.85384888753057,0.9909526705741882,0.007194017060101032
FILM,medium,151,39.12505182957391,0.9921913146972656,0.0068100071512162685
FILM,medium,152,38.94599832823526,0.9926432371139526,0.007139873690903187
FILM,medium,153,40.10066909562549,0.9938904643058777,0.005382934585213661
FILM,medium,154,40.49746275594881,0.9942344427108765,0.0050844415090978146
FILM,medium,155,39.8027116905388,0.9939092397689819,0.005540899001061916
FILM,medium,156,38.85142645390897,0.9932143092155457,0.006329772993922234
FILM,medium,157,38.30394912503052,0.9916836023330688,0.0063397702760994434
FILM,medium,158,35.93367152880403,0.9897653460502625,0.007067040074616671
FILM,medium,159,36.627009339047106,0.988659143447876,0.006842123344540596
FILM,medium,160,43.447533725675825,0.9971944093704224,0.0017718293238431215
FILM,medium,161,44.76785228882343,0.9975742101669312,0.0016198133816942573
FILM,medium,162,45.275088105483945,0.9976749420166016,0.002049233065918088
FILM,medium,163,45.086131354363204,0.9976028203964233,0.0016568643040955067
FILM,medium,164,45.64658684339613,0.9975982308387756,0.00200097169727087
FILM,medium,165,45.548591064494836,0.9976475834846497,0.0017242009053006768
FILM,medium,166,44.63184018558998,0.997256875038147,0.002476288238540292
FILM,medium,167,46.02487938255692,0.9975139498710632,0.0017999899573624134
FILM,medium,168,45.128573397897284,0.9975488781929016,0.001884895609691739
FILM,medium,169,44.83584317176164,0.9976564049720764,0.0017773360013961792
FILM,medium,170,40.1130801864728,0.9835719466209412,0.008971549570560455
FILM,medium,171,36.78420504429209,0.9681572318077087,0.0215904600918293
FILM,medium,172,41.55392778815549,0.9848793148994446,0.009104395285248756
FILM,medium,173,41.75513849019027,0.9838031530380249,0.008961806073784828
FILM,medium,174,35.32133675279973,0.957183301448822,0.03153621777892113
FILM,medium,175,36.407044432868055,0.9667849540710449,0.01990826427936554
FILM,medium,176,39.5234204052757,0.9782031774520874,0.011837880127131939
FILM,medium,177,39.82565694322483,0.9795573353767395,0.011213874444365501
FILM,medium,178,39.307883953823065,0.9833294153213501,0.009381835348904133
FILM,medium,179,41.07804671554472,0.9859816431999207,0.007461564615368843
FILM,medium,180,48.29446573906314,0.9936245083808899,0.006366098299622536
FILM,medium,181,48.24350890079782,0.993765115737915,0.0062423087656497955
FILM,medium,182,48.67061370076744,0.9942753314971924,0.007182080298662186
FILM,medium,183,46.80615500331936,0.9934167265892029,0.007266384083777666
FILM,medium,184,40.15274002045039,0.9865989685058594,0.016231557354331017
FILM,medium,185,36.024641213418086,0.9813458919525146,0.0329187847673893
FILM,medium,186,33.02107246087732,0.9784792065620422,0.04574190080165863
FILM,medium,187,40.49626950121471,0.9888084530830383,0.018377333879470825
FILM,medium,188,41.70784121741384,0.9891536235809326,0.01741010509431362
FILM,medium,189,45.749735083918885,0.9916545152664185,0.012898042798042297
FILM,medium,190,36.88135655813006,0.9768115282058716,0.015882287174463272
FILM,medium,191,39.4142523886621,0.9843317866325378,0.011768911965191364
FILM,medium,192,40.033730697022236,0.987652599811554,0.009672679007053375
FILM,medium,193,37.46656501232535,0.9783019423484802,0.013887183740735054
FILM,medium,194,38.53008035982132,0.9818200469017029,0.012271198444068432
FILM,medium,195,37.701804694099565,0.9796501398086548,0.012651273980736732
FILM,medium,196,36.23203935038937,0.9703978896141052,0.0188512671738863
FILM,medium,197,33.95814251731201,0.9604493379592896,0.020181823521852493
FILM,medium,198,37.806741083811644,0.9802762866020203,0.014266273938119411
FILM,medium,199,33.362295042854385,0.9592151641845703,0.02006126195192337
FILM,medium,200,32.99059131938057,0.9580279588699341,0.01651506870985031
FILM,medium,201,33.856919143922575,0.9580748677253723,0.016616091132164
FILM,medium,202,32.1848899860988,0.9451616406440735,0.020756907761096954
FILM,medium,203,33.3739405317549,0.9448764324188232,0.025818441063165665
FILM,medium,204,31.70860618417697,0.9386563301086426,0.023356739431619644
FILM,medium,205,32.218740089889664,0.9431345462799072,0.022750817239284515
FILM,medium,206,32.80657687363949,0.9418826103210449,0.02169972099363804
FILM,medium,207,32.74477491324742,0.9462918639183044,0.019969768822193146
FILM,medium,208,31.031261366387884,0.9115199446678162,0.028260165825486183
FILM,medium,209,32.59486720507609,0.9423902630805969,0.021835288032889366
FILM,medium,210,42.64794412107882,0.9849178791046143,0.019958483055233955
FILM,medium,211,41.744643141814464,0.9832267761230469,0.021025612950325012
FILM,medium,212,40.68425281209218,0.980576753616333,0.0217928197234869
FILM,medium,213,41.28889112834882,0.9825939536094666,0.021258804947137833
FILM,medium,214,42.57528628422178,0.9847372770309448,0.019752193242311478
FILM,medium,215,41.66606741676571,0.9830004572868347,0.02426709607243538
FILM,medium,216,41.46646296316856,0.9821126461029053,0.02231469750404358
FILM,medium,217,41.15914763253183,0.9823961853981018,0.019858090206980705
FILM,medium,218,41.61436896770362,0.9828854203224182,0.020900193601846695
FILM,medium,219,41.68446841084381,0.9825836420059204,0.02574745938181877
FILM,medium,220,31.675371145442192,0.9767969846725464,0.00989307090640068
FILM,medium,221,24.11987915987811,0.9321089386940002,0.023689359426498413
FILM,medium,222,28.781994471809455,0.9630237817764282,0.015812305733561516
FILM,medium,223,28.948871929216043,0.9460356831550598,0.02073889598250389
FILM,medium,224,28.361757506487578,0.943352997303009,0.022992923855781555
FILM,medium,225,27.624411933054095,0.9402085542678833,0.03208243101835251
FILM,medium,226,26.234167195396218,0.9102861881256104,0.04419787973165512
FILM,medium,227,29.533124197680948,0.9469899535179138,0.03557015582919121
FILM,medium,228,31.199310737758626,0.965951144695282,0.014411913231015205
FILM,medium,229,32.74568483158028,0.9768379926681519,0.010921157896518707
FILM,medium,230,38.99420001913802,0.9888358116149902,0.006151442416012287
FILM,medium,231,39.85372874451555,0.9897010326385498,0.005608628038316965
FILM,medium,232,37.87044372476436,0.9878309369087219,0.0070741805247962475
FILM,medium,233,40.90833959479684,0.9926282167434692,0.005473333410918713
FILM,medium,234,40.88636084999958,0.9939901828765869,0.003945574164390564
FILM,medium,235,44.43899457736322,0.9960949420928955,0.002602537162601948
FILM,medium,236,43.27576545725425,0.9948550462722778,0.004172257147729397
FILM,medium,237,42.00939923701104,0.9938286542892456,0.003624253673478961
FILM,medium,238,40.89496799263402,0.9942100048065186,0.003228316316381097
FILM,medium,239,38.72172038044172,0.991605281829834,0.005889358464628458
FILM,medium,240,37.204117743593315,0.9793091416358948,0.018369589000940323
FILM,medium,241,36.71496318749786,0.9834507703781128,0.013817469589412212
FILM,medium,242,42.96931508933511,0.988804817199707,0.012150770984590054
FILM,medium,243,44.14244736331842,0.9901208281517029,0.010567279532551765
FILM,medium,244,39.32669899568069,0.9887357354164124,0.011477936990559101
FILM,medium,245,35.699346904405836,0.9811758399009705,0.013847190886735916
FILM,medium,246,36.859781927632255,0.9799692630767822,0.014967742376029491
FILM,medium,247,38.351564066160584,0.9903989434242249,0.008333757519721985
FILM,medium,248,38.203305174689106,0.9895728230476379,0.00653412751853466
FILM,medium,249,43.69779848939153,0.9915896058082581,0.008214897476136684
FILM,medium,250,35.8117932072621,0.9803683757781982,0.008711663074791431
FILM,medium,251,31.32960535590678,0.9553544521331787,0.01846158318221569
FILM,medium,252,31.652959002550986,0.9556995034217834,0.018868230283260345
FILM,medium,253,34.47103749634502,0.9775431156158447,0.013416875153779984
FILM,medium,254,33.27379015979008,0.9687734842300415,0.014314776286482811
FILM,medium,255,37.95637138797685,0.991145133972168,0.005005617626011372
FILM,medium,256,35.4992542628259,0.9810335040092468,0.0089009003713727
FILM,medium,257,36.32265626681186,0.9818757176399231,0.009993307292461395
FILM,medium,258,27.2292813368588,0.873380184173584,0.04136676713824272
FILM,medium,259,31.002023938080562,0.9543677568435669,0.03546500205993652
FILM,medium,260,34.69947800663416,0.9806441068649292,0.011959103867411613
FILM,medium,261,35.758368698233184,0.9842726588249207,0.009542431682348251
FILM,medium,262,31.51689479710179,0.9695628881454468,0.01813557744026184
FILM,medium,263,31.204072339046647,0.9694388508796692,0.017456291243433952
FILM,medium,264,28.562871469942777,0.9729949831962585,0.01356786210089922
FILM,medium,265,32.33961724690711,0.9745535850524902,0.01368136890232563
FILM,medium,266,33.33998933884869,0.9776237607002258,0.01007859781384468
FILM,medium,267,31.97751123825276,0.9690017104148865,0.014169691130518913
FILM,medium,268,31.689869604747784,0.9762463569641113,0.01287518534809351
FILM,medium,269,33.38696775883002,0.9809239506721497,0.01039267797023058
FILM,medium,270,33.13458144151508,0.9846227765083313,0.011033670976758003
FILM,medium,271,36.35082087938352,0.9822983145713806,0.010035650804638863
FILM,medium,272,36.33355520836091,0.9826659560203552,0.011163336224853992
FILM,medium,273,36.903019387068824,0.9828400015830994,0.015795046463608742
FILM,medium,274,34.20017626782982,0.9792031645774841,0.014794180169701576
FILM,medium,275,35.49467857036991,0.977134108543396,0.012373038567602634
FILM,medium,276,36.024028928812726,0.9796745777130127,0.017016032710671425
FILM,medium,277,38.76278643100166,0.9897753596305847,0.006643433123826981
FILM,medium,278,37.09913049564923,0.9820389747619629,0.012670538388192654
FILM,medium,279,40.3837824606909,0.9882665276527405,0.008559062145650387
FILM,medium,280,30.9095336569957,0.9100114107131958,0.030513187870383263
FILM,medium,281,32.06658234155361,0.9493070244789124,0.02186492830514908
FILM,medium,282,32.07650304413161,0.9391173124313354,0.021980108693242073
FILM,medium,283,30.673891412062485,0.9242578744888306,0.027302071452140808
FILM,medium,284,31.634409266084656,0.9397876858711243,0.023828202858567238
FILM,medium,285,31.65097542152521,0.9412335753440857,0.026748202741146088
FILM,medium,286,32.41275007901909,0.9463514685630798,0.022116176784038544
FILM,medium,287,31.673096366226638,0.949324905872345,0.022998787462711334
FILM,medium,288,32.604732979368926,0.9511709213256836,0.021170426160097122
FILM,medium,289,31.76168170043892,0.929349422454834,0.03316831588745117
FILM,medium,290,34.34182020108779,0.9774983525276184,0.016372619196772575
FILM,medium,291,33.54151234098317,0.9750282764434814,0.01629543863236904
FILM,medium,292,28.812837210609878,0.9660931825637817,0.024996716529130936
FILM,medium,293,30.789617860681254,0.9621263742446899,0.023925166577100754
FILM,medium,294,37.31095906487187,0.9854506850242615,0.008729785680770874
FILM,medium,295,37.41260862416087,0.9832367897033691,0.01674708165228367
FILM,medium,296,37.9262851926092,0.986681342124939,0.00825925450772047
FILM,medium,297,36.839328739598386,0.9853731989860535,0.009587392210960388
FILM,medium,298,34.460442957487956,0.9777618646621704,0.014729848131537437
FILM,medium,299,34.928735902764245,0.9794148802757263,0.014653369784355164
FILM,medium,300,46.86710451511098,0.991601288318634,0.02141682431101799
FILM,medium,301,36.82498828840619,0.978270411491394,0.020281754434108734
FILM,medium,302,36.97468938453221,0.9792059063911438,0.026090942323207855
FILM,medium,303,38.362740202479735,0.9832730889320374,0.016855178400874138
FILM,medium,304,39.07326793281009,0.9838079810142517,0.02453095093369484
FILM,medium,305,40.273326151381596,0.9867067933082581,0.015133922919631004
FILM,medium,306,40.14055531599149,0.9858691096305847,0.022191831842064857
FILM,medium,307,41.7638750184204,0.989814817905426,0.016022365540266037
FILM,medium,308,42.52070846303659,0.9893532991409302,0.01974424347281456
FILM,medium,309,43.97133057749096,0.9905834794044495,0.01880676858127117
FILM,hard,0,31.439832374470946,0.9348439574241638,0.036786872893571854
FILM,hard,1,25.174413765059867,0.8093811273574829,0.061660557985305786
FILM,hard,2,30.66217762634676,0.9308440089225769,0.03728356584906578
FILM,hard,3,29.509880406261992,0.9108258485794067,0.041999053210020065
FILM,hard,4,28.86688426318348,0.9051222205162048,0.03883691877126694
FILM,hard,5,34.63615901723664,0.9620238542556763,0.02345285937190056
FILM,hard,6,20.466101558872744,0.5907366871833801,0.10220830142498016
FILM,hard,7,21.8375366408036,0.6769092679023743,0.0762895718216896
FILM,hard,8,20.789038791224847,0.631331205368042,0.08283694088459015
FILM,hard,9,29.78989682343123,0.9221815466880798,0.03429199010133743
FILM,hard,10,30.36003686601604,0.9307684302330017,0.05631338804960251
FILM,hard,11,30.3319001511931,0.9343657493591309,0.03912218660116196
FILM,hard,12,31.896626010900633,0.9528188109397888,0.03237217664718628
FILM,hard,13,29.286926756237865,0.929766058921814,0.04090460389852524
FILM,hard,14,31.48868426453668,0.9419354796409607,0.03859347850084305
FILM,hard,15,32.02430864880804,0.9475146532058716,0.03496889770030975
FILM,hard,16,30.418698654394678,0.940819501876831,0.03697148710489273
FILM,hard,17,31.47273172617304,0.9391229152679443,0.039947375655174255
FILM,hard,18,29.660816312467823,0.9298401474952698,0.0439336784183979
FILM,hard,19,27.485400667387246,0.9023649096488953,0.050195805728435516
FILM,hard,20,31.26343800295914,0.9200502634048462,0.05615336447954178
FILM,hard,21,33.10057916727965,0.93410325050354,0.05062423273921013
FILM,hard,22,28.95430333538776,0.8870918154716492,0.06839647889137268
FILM,hard,23,35.30901608619469,0.9453076124191284,0.05768939480185509
FILM,hard,24,31.039788567400226,0.9209975600242615,0.06799229234457016
FILM,hard,25,31.542082167642974,0.9193730354309082,0.07803327590227127
FILM,hard,26,34.48693281662128,0.9491386413574219,0.055114082992076874
FILM,hard,27,31.7996793815123,0.9397032260894775,0.05729793757200241
FILM,hard,28,32.75973496917121,0.946394681930542,0.04651426151394844
FILM,hard,29,34.49599643879009,0.9602974653244019,0.037084970623254776
FILM,hard,30,28.485721492836934,0.913639485836029,0.048062071204185486
FILM,hard,31,29.338000682686264,0.9273804426193237,0.03749481961131096
FILM,hard,32,31.040949774483035,0.9458784461021423,0.028976012021303177
FILM,hard,33,30.71140606177808,0.9467663168907166,0.026796046644449234
FILM,hard,34,31.82364494947617,0.9590945243835449,0.02317865937948227
FILM,hard,35,27.96064258441575,0.9170981645584106,0.03272153437137604
FILM,hard,36,33.23569739783801,0.9693068265914917,0.01709706149995327
FILM,hard,37,28.297650403265123,0.9223712086677551,0.03107212856411934
FILM,hard,38,29.04176624211715,0.9344974160194397,0.027645504102110863
FILM,hard,39,34.67988353573452,0.9759445786476135,0.012869060039520264
FILM,hard,40,27.745920835973983,0.8372599482536316,0.05319727212190628
FILM,hard,41,25.427480626122644,0.7432307004928589,0.05892164260149002
FILM,hard,42,23.50923273724167,0.643115758895874,0.08443546295166016
FILM,hard,43,25.340220913227924,0.7438560128211975,0.0670122504234314
FILM,hard,44,28.934745426253386,0.8845171332359314,0.04316776990890503
FILM,hard,45,29.815518691791016,0.9032459855079651,0.0434836819767952
FILM,hard,46,28.393271289285696,0.8862883448600769,0.051308296620845795
FILM,hard,47,30.001812189539162,0.9179766774177551,0.04272674769163132
FILM,hard,48,34.16431692010874,0.9572024345397949,0.031475383788347244
FILM,hard,49,24.39656097702136,0.7591143846511841,0.06975606828927994
FILM,hard,50,19.562756873440932,0.518928050994873,0.10643140226602554
FILM,hard,51,22.28015054681493,0.6717158555984497,0.08565952628850937
FILM,hard,52,21.368041401586282,0.6261848211288452,0.08205950260162354
FILM,hard,53,21.283598578250007,0.6050595641136169,0.08754313737154007
FILM,hard,54,29.99622925909541,0.9273316264152527,0.03716861829161644
FILM,hard,55,25.314169605653667,0.8238974809646606,0.056193023920059204
FILM,hard,56,28.64079118587115,0.9027681946754456,0.04154451936483383
FILM,hard,57,25.18747897370725,0.83096843957901,0.057112064212560654
FILM,hard,58,20.44432517066374,0.574683427810669,0.08890637755393982
FILM,hard,59,30.535035087797787,0.9266453385353088,0.03887099027633667
FILM,hard,60,27.33917601441656,0.895022988319397,0.050115883350372314
FILM,hard,61,22.51749769826541,0.7282577157020569,0.07714637368917465
FILM,hard,62,17.423093809572116,0.3976491093635559,0.16160443425178528
FILM,hard,63,26.868569900758168,0.8778506517410278,0.05407799035310745
FILM,hard,64,25.32217326477323,0.8368366360664368,0.05958496034145355
FILM,hard,65,18.74362136382072,0.4794917702674866,0.13444072008132935
FILM,hard,66,24.777617569596913,0.8291216492652893,0.0597141832113266
FILM,hard,67,27.20374281783483,0.8940570950508118,0.0459560826420784
FILM,hard,68,16.61617945382837,0.4244770407676697,0.15755072236061096
FILM,hard,69,21.712710009260256,0.684481143951416,0.07380560040473938
FILM,hard,70,25.185308718558073,0.900931715965271,0.042636074125766754
FILM,hard,71,27.64387772113659,0.9191410541534424,0.0430154874920845
FILM,hard,72,18.73997309158737,0.5459135174751282,0.09539304673671722
FILM,hard,73,29.764213564267127,0.9374161958694458,0.036828406155109406
FILM,hard,74,27.258070578894543,0.9029350876808167,0.0410713367164135
FILM,hard,75,25.260757686221112,0.8188275098800659,0.05284495651721954
FILM,hard,76,24.970649208958985,0.7839434742927551,0.06848683953285217
FILM,hard,77,22.555622430659213,0.6884598135948181,0.07019896060228348
FILM,hard,78,22.07141844451739,0.703342854976654,0.0742994099855423
FILM,hard,79,26.77817076266351,0.9039374589920044,0.04080772399902344
FILM,hard,80,32.00983008656402,0.9395207762718201,0.030739478766918182
FILM,hard,81,25.688813340757484,0.799551784992218,0.0641888976097107
FILM,hard,82,28.778366422209906,0.885287880897522,0.05161028727889061
FILM,hard,83,22.44928358516534,0.6226755380630493,0.0866166353225708
FILM,hard,84,17.750235363929413,0.4015314280986786,0.17032328248023987
FILM,hard,85,19.519306475170005,0.4785451889038086,0.10718414187431335
FILM,hard,86,28.5146535697034,0.8881899118423462,0.040050800889730453
FILM,hard,87,24.59462032745316,0.7710585594177246,0.060624971985816956
FILM,hard,88,31.074768000333968,0.932323157787323,0.03619536757469177
FILM,hard,89,26.29332321599898,0.8399772047996521,0.05568895488977432
FILM,hard,90,31.85384332416084,0.9597728848457336,0.029308952391147614
FILM,hard,91,32.41914517361918,0.952468991279602,0.038349952548742294
FILM,hard,92,31.241813190654497,0.9410396814346313,0.04517653211951256
FILM,hard,93,19.55308386500859,0.5563291907310486,0.11240190267562866
FILM,hard,94,25.270009670824628,0.8218351006507874,0.06561273336410522
FILM,hard,95,25.216158409865564,0.7916150093078613,0.06906289607286453
FILM,hard,96,29.60383711224074,0.9166833162307739,0.04673818126320839
FILM,hard,97,34.814192920440824,0.9623482823371887,0.038167282938957214
FILM,hard,98,24.446460930585342,0.739584743976593,0.07824444025754929
FILM,hard,99,19.148820778883703,0.4467816948890686,0.12903127074241638
FILM,hard,100,19.176384273193626,0.6907609701156616,0.11562861502170563
FILM,hard,101,23.54314390222848,0.8425515294075012,0.0624174065887928
FILM,hard,102,32.2644403604965,0.9602434039115906,0.026723001152276993
FILM,hard,103,31.04763298851987,0.951390266418457,0.034862175583839417
FILM,hard,104,30.168101115959026,0.9433056712150574,0.03514210879802704
FILM,hard,105,25.36694367600646,0.8772285580635071,0.048814233392477036
FILM,hard,106,30.126697215583146,0.9500294923782349,0.03210039436817169
FILM,hard,107,35.376987333805914,0.9702844619750977,0.025362765416502953
FILM,hard,108,24.462234960070464,0.8454253673553467,0.06615766882896423
FILM,hard,109,21.24298567614536,0.7828345894813538,0.0881618782877922
FILM,hard,110,24.067181066662492,0.8447254300117493,0.1325051486492157
FILM,hard,111,25.06526404426625,0.8311178088188171,0.10931809991598129
FILM,hard,112,22.05616755303669,0.7383741140365601,0.2387543022632599
FILM,hard,113,25.198020893677317,0.8131905794143677,0.17426766455173492
FILM,hard,114,24.856119321234274,0.8425928950309753,0.16600097715854645
FILM,hard,115,26.751790347189942,0.8625143766403198,0.11088164150714874
FILM,hard,116,28.027360376652126,0.9002641439437866,0.08471938222646713
FILM,hard,117,29.58767525363562,0.9083698391914368,0.06855112314224243
FILM,hard,118,27.830774366658343,0.8901074528694153,0.07780173420906067
FILM,hard,119,26.36575256328102,0.8676956295967102,0.07136416435241699
FILM,hard,120,31.74825103217873,0.9679176807403564,0.015990164130926132
FILM,hard,121,30.207599934427975,0.9605656266212463,0.027646109461784363
FILM,hard,122,32.35328919617973,0.9612827897071838,0.021075796335935593
FILM,hard,123,31.28704670330631,0.9562618732452393,0.02740190550684929
FILM,hard,124,34.145084529318865,0.9737626314163208,0.015843480825424194
FILM,hard,125,32.97151306556446,0.9766027331352234,0.014713090844452381
FILM,hard,126,30.57041030451238,0.9561852216720581,0.02869187295436859
FILM,hard,127,29.739719234926987,0.9420982599258423,0.04120491072535515
FILM,hard,128,28.189223696500004,0.9298439621925354,0.03354235738515854
FILM,hard,129,28.76365815432188,0.94612717628479,0.03503112122416496
FILM,hard,130,46.513297633340855,0.9968869686126709,0.001767149195075035
FILM,hard,131,44.34339110181226,0.9911953806877136,0.0046413191594183445
FILM,hard,132,48.0040589482152,0.9970919489860535,0.0014000673545524478
FILM,hard,133,37.42654767592826,0.9908472299575806,0.005237638019025326
FILM,hard,134,40.589111135185654,0.9919240474700928,0.00476447818800807
FILM,hard,135,30.32383154213544,0.9311828017234802,0.021428780630230904
FILM,hard,136,33.179804487217986,0.9614906311035156,0.012072705663740635
FILM,hard,137,42.08948194566116,0.9949914216995239,0.003117414191365242
FILM,hard,138,39.81172752499301,0.9908127188682556,0.0042696138843894005
FILM,hard,139,48.084210701732445,0.9976168274879456,0.0011841020314022899
FILM,hard,140,27.116142716441786,0.789864182472229,0.06330369412899017
FILM,hard,141,29.27401245389396,0.8831681609153748,0.04897693917155266
FILM,hard,142,29.016512620346692,0.8937909007072449,0.04947977885603905
FILM,hard,143,29.61160429167837,0.8838159441947937,0.05098361521959305
FILM,hard,144,30.12556203989458,0.8940687775611877,0.04170365631580353
FILM,hard,145,27.357750684062697,0.7813027501106262,0.06133703142404556
FILM,hard,146,25.23707984777699,0.6724101901054382,0.08370055258274078
FILM,hard,147,27.183369361645276,0.7568286061286926,0.07521410286426544
FILM,hard,148,27.47336927600883,0.7608157396316528,0.07256747782230377
FILM,hard,149,29.23568408117148,0.82289719581604,0.06064523756504059
FILM,hard,150,31.837252522161794,0.9772836565971375,0.017235301434993744
FILM,hard,151,31.582037608447116,0.9781949520111084,0.01949394680559635
FILM,hard,152,30.953384466168803,0.9783018231391907,0.018744001165032387
FILM,hard,153,32.43788015871827,0.9822378754615784,0.013654524460434914
FILM,hard,154,32.841523450271254,0.9829654693603516,0.012533592991530895
FILM,hard,155,32.10891413768268,0.9816550612449646,0.015149416401982307
FILM,hard,156,31.04872645583065,0.9793766140937805,0.019608862698078156
FILM,hard,157,31.246949743095286,0.9764565229415894,0.018238350749015808
FILM,hard,158,29.234629728436154,0.9724175930023193,0.019116617739200592
FILM,hard,159,30.151424989768593,0.972065269947052,0.02008196897804737
FILM,hard,160,35.20428965855497,0.9909995198249817,0.0052702827379107475
FILM,hard,161,36.54773036582362,0.99235600233078,0.0046185995452106
FILM,hard,162,37.40431598251474,0.9934989809989929,0.0036356416530907154
FILM,hard,163,38.854520180848326,0.9946701526641846,0.00373685359954834
FILM,hard,164,38.57722072518219,0.9944296479225159,0.004193339496850967
FILM,hard,165,38.939700319684526,0.9945911169052124,0.0044174110516905785
FILM,hard,166,38.36979663721688,0.9942324757575989,0.004382380750030279
FILM,hard,167,38.03872686474132,0.9942232370376587,0.004916915204375982
FILM,hard,168,38.452464466708676,0.9942126870155334,0.00463772751390934
FILM,hard,169,38.39980695652598,0.9947251677513123,0.004288376308977604
FILM,hard,170,36.72490064801139,0.9713369011878967,0.013918276876211166
FILM,hard,171,34.428545104905275,0.9545509815216064,0.025925984606146812
FILM,hard,172,37.482557044695724,0.9661630392074585,0.019855834543704987
FILM,hard,173,37.88420093204091,0.9681134819984436,0.015634579584002495
FILM,hard,174,31.25525608150616,0.9309451580047607,0.04842767119407654
FILM,hard,175,32.101470226482874,0.935470700263977,0.03671659529209137
FILM,hard,176,35.143822201612494,0.9567627906799316,0.020636748522520065
FILM,hard,177,36.33918129859233,0.9626943469047546,0.019748104736208916
FILM,hard,178,33.06307715598802,0.9614219069480896,0.020259499549865723
FILM,hard,179,37.16790435862755,0.972775936126709,0.0139765664935112
FILM,hard,180,46.09078991378649,0.9911361932754517,0.010000215843319893
FILM,hard,181,46.15278011482535,0.9913485050201416,0.009886292740702629
FILM,hard,182,45.564165235551116,0.9908024668693542,0.011347528547048569
FILM,hard,183,42.21949994782093,0.9863768815994263,0.011988715268671513
FILM,hard,184,37.98748565962343,0.983215868473053,0.021191027015447617
FILM,hard,185,34.61928395871731,0.9770557284355164,0.04342770203948021
FILM,hard,186,32.17507383377319,0.9732292890548706,0.059068065136671066
FILM,hard,187,35.878925458702525,0.9830176830291748,0.03651867061853409
FILM,hard,188,36.610955792337,0.9825959205627441,0.03521578013896942
FILM,hard,189,40.6091659575912,0.9877908825874329,0.019213883206248283
FILM,hard,190,31.519865027256294,0.9321513772010803,0.029032191261649132
FILM,hard,191,36.56230928491092,0.9728108048439026,0.01709814928472042
FILM,hard,192,31.167520834582838,0.9250586628913879,0.030167482793331146
FILM,hard,193,32.5714079768581,0.9430130124092102,0.025292417034506798
FILM,hard,194,33.10629732161119,0.9478353261947632,0.023806696757674217
FILM,hard,195,29.670068308161873,0.9030415415763855,0.03162331506609917
FILM,hard,196,36.75705342275425,0.9702456593513489,0.018064972013235092
FILM,hard,197,26.55674611671025,0.8200702667236328,0.041579846292734146
FILM,hard,198,28.921561920006194,0.8883781433105469,0.036337435245513916
FILM,hard,199,28.54837058083976,0.8868535161018372,0.035442061722278595
FILM,hard,200,27.5894926798526,0.9028261303901672,0.037655822932720184
FILM,hard,201,27.387106097151705,0.8929980397224426,0.03995675593614578
FILM,hard,202,26.23123753103379,0.8595876097679138,0.0478009432554245
FILM,hard,203,27.530961260936987,0.8711791634559631,0.0514402762055397
FILM,hard,204,25.180386440791395,0.7903621792793274,0.05777611583471298
FILM,hard,205,24.996445123986888,0.8111051917076111,0.06768397241830826
FILM,hard,206,26.845016099143606,0.843861997127533,0.05795685946941376
FILM,hard,207,25.865957854426966,0.8144452571868896,0.0577390231192112
FILM,hard,208,23.46993562969566,0.6235624551773071,0.08097991347312927
FILM,hard,209,25.521340918727944,0.8113077878952026,0.06062740832567215
FILM,hard,210,37.21483808953033,0.9686675667762756,0.03693060949444771
FILM,hard,211,36.91332975790739,0.9676084518432617,0.03600672632455826
FILM,hard,212,36.45586156652473,0.9662109017372131,0.037394024431705475
FILM,hard,213,35.99852693121115,0.9606828093528748,0.03875844180583954
FILM,hard,214,38.17824601453176,0.9702787399291992,0.031567417085170746
FILM,hard,215,36.233465337841054,0.9618997573852539,0.03650790452957153
FILM,hard,216,37.58963344414423,0.9690191149711609,0.035249024629592896
FILM,hard,217,36.93341998786083,0.964174211025238,0.037195686250925064
FILM,hard,218,38.576569957121464,0.9713777899742126,0.030880045145750046
FILM,hard,219,37.94741821202271,0.9682216644287109,0.03268369659781456
FILM,hard,220,29.222492810150417,0.9634120464324951,0.014924949035048485
FILM,hard,221,21.737825835264665,0.9092296361923218,0.05070905387401581
FILM,hard,222,27.464656955738175,0.9469478130340576,0.023364413529634476
FILM,hard,223,26.32622632256645,0.9163725972175598,0.03956169635057449
FILM,hard,224,29.07003944601879,0.9403167963027954,0.032541628926992416
FILM,hard,225,25.741740225741548,0.922853410243988,0.052469659596681595
FILM,hard,226,24.403039412681203,0.8856513500213623,0.08055561035871506
FILM,hard,227,26.54768840995267,0.9158803224563599,0.05888192355632782
FILM,hard,228,28.503971983927194,0.9428470730781555,0.02460644394159317
FILM,hard,229,31.504540478770405,0.971405029296875,0.018479155376553535
FILM,hard,230,34.67333876981686,0.9815090298652649,0.009532531723380089
FILM,hard,231,32.684501868049495,0.9732024669647217,0.012544636614620686
FILM,hard,232,32.91710272710641,0.9711280465126038,0.015146574005484581
FILM,hard,233,35.30241907502491,0.9772487878799438,0.020154861733317375
FILM,hard,234,34.54238892368041,0.9829875826835632,0.010602403432130814
FILM,hard,235,38.12703502459291,0.9905765056610107,0.005822466686367989
FILM,hard,236,38.73883389944807,0.990271270275116,0.005874388385564089
FILM,hard,237,36.764181592278675,0.984184205532074,0.008675884455442429
FILM,hard,238,35.07953447831801,0.984139621257782,0.008032355457544327
FILM,hard,239,32.34695599104218,0.9818151593208313,0.015984579920768738
FILM,hard,240,29.921421005401434,0.9566918015480042,0.03566482663154602
FILM,hard,241,32.314020464512666,0.9737370014190674,0.03292015194892883
FILM,hard,242,35.78454819278079,0.9745945334434509,0.020967628806829453
FILM,hard,243,33.835150046612966,0.9748010635375977,0.024560552090406418
FILM,hard,244,30.17402560948035,0.9684946537017822,0.03669162839651108
FILM,hard,245,28.270117877755,0.9577062726020813,0.030985837802290916
FILM,hard,246,30.150091777701032,0.9566308856010437,0.029286973178386688
FILM,hard,247,27.73798528335057,0.9631966352462769,0.04433135315775871
FILM,hard,248,30.26472999041896,0.9632624387741089,0.018629252910614014
FILM,hard,249,34.244503157163074,0.9760984778404236,0.019191619008779526
FILM,hard,250,32.305163283114304,0.9591585397720337,0.018633609637618065
FILM,hard,251,30.929808733281774,0.9607346057891846,0.019758276641368866
FILM,hard,252,29.69475194862907,0.9488250613212585,0.025516539812088013
FILM,hard,253,30.502297941783056,0.9653298854827881,0.01946805976331234
FILM,hard,254,32.27674986357218,0.9682377576828003,0.015684228390455246
FILM,hard,255,31.44662075066868,0.9673335552215576,0.014263899065554142
FILM,hard,256,29.926491942131086,0.9401167631149292,0.022207975387573242
FILM,hard,257,30.90140407433917,0.9468046426773071,0.029049890115857124
FILM,hard,258,24.393109184120306,0.8211092948913574,0.06549251079559326
FILM,hard,259,24.518755233339057,0.8709726929664612,0.06592374294996262
FILM,hard,260,31.47389115671392,0.9638789296150208,0.0253358893096447
FILM,hard,261,32.499469761312525,0.9715275168418884,0.017482928931713104
FILM,hard,262,29.49398686721525,0.9591615200042725,0.028457388281822205
FILM,hard,263,29.46887826290765,0.9561590552330017,0.027367515489459038
FILM,hard,264,27.47743260473205,0.9544287919998169,0.03935737535357475
FILM,hard,265,29.599393690497344,0.958137571811676,0.023798901587724686
FILM,hard,266,30.965118685038,0.9698563814163208,0.01943923719227314
FILM,hard,267,29.55908357616023,0.9520201086997986,0.02198224514722824
FILM,hard,268,30.593117812976377,0.9684720635414124,0.021822990849614143
FILM,hard,269,31.937748131541518,0.9722186326980591,0.019100693985819817
FILM,hard,270,30.05622685425959,0.9657753109931946,0.018327977508306503
FILM,hard,271,29.86072553246007,0.9567658305168152,0.026220601052045822
FILM,hard,272,30.95879852682081,0.9652993679046631,0.018490757793188095
FILM,hard,273,30.05583249853728,0.9552989602088928,0.04382164776325226
FILM,hard,274,30.620900685130703,0.9636673927307129,0.028737451881170273
FILM,hard,275,29.190431291207112,0.9472320079803467,0.029724303632974625
FILM,hard,276,29.69680057046887,0.95326828956604,0.03539624065160751
FILM,hard,277,30.62198107256281,0.9693005681037903,0.019142601639032364
FILM,hard,278,30.17120815986099,0.954378068447113,0.02853035181760788
FILM,hard,279,33.461373764720584,0.9719830751419067,0.022181078791618347
FILM,hard,280,24.6540488177515,0.7456548810005188,0.08340262621641159
FILM,hard,281,25.222750878944467,0.8273423910140991,0.07045745849609375
FILM,hard,282,23.82544006714599,0.7593449950218201,0.07969330251216888
FILM,hard,283,22.25102379173748,0.681125283241272,0.0961887389421463
FILM,hard,284,23.869669714121308,0.7606062293052673,0.07478342205286026
FILM,hard,285,24.364904674769537,0.7926101684570312,0.07456979900598526
FILM,hard,286,24.62266618777506,0.7933626770973206,0.06647475808858871
FILM,hard,287,25.17016385024347,0.8492262363433838,0.06049686297774315
FILM,hard,288,26.320809140857225,0.8592222332954407,0.05500059574842453
FILM,hard,289,25.31175956292847,0.7911129593849182,0.07087308913469315
FILM,hard,290,28.575650122318986,0.9350900650024414,0.037529364228248596
FILM,hard,291,25.29806803918428,0.8644846081733704,0.05417601764202118
FILM,hard,292,24.241683348431412,0.8694236278533936,0.05967003479599953
FILM,hard,293,21.686417404541242,0.816821813583374,0.07410658895969391
FILM,hard,294,27.81849993218346,0.9570828676223755,0.03037390299141407
FILM,hard,295,28.160388093217872,0.956233561038971,0.03057258389890194
FILM,hard,296,29.18509639219859,0.9612417817115784,0.02442684769630432
FILM,hard,297,26.979187800389223,0.9455876350402832,0.04042269289493561
FILM,hard,298,25.178470265981755,0.9109309911727905,0.052672773599624634
FILM,hard,299,25.886505967811438,0.8923031687736511,0.052874937653541565
FILM,hard,300,37.9756380638394,0.9813616871833801,0.02996603399515152
FILM,hard,301,33.18299381653151,0.96587073802948,0.035086266696453094
FILM,hard,302,32.807445310147344,0.9644399285316467,0.04386141523718834
FILM,hard,303,32.37390086804206,0.9618925452232361,0.04356415569782257
FILM,hard,304,33.39598605001039,0.9671865701675415,0.04495638981461525
FILM,hard,305,33.66068460615417,0.9691699147224426,0.035997193306684494
FILM,hard,306,33.686873433053954,0.9696831703186035,0.040067195892333984
FILM,hard,307,34.64889368807136,0.9741109013557434,0.036246053874492645
FILM,hard,308,34.07468013873162,0.974225640296936,0.03678372502326965
FILM,hard,309,35.2608460542922,0.9748829007148743,0.03738034516572952
FILM,extreme,0,22.823084466615796,0.7295165657997131,0.07701720297336578
FILM,extreme,1,19.73357530949995,0.5728418827056885,0.12050174176692963
FILM,extreme,2,22.221280198265447,0.7032439112663269,0.07848426699638367
FILM,extreme,3,29.857804899341176,0.9121032357215881,0.045318927615880966
FILM,extreme,4,26.156836772608024,0.8442774415016174,0.057563960552215576
FILM,extreme,5,27.349486991661088,0.8728427290916443,0.0502554252743721
FILM,extreme,6,17.765158744950178,0.4985932409763336,0.18622222542762756
FILM,extreme,7,21.402574564992392,0.6489523649215698,0.08576036244630814
FILM,extreme,8,20.392452064473225,0.6213377714157104,0.0928567498922348
FILM,extreme,9,23.650921294541792,0.758826494216919,0.06856631487607956
FILM,extreme,10,23.918250597706443,0.8376951217651367,0.10133862495422363
FILM,extreme,11,31.322781677530216,0.937385618686676,0.04669585078954697
FILM,extreme,12,29.77152292757518,0.9274511933326721,0.04757371544837952
FILM,extreme,13,22.259810775959306,0.7647902965545654,0.08630747348070145
FILM,extreme,14,27.088906901096664,0.8932877779006958,0.06725411117076874
FILM,extreme,15,26.25070555318478,0.8715910911560059,0.05810900777578354
FILM,extreme,16,23.762312941136482,0.8086733818054199,0.07146523147821426
FILM,extreme,17,28.495052372948834,0.9048502445220947,0.05123085156083107
FILM,extreme,18,26.912801100098612,0.8887016177177429,0.06059820204973221
FILM,extreme,19,23.73228883523542,0.8215821981430054,0.07307896763086319
FILM,extreme,20,24.077704923725925,0.7963435053825378,0.10710067301988602
FILM,extreme,21,28.64433085348352,0.8931436538696289,0.08043885231018066
FILM,extreme,22,27.83345703594939,0.8702618479728699,0.08538118749856949
FILM,extreme,23,30.59674744031681,0.9080418348312378,0.07978762686252594
FILM,extreme,24,28.18807027985227,0.8755720257759094,0.08210261166095734
FILM,extreme,25,28.419777108815573,0.8779996037483215,0.09472311288118362
FILM,extreme,26,27.836772072437597,0.884017288684845,0.07252255082130432
FILM,extreme,27,28.204273807941973,0.9045510292053223,0.07302252948284149
FILM,extreme,28,28.133261478916275,0.909302830696106,0.06577625125646591
FILM,extreme,29,27.373876585854433,0.9025822877883911,0.06593887507915497
FILM,extreme,30,23.16692073499668,0.7701565027236938,0.08667080104351044
FILM,extreme,31,23.263918510336346,0.7811429500579834,0.07707081735134125
FILM,extreme,32,25.277802748303266,0.8527162671089172,0.057565316557884216
FILM,extreme,33,24.194155427097314,0.833873987197876,0.05673907697200775
FILM,extreme,34,24.43792145724219,0.8273394107818604,0.05766917020082474
FILM,extreme,35,21.200366420662526,0.6741049885749817,0.07276810705661774
FILM,extreme,36,29.617165555706315,0.9356821179389954,0.029903531074523926
FILM,extreme,37,20.818104600232555,0.652232825756073,0.07426508516073227
FILM,extreme,38,21.207443986814347,0.6776374578475952,0.07655523717403412
FILM,extreme,39,31.162178004701406,0.9507941007614136,0.02580283023416996
FILM,extreme,40,22.25970665174351,0.5700781941413879,0.10763818770647049
FILM,extreme,41,22.115406475109825,0.5714718103408813,0.09469044208526611
FILM,extreme,42,21.760299759228936,0.5442085266113281,0.11564183980226517
FILM,extreme,43,23.304996593498753,0.6592400074005127,0.09328330308198929
FILM,extreme,44,22.45773275318183,0.6279343366622925,0.09285379946231842
FILM,extreme,45,21.672660354290606,0.6116723418235779,0.10795873403549194
FILM,extreme,46,20.97614388601783,0.6209434270858765,0.1417863517999649
FILM,extreme,47,22.627690129558427,0.7137643694877625,0.12865987420082092
FILM,extreme,48,28.92714921000163,0.9134887456893921,0.05160178989171982
FILM,extreme,49,19.6297819152082,0.530915379524231,0.1549893617630005
FILM,extreme,50,16.362305010152248,0.3901221454143524,0.19892238080501556
FILM,extreme,51,17.058217178900414,0.387001633644104,0.18703942000865936
FILM,extreme,52,17.495787812704386,0.3980601727962494,0.1335114985704422
FILM,extreme,53,17.94091082939878,0.409737229347229,0.14829732477664948
FILM,extreme,54,20.57121431749036,0.5882019400596619,0.09362129122018814
FILM,extreme,55,20.320423933457125,0.5834314823150635,0.10111462324857712
FILM,extreme,56,20.246021012416374,0.5702788233757019,0.10995759814977646
FILM,extreme,57,18.84736626794269,0.4886656701564789,0.10848996043205261
FILM,extreme,58,16.50095497629534,0.3866097033023834,0.2020830661058426
FILM,extreme,59,21.36875586043816,0.6322878003120422,0.08982911705970764
FILM,extreme,60,23.24298526534461,0.7606815099716187,0.07509631663560867
FILM,extreme,61,18.14856484998165,0.46830394864082336,0.1325729638338089
FILM,extreme,62,14.297542051137814,0.30853739380836487,0.35055676102638245
FILM,extreme,63,22.13499656205701,0.6846910119056702,0.08327972143888474
FILM,extreme,64,19.008825439147255,0.48891785740852356,0.10667414963245392
FILM,extreme,65,15.370314198771254,0.342912882566452,0.23569262027740479
FILM,extreme,66,19.486574197848153,0.5241730809211731,0.09827229380607605
FILM,extreme,67,21.48428355556447,0.6727074980735779,0.08859710395336151
FILM,extreme,68,13.305074337040992,0.3102260231971741,0.36106735467910767
FILM,extreme,69,16.823521814605062,0.35238775610923767,0.13818040490150452
FILM,extreme,70,19.542292123445378,0.6865831017494202,0.07382488250732422
FILM,extreme,71,21.82800454782058,0.7651739716529846,0.07259073853492737
FILM,extreme,72,14.398381136558152,0.35133522748947144,0.2241915613412857
FILM,extreme,73,23.52439355141382,0.7775613069534302,0.07052844017744064
FILM,extreme,74,19.773369395818577,0.6267577409744263,0.08907201886177063
FILM,extreme,75,18.407450076288782,0.4158138930797577,0.10263680666685104
FILM,extreme,76,18.18637296239813,0.43429091572761536,0.14526696503162384
FILM,extreme,77,16.753105928204455,0.3748941719532013,0.1520056128501892
FILM,extreme,78,16.753027409167377,0.39370599389076233,0.15449140965938568
FILM,extreme,79,19.232470100877933,0.6063308119773865,0.096464142203331
FILM,extreme,80,28.545894560285635,0.8848419189453125,0.04489712417125702
FILM,extreme,81,21.154782149918464,0.5887346267700195,0.09781236946582794
FILM,extreme,82,21.12081463850949,0.5786731243133545,0.10551290214061737
FILM,extreme,83,17.93650687323519,0.40357083082199097,0.19308339059352875
FILM,extreme,84,15.223546108903026,0.35846883058547974,0.39331507682800293
FILM,extreme,85,16.990419344553928,0.4114170968532562,0.23331758379936218
FILM,extreme,86,24.98727402189243,0.783083975315094,0.06831401586532593
FILM,extreme,87,19.339619239886165,0.5064164400100708,0.14041852951049805
FILM,extreme,88,23.200499441679302,0.7065598964691162,0.08276820927858353
FILM,extreme,89,20.123824874400068,0.5307253003120422,0.11347086727619171
FILM,extreme,90,25.38924363555369,0.8733702301979065,0.054833732545375824
FILM,extreme,91,23.633532502782643,0.7804644107818604,0.08432042598724365
FILM,extreme,92,22.83017934483133,0.7535548210144043,0.09655581414699554
FILM,extreme,93,15.719784248001293,0.370034784078598,0.2181369662284851
FILM,extreme,94,18.409687198786877,0.46623313426971436,0.14660881459712982
FILM,extreme,95,18.97027289747235,0.46981796622276306,0.14153936505317688
FILM,extreme,96,23.610676751225846,0.7374937534332275,0.09332214295864105
FILM,extreme,97,30.188236959343087,0.9201875329017639,0.07369481027126312
FILM,extreme,98,19.733253501938147,0.5172397494316101,0.17122134566307068
FILM,extreme,99,15.912361330077271,0.3814883530139923,0.2844283878803253
FILM,extreme,100,15.599367917307266,0.6081365942955017,0.2712479531764984
FILM,extreme,101,17.935981273503845,0.6970329880714417,0.15905943512916565
FILM,extreme,102,23.36479790072292,0.8253083229064941,0.0671977773308754
FILM,extreme,103,22.374525178054668,0.8035143613815308,0.08032221347093582
FILM,extreme,104,27.574112166393327,0.9115659594535828,0.04730944335460663
FILM,extreme,105,20.331745709987572,0.749519944190979,0.10486660897731781
FILM,extreme,106,22.10059364136706,0.8118509650230408,0.07239662855863571
FILM,extreme,107,27.49429415436729,0.9079768657684326,0.04685579985380173
FILM,extreme,108,18.91158300403194,0.7141034603118896,0.1567993313074112
FILM,extreme,109,17.03436799093071,0.7043532133102417,0.21222347021102905
FILM,extreme,110,18.812676656069208,0.7177082896232605,0.28745123744010925
FILM,extreme,111,19.52171104824959,0.6518203020095825,0.24095788598060608
FILM,extreme,112,18.455773258477258,0.6081005930900574,0.3218320310115814
FILM,extreme,113,22.808032085554025,0.7296313047409058,0.23074233531951904
FILM,extreme,114,23.723243047596576,0.7996320724487305,0.1960359662771225
FILM,extreme,115,23.378536877889722,0.7461168169975281,0.1721678525209427
FILM,extreme,116,24.954296304326014,0.814936637878418,0.1345832645893097
FILM,extreme,117,25.97366482915824,0.8363255858421326,0.10477830469608307
FILM,extreme,118,23.41743440268839,0.7762860059738159,0.14969439804553986
FILM,extreme,119,22.15921050625665,0.7387221455574036,0.14733636379241943
FILM,extreme,120,26.982748044709485,0.9436777234077454,0.026981834322214127
FILM,extreme,121,28.74886345473516,0.9506842494010925,0.055541060864925385
FILM,extreme,122,29.713606380098675,0.9418758749961853,0.03076111525297165
FILM,extreme,123,26.50043682396259,0.9175984263420105,0.044222306460142136
FILM,extreme,124,29.318130351562274,0.9405604004859924,0.03317350894212723
FILM,extreme,125,27.519491383039938,0.9310734272003174,0.03506704792380333
FILM,extreme,126,26.094377699337393,0.907267153263092,0.0526568703353405
FILM,extreme,127,25.723377080226943,0.9007382392883301,0.06463862210512161
FILM,extreme,128,25.37592628245929,0.8989030122756958,0.05503058061003685
FILM,extreme,129,27.405271138057792,0.9262357950210571,0.043877191841602325
FILM,extreme,130,44.443519021126434,0.9948623180389404,0.0031868238002061844
FILM,extreme,131,43.692496168814884,0.9901126027107239,0.004995427560061216
FILM,extreme,132,39.95957547967193,0.9926009774208069,0.003353527979925275
FILM,extreme,133,29.47930367274131,0.9670925140380859,0.021813681349158287
FILM,extreme,134,34.471259021792314,0.9804284572601318,0.013883514329791069
FILM,extreme,135,30.934425062714638,0.9568006992340088,0.025297341868281364
FILM,extreme,136,32.47768376045657,0.9584915041923523,0.016735076904296875
FILM,extreme,137,39.90571738788378,0.9913967251777649,0.0051478128880262375
FILM,extreme,138,37.711616383886295,0.9872463345527649,0.006209685001522303
FILM,extreme,139,43.176842604966225,0.9953479766845703,0.002281039021909237
FILM,extreme,140,22.540868949097135,0.6735954880714417,0.13815923035144806
FILM,extreme,141,22.8752249111252,0.7320669889450073,0.13853523135185242
FILM,extreme,142,22.675749212021465,0.7218584418296814,0.1258133053779602
FILM,extreme,143,21.2707584021215,0.6059237122535706,0.15228858590126038
FILM,extreme,144,21.183876719092783,0.6294627785682678,0.13047480583190918
FILM,extreme,145,21.807893907405102,0.5750120282173157,0.14455349743366241
FILM,extreme,146,20.324788784583117,0.5482844710350037,0.1901119351387024
FILM,extreme,147,21.87827068762324,0.5930073857307434,0.19329410791397095
FILM,extreme,148,22.743212657655924,0.5987464785575867,0.16031301021575928
FILM,extreme,149,22.892550240698817,0.5997710227966309,0.14984911680221558
FILM,extreme,150,24.90493649434161,0.9539299011230469,0.0457875058054924
FILM,extreme,151,24.749701779132906,0.9513530135154724,0.05119302123785019
FILM,extreme,152,23.045746303673262,0.9454593062400818,0.06013883277773857
FILM,extreme,153,24.47367933941592,0.9555842876434326,0.04925537109375
FILM,extreme,154,25.552043893807316,0.9576761722564697,0.039667099714279175
FILM,extreme,155,25.835333884829357,0.9597641229629517,0.04609987512230873
FILM,extreme,156,23.758011191381208,0.952961802482605,0.0562976598739624
FILM,extreme,157,22.994048225399915,0.9479156136512756,0.05719858407974243
FILM,extreme,158,23.819528846946888,0.9477086663246155,0.05503396689891815
FILM,extreme,159,24.473578781628458,0.9468376040458679,0.05135705694556236
FILM,extreme,160,28.636980300206744,0.9786956310272217,0.01510060578584671
FILM,extreme,161,29.109008956695224,0.9796193242073059,0.014331607148051262
FILM,extreme,162,29.638058483980764,0.9810775518417358,0.012768140062689781
FILM,extreme,163,30.323804578312952,0.9818834066390991,0.012391352094709873
FILM,extreme,164,30.391850725626135,0.981957197189331,0.01198449358344078
FILM,extreme,165,30.41664332206715,0.981947660446167,0.01330704614520073
FILM,extreme,166,30.162928956309557,0.9812411665916443,0.01275879517197609
FILM,extreme,167,30.416985578023557,0.9818766713142395,0.014417312107980251
FILM,extreme,168,30.133266864216385,0.9807624816894531,0.015455435030162334
FILM,extreme,169,30.36962093047558,0.9818743467330933,0.013454543426632881
FILM,extreme,170,31.863542003382662,0.9404698014259338,0.02601493149995804
FILM,extreme,171,31.87846267462483,0.9197771549224854,0.042214635759592056
FILM,extreme,172,32.62509829419763,0.9226348996162415,0.03237619623541832
FILM,extreme,173,33.997622379888355,0.9350865483283997,0.029217541217803955
FILM,extreme,174,27.119564671649414,0.875974714756012,0.0839681327342987
FILM,extreme,175,28.02271354797805,0.8934999704360962,0.06964503228664398
FILM,extreme,176,29.798929570405225,0.9098219871520996,0.0479879230260849
FILM,extreme,177,31.0229169163433,0.909125804901123,0.04876038432121277
FILM,extreme,178,26.907305481293925,0.9162904620170593,0.051831766963005066
FILM,extreme,179,31.3984645472391,0.9339906573295593,0.02743062749505043
FILM,extreme,180,42.415416000572144,0.9850287437438965,0.014608054421842098
FILM,extreme,181,40.32839519703589,0.9813595414161682,0.015709463506937027
FILM,extreme,182,40.28181163696563,0.9804044365882874,0.01824168488383293
FILM,extreme,183,36.0416496179428,0.9624961614608765,0.022190194576978683
FILM,extreme,184,36.1288992400294,0.9723975658416748,0.030094878748059273
FILM,extreme,185,32.42525363925342,0.9677487015724182,0.056720927357673645
FILM,extreme,186,29.73393756172871,0.9638121128082275,0.07993577420711517
FILM,extreme,187,32.301833070184664,0.974118709564209,0.05911837890744209
FILM,extreme,188,30.911069607362375,0.9681588411331177,0.0646306499838829
FILM,extreme,189,35.009768182797444,0.9746145606040955,0.03936247527599335
FILM,extreme,190,23.766867852871535,0.7027631402015686,0.05850391834974289
FILM,extreme,191,28.190912061828215,0.8680034875869751,0.04252559691667557
FILM,extreme,192,25.29473393701547,0.7644604444503784,0.05523964762687683
FILM,extreme,193,25.831459844636942,0.7869157791137695,0.049747124314308167
FILM,extreme,194,24.14777817031879,0.7120088934898376,0.057606592774391174
FILM,extreme,195,23.626246844787183,0.6934557557106018,0.05871085822582245
FILM,extreme,196,26.455304228631565,0.8230633735656738,0.04624273255467415
FILM,extreme,197,22.30093433746111,0.6259980201721191,0.06774133443832397
FILM,extreme,198,21.685918855906145,0.6149635314941406,0.07135916501283646
FILM,extreme,199,25.39741676710897,0.7743194699287415,0.049021199345588684
FILM,extreme,200,22.414571527771475,0.7648094892501831,0.10219144821166992
FILM,extreme,201,22.375021336188684,0.7331579327583313,0.1042022854089737
FILM,extreme,202,21.377141656572118,0.6875386238098145,0.12294663488864899
FILM,extreme,203,21.769214947723373,0.7087268233299255,0.125187486410141
FILM,extreme,204,21.14865968757924,0.6302785873413086,0.13500431180000305
FILM,extreme,205,20.025349561151685,0.5294021368026733,0.1719052642583847
FILM,extreme,206,20.785472213441448,0.6016360521316528,0.18498528003692627
FILM,extreme,207,20.339546888536574,0.5658766031265259,0.16680771112442017
FILM,extreme,208,19.083132788124015,0.47375163435935974,0.21419407427310944
FILM,extreme,209,20.012551069199368,0.5464349389076233,0.17978732287883759
FILM,extreme,210,33.03493791818441,0.9397633671760559,0.06266364455223083
FILM,extreme,211,32.21620517198422,0.9319354295730591,0.06470045447349548
FILM,extreme,212,31.526982763677786,0.9319157004356384,0.06968087702989578
FILM,extreme,213,32.14580089066051,0.9304379224777222,0.06806885451078415
FILM,extreme,214,33.019881041219136,0.9388161301612854,0.06487403064966202
FILM,extreme,215,32.23432155947019,0.9339210391044617,0.061953552067279816
FILM,extreme,216,32.748614227110664,0.9389424324035645,0.06102816388010979
FILM,extreme,217,33.17877711169998,0.9353752732276917,0.06069021672010422
FILM,extreme,218,34.11747265012032,0.9463322162628174,0.05336121469736099
FILM,extreme,219,32.37407554003299,0.9191851019859314,0.06436315178871155
FILM,extreme,220,23.77866370615039,0.9279126524925232,0.03689908981323242
FILM,extreme,221,20.243024894962627,0.8759384751319885,0.07752231508493423
FILM,extreme,222,20.784069851653193,0.8722127079963684,0.0677342563867569
FILM,extreme,223,21.53502317414739,0.8372403979301453,0.09030415117740631
FILM,extreme,224,21.95874944550855,0.8404991626739502,0.09691498428583145
FILM,extreme,225,21.197802303015514,0.8318955898284912,0.12035217881202698
FILM,extreme,226,21.184498818966215,0.8363162279129028,0.13678550720214844
FILM,extreme,227,22.105574026006735,0.8510218262672424,0.1026819497346878
FILM,extreme,228,24.64846400139624,0.9048599600791931,0.04369361698627472
FILM,extreme,229,24.904481340371852,0.8999391198158264,0.044861432164907455
FILM,extreme,230,26.473961143184106,0.9482040405273438,0.029264308512210846
FILM,extreme,231,26.246268627560557,0.9436566829681396,0.03187724947929382
FILM,extreme,232,24.84254135423289,0.8612948656082153,0.050727833062410355
FILM,extreme,233,29.312060241111443,0.954902708530426,0.032832071185112
FILM,extreme,234,28.632547591741236,0.9522556066513062,0.02607964724302292
FILM,extreme,235,31.90779929408822,0.9770478010177612,0.01426421944051981
FILM,extreme,236,32.759999368860406,0.971155047416687,0.014843178912997246
FILM,extreme,237,28.68031503915503,0.9318294525146484,0.02656053751707077
FILM,extreme,238,28.5692853725369,0.9575151801109314,0.022076716646552086
FILM,extreme,239,27.43224948983879,0.9544364809989929,0.033485691994428635
FILM,extreme,240,23.993517001329387,0.9251154661178589,0.09266746044158936
FILM,extreme,241,27.032532724093233,0.9518256187438965,0.06960596144199371
FILM,extreme,242,28.229890071760554,0.9377686381340027,0.05017348751425743
FILM,extreme,243,26.6520208910911,0.9383548498153687,0.07200554013252258
FILM,extreme,244,19.163911003486724,0.9265899658203125,0.13676545023918152
FILM,extreme,245,23.32032067099489,0.9344730973243713,0.08372881263494492
FILM,extreme,246,24.588345215968626,0.921894907951355,0.06856288015842438
FILM,extreme,247,22.535071979046645,0.9378222823143005,0.09236932545900345
FILM,extreme,248,25.737719087322862,0.9385748505592346,0.05228756368160248
FILM,extreme,249,27.210622646599965,0.9451799392700195,0.04844995588064194
FILM,extreme,250,28.64975839599088,0.9136877655982971,0.030211761593818665
FILM,extreme,251,25.858433941691214,0.9130474328994751,0.0409611240029335
FILM,extreme,252,24.066328353887172,0.8823457360267639,0.051001742482185364
FILM,extreme,253,22.546458108510997,0.7847294807434082,0.07811206579208374
FILM,extreme,254,27.03795557819568,0.9289592504501343,0.032607678323984146
FILM,extreme,255,27.425419166139285,0.9281394481658936,0.032830264419317245
FILM,extreme,256,25.518375013288292,0.8547410368919373,0.04270865023136139
FILM,extreme,257,24.73292737644289,0.8419235348701477,0.05889814719557762
FILM,extreme,258,19.4836186664767,0.5059949159622192,0.12738540768623352
FILM,extreme,259,17.85686030401481,0.5058426260948181,0.13298925757408142
FILM,extreme,260,26.519107135371396,0.9210427403450012,0.046710241585969925
FILM,extreme,261,26.69064228957439,0.9342440366744995,0.04147488251328468
FILM,extreme,262,24.371028105137032,0.9080941677093506,0.05298133194446564
FILM,extreme,263,25.37554415475438,0.9148126244544983,0.054853614419698715
FILM,extreme,264,23.721810542751545,0.9084441065788269,0.05847648158669472
FILM,extreme,265,24.813147488066942,0.9157518744468689,0.0539356991648674
FILM,extreme,266,25.656672999489807,0.9228253364562988,0.0416569747030735
FILM,extreme,267,24.71272814713164,0.9117010235786438,0.04830223321914673
FILM,extreme,268,25.976066617008673,0.9303939938545227,0.04655338078737259
FILM,extreme,269,26.112839287630216,0.9332178831100464,0.04123314470052719
FILM,extreme,270,27.100798592777956,0.9273063540458679,0.04510015249252319
FILM,extreme,271,26.906258374746685,0.9241989850997925,0.05598534271121025
FILM,extreme,272,26.581477204146505,0.9191240668296814,0.04332263395190239
FILM,extreme,273,24.896578030407856,0.9149926900863647,0.08897149562835693
FILM,extreme,274,26.906263334391042,0.9304319620132446,0.054547034204006195
FILM,extreme,275,24.81789029054875,0.9082958698272705,0.06815680116415024
FILM,extreme,276,24.03482802374235,0.9129163026809692,0.07312750071287155
FILM,extreme,277,25.75816137458719,0.9279256463050842,0.047064244747161865
FILM,extreme,278,25.404121268448844,0.9127697944641113,0.06301344186067581
FILM,extreme,279,28.486772611872308,0.931928813457489,0.04397960007190704
FILM,extreme,280,18.6750229225044,0.530683696269989,0.25395095348358154
FILM,extreme,281,17.61703702588013,0.5191696286201477,0.2908801734447479
FILM,extreme,282,17.29194810687823,0.47702860832214355,0.3828652501106262
FILM,extreme,283,16.864987925259147,0.47279682755470276,0.35818153619766235
FILM,extreme,284,17.455463896078612,0.5072659254074097,0.27695706486701965
FILM,extreme,285,18.4465898684588,0.5292017459869385,0.2553238570690155
FILM,extreme,286,18.715202096762994,0.5439653396606445,0.20374272763729095
FILM,extreme,287,19.475462687594067,0.5921776294708252,0.17986628413200378
FILM,extreme,288,20.33232508385646,0.5988339781761169,0.16641122102737427
FILM,extreme,289,19.645020402908024,0.5206228494644165,0.16804495453834534
FILM,extreme,290,22.961191161148868,0.7972384691238403,0.11396828293800354
FILM,extreme,291,18.267563002849908,0.6365041732788086,0.14561527967453003
FILM,extreme,292,18.401690284525873,0.6961455345153809,0.17288002371788025
FILM,extreme,293,17.77373743381071,0.7064307332038879,0.15573576092720032
FILM,extreme,294,19.62040372218262,0.8148764967918396,0.11967404931783676
FILM,extreme,295,21.95814340030831,0.8694762587547302,0.08429887890815735
FILM,extreme,296,24.397490806935558,0.9070044159889221,0.07483712583780289
FILM,extreme,297,21.135240116315337,0.8297857642173767,0.10689422488212585
FILM,extreme,298,18.46651986518158,0.755929172039032,0.15692518651485443
FILM,extreme,299,19.481480959135922,0.721035361289978,0.13439175486564636
FILM,extreme,300,30.352061153172983,0.9495936632156372,0.06381088495254517
FILM,extreme,301,30.583848788394068,0.9481989741325378,0.0642794519662857
FILM,extreme,302,29.34960416176544,0.9490804076194763,0.07498117536306381
FILM,extreme,303,28.645817486250834,0.9463841915130615,0.07780158519744873
FILM,extreme,304,28.851282570385216,0.9461324214935303,0.08294090628623962
FILM,extreme,305,29.668030381074544,0.9526071548461914,0.06754937767982483
FILM,extreme,306,30.00565541266071,0.951782763004303,0.07390425354242325
FILM,extreme,307,30.005750587598946,0.9567790627479553,0.06805066764354706
FILM,extreme,308,30.507796979229585,0.9587162733078003,0.06972463428974152
FILM,extreme,309,30.55452149059956,0.9623575806617737,0.06578463315963745
